ISO-10303-21;
HEADER;
/* Generated by software containing ST-Developer
 * from STEP Tools, Inc. (www.steptools.com) 
 */

FILE_DESCRIPTION(
/* description */ (''),
/* implementation_level */ '2;1');

FILE_NAME(
/* name */ 'Case.step',
/* time_stamp */ '2026-06-02T10:01:56+10:00',
/* author */ (''),
/* organization */ (''),
/* preprocessor_version */ 'ST-DEVELOPER v20.1',
/* originating_system */ 'Autodesk Translation Framework v15.8.0.0',
/* authorisation */ '');

FILE_SCHEMA (('AUTOMOTIVE_DESIGN { 1 0 10303 214 3 1 1 }'));
ENDSEC;

DATA;
#10=MECHANICAL_DESIGN_GEOMETRIC_PRESENTATION_REPRESENTATION('',(#13,#14,
#15,#16,#17,#18,#19,#20,#21,#22,#23,#24,#25,#26,#27,#28),#9782);
#11=SHAPE_REPRESENTATION_RELATIONSHIP('SRR','None',#9789,#12);
#12=ADVANCED_BREP_SHAPE_REPRESENTATION('',(#29,#30,#31,#32,#33,#34,#35,
#36,#37,#38,#39,#40,#41,#42,#43,#44),#9781);
#13=STYLED_ITEM('',(#9799),#29);
#14=STYLED_ITEM('',(#9799),#30);
#15=STYLED_ITEM('',(#9800),#31);
#16=STYLED_ITEM('',(#9800),#32);
#17=STYLED_ITEM('',(#9800),#33);
#18=STYLED_ITEM('',(#9800),#34);
#19=STYLED_ITEM('',(#9800),#35);
#20=STYLED_ITEM('',(#9800),#36);
#21=STYLED_ITEM('',(#9800),#37);
#22=STYLED_ITEM('',(#9800),#38);
#23=STYLED_ITEM('',(#9800),#39);
#24=STYLED_ITEM('',(#9800),#40);
#25=STYLED_ITEM('',(#9800),#41);
#26=STYLED_ITEM('',(#9800),#42);
#27=STYLED_ITEM('',(#9800),#43);
#28=STYLED_ITEM('',(#9800),#44);
#29=MANIFOLD_SOLID_BREP('Body9',#5835);
#30=MANIFOLD_SOLID_BREP('Body10',#5836);
#31=MANIFOLD_SOLID_BREP('Body11',#5837);
#32=MANIFOLD_SOLID_BREP('Body12',#5838);
#33=MANIFOLD_SOLID_BREP('Body13',#5839);
#34=MANIFOLD_SOLID_BREP('Body14',#5840);
#35=MANIFOLD_SOLID_BREP('Body15',#5841);
#36=MANIFOLD_SOLID_BREP('Body16',#5842);
#37=MANIFOLD_SOLID_BREP('Body17',#5843);
#38=MANIFOLD_SOLID_BREP('Body18',#5844);
#39=MANIFOLD_SOLID_BREP('Body19',#5845);
#40=MANIFOLD_SOLID_BREP('Body20',#5846);
#41=MANIFOLD_SOLID_BREP('Body21',#5847);
#42=MANIFOLD_SOLID_BREP('Body22',#5848);
#43=MANIFOLD_SOLID_BREP('Body23',#5849);
#44=MANIFOLD_SOLID_BREP('Body24',#5850);
#45=FACE_BOUND('',#773,.T.);
#46=FACE_BOUND('',#774,.T.);
#47=FACE_BOUND('',#775,.T.);
#48=FACE_BOUND('',#776,.T.);
#49=FACE_BOUND('',#777,.T.);
#50=FACE_BOUND('',#778,.T.);
#51=FACE_BOUND('',#779,.T.);
#52=FACE_BOUND('',#790,.T.);
#53=FACE_BOUND('',#791,.T.);
#54=FACE_BOUND('',#792,.T.);
#55=FACE_BOUND('',#793,.T.);
#56=FACE_BOUND('',#794,.T.);
#57=FACE_BOUND('',#795,.T.);
#58=FACE_BOUND('',#796,.T.);
#59=FACE_BOUND('',#811,.T.);
#60=FACE_BOUND('',#909,.T.);
#61=FACE_BOUND('',#910,.T.);
#62=FACE_BOUND('',#911,.T.);
#63=FACE_BOUND('',#912,.T.);
#64=FACE_BOUND('',#913,.T.);
#65=FACE_BOUND('',#914,.T.);
#66=FACE_BOUND('',#915,.T.);
#67=FACE_BOUND('',#925,.T.);
#68=FACE_BOUND('',#926,.T.);
#69=FACE_BOUND('',#927,.T.);
#70=FACE_BOUND('',#928,.T.);
#71=FACE_BOUND('',#929,.T.);
#72=FACE_BOUND('',#930,.T.);
#73=FACE_BOUND('',#931,.T.);
#74=TOROIDAL_SURFACE('',#5926,7.5,0.5);
#75=TOROIDAL_SURFACE('',#5932,1.750000012581,0.5);
#76=TOROIDAL_SURFACE('',#5949,1.750000012581,0.5);
#77=TOROIDAL_SURFACE('',#5955,1.750000012581,0.5);
#78=TOROIDAL_SURFACE('',#5963,1.750000012581,0.5);
#79=TOROIDAL_SURFACE('',#5969,7.5,0.5);
#80=TOROIDAL_SURFACE('',#5983,0.999999995817,0.5);
#81=TOROIDAL_SURFACE('',#5989,0.999999995817,0.5);
#82=TOROIDAL_SURFACE('',#6003,1.750000012581,0.5);
#83=TOROIDAL_SURFACE('',#6009,1.750000012581,0.5);
#84=TOROIDAL_SURFACE('',#6015,6.,2.);
#85=TOROIDAL_SURFACE('',#6022,6.,2.);
#86=TOROIDAL_SURFACE('',#6028,6.,2.);
#87=TOROIDAL_SURFACE('',#6034,6.,2.);
#88=TOROIDAL_SURFACE('',#6145,1.750000012581,0.5);
#89=TOROIDAL_SURFACE('',#6150,1.750000012581,0.5);
#90=TOROIDAL_SURFACE('',#6156,1.750000012581,0.5);
#91=TOROIDAL_SURFACE('',#6161,7.5,0.5);
#92=TOROIDAL_SURFACE('',#6172,7.5,0.5);
#93=TOROIDAL_SURFACE('',#6178,1.750000012581,0.5);
#94=TOROIDAL_SURFACE('',#6192,0.999999995817,0.5);
#95=TOROIDAL_SURFACE('',#6198,0.999999995817,0.5);
#96=TOROIDAL_SURFACE('',#6210,1.750000012581,0.5);
#97=TOROIDAL_SURFACE('',#6215,1.75000001258179,0.5);
#98=TOROIDAL_SURFACE('',#6223,6.,2.);
#99=TOROIDAL_SURFACE('',#6230,6.,2.);
#100=TOROIDAL_SURFACE('',#6236,6.,2.);
#101=TOROIDAL_SURFACE('',#6242,6.,2.);
#102=B_SPLINE_CURVE_WITH_KNOTS('',3,(#8343,#8344,#8345,#8346,#8347),
 .UNSPECIFIED.,.F.,.F.,(4,1,4),(-0.277431182367296,-0.118899078157413,-2.57710296779171E-17),
 .UNSPECIFIED.);
#103=B_SPLINE_CURVE_WITH_KNOTS('',3,(#8348,#8349,#8350,#8351,#8352),
 .UNSPECIFIED.,.F.,.F.,(4,1,4),(2.57710296779171E-17,0.118899078157413,
0.277431182367296),.UNSPECIFIED.);
#104=B_SPLINE_CURVE_WITH_KNOTS('',3,(#8491,#8492,#8493,#8494,#8495),
 .UNSPECIFIED.,.F.,.F.,(4,1,4),(-0.277214162766423,-0.118806069757039,-1.29050721964213E-16),
 .UNSPECIFIED.);
#105=B_SPLINE_CURVE_WITH_KNOTS('',3,(#8496,#8497,#8498,#8499,#8500),
 .UNSPECIFIED.,.F.,.F.,(4,1,4),(1.29050721964213E-16,0.118806069757039,
0.277214162766423),.UNSPECIFIED.);
#106=B_SPLINE_CURVE_WITH_KNOTS('',3,(#8868,#8869,#8870,#8871,#8872),
 .UNSPECIFIED.,.F.,.F.,(4,1,4),(1.49541973273876E-16,0.158534845783508,
0.277435980121139),.UNSPECIFIED.);
#107=B_SPLINE_CURVE_WITH_KNOTS('',3,(#9145,#9146,#9147,#9148,#9149),
 .UNSPECIFIED.,.F.,.F.,(4,1,4),(-0.277435980121139,-0.158534845783508,-1.49541973273876E-16),
 .UNSPECIFIED.);
#108=B_SPLINE_CURVE_WITH_KNOTS('',3,(#9201,#9202,#9203,#9204,#9205),
 .UNSPECIFIED.,.F.,.F.,(4,1,4),(-0.277209437412127,-0.118804044605197,0.),
 .UNSPECIFIED.);
#109=B_SPLINE_CURVE_WITH_KNOTS('',3,(#9206,#9207,#9208,#9209,#9210),
 .UNSPECIFIED.,.F.,.F.,(4,1,4),(0.,0.118804044605197,0.277209437412127),
 .UNSPECIFIED.);
#110=B_SPLINE_SURFACE_WITH_KNOTS('',3,3,((#8310,#8311,#8312,#8313,#8314),
(#8315,#8316,#8317,#8318,#8319),(#8320,#8321,#8322,#8323,#8324),(#8325,
#8326,#8327,#8328,#8329),(#8330,#8331,#8332,#8333,#8334),(#8335,#8336,#8337,
#8338,#8339)),.UNSPECIFIED.,.F.,.F.,.F.,(4,1,1,4),(4,1,4),(0.,0.285714285714286,
0.571428571428571,1.),(2.57710296779171E-17,0.118899078157413,0.277431182367296),
 .UNSPECIFIED.);
#111=B_SPLINE_SURFACE_WITH_KNOTS('',3,3,((#8458,#8459,#8460,#8461,#8462),
(#8463,#8464,#8465,#8466,#8467),(#8468,#8469,#8470,#8471,#8472),(#8473,
#8474,#8475,#8476,#8477),(#8478,#8479,#8480,#8481,#8482),(#8483,#8484,#8485,
#8486,#8487)),.UNSPECIFIED.,.F.,.F.,.F.,(4,1,1,4),(4,1,4),(0.,0.285714285714286,
0.571428571428571,1.),(1.29050721964213E-16,0.118806069757039,0.277214162766423),
 .UNSPECIFIED.);
#112=B_SPLINE_SURFACE_WITH_KNOTS('',3,3,((#9113,#9114,#9115,#9116,#9117),
(#9118,#9119,#9120,#9121,#9122),(#9123,#9124,#9125,#9126,#9127),(#9128,
#9129,#9130,#9131,#9132),(#9133,#9134,#9135,#9136,#9137),(#9138,#9139,#9140,
#9141,#9142)),.UNSPECIFIED.,.F.,.F.,.F.,(4,1,1,4),(4,1,4),(0.,0.285714285714286,
0.571428571428571,1.),(1.49541973273876E-16,0.158534845783508,0.277435980121139),
 .UNSPECIFIED.);
#113=B_SPLINE_SURFACE_WITH_KNOTS('',3,3,((#9168,#9169,#9170,#9171,#9172),
(#9173,#9174,#9175,#9176,#9177),(#9178,#9179,#9180,#9181,#9182),(#9183,
#9184,#9185,#9186,#9187),(#9188,#9189,#9190,#9191,#9192),(#9193,#9194,#9195,
#9196,#9197)),.UNSPECIFIED.,.F.,.F.,.F.,(4,1,1,4),(4,1,4),(0.,0.285714285714286,
0.571428571428571,1.),(0.,0.118804044605197,0.277209437412127),
 .UNSPECIFIED.);
#114=CYLINDRICAL_SURFACE('',#5922,0.5);
#115=CYLINDRICAL_SURFACE('',#5930,0.5);
#116=CYLINDRICAL_SURFACE('',#5936,0.5);
#117=CYLINDRICAL_SURFACE('',#5937,1.250000012581);
#118=CYLINDRICAL_SURFACE('',#5940,1.250000012581);
#119=CYLINDRICAL_SURFACE('',#5947,0.5);
#120=CYLINDRICAL_SURFACE('',#5953,0.5);
#121=CYLINDRICAL_SURFACE('',#5959,0.5);
#122=CYLINDRICAL_SURFACE('',#5961,0.5);
#123=CYLINDRICAL_SURFACE('',#5967,0.5);
#124=CYLINDRICAL_SURFACE('',#5974,0.5);
#125=CYLINDRICAL_SURFACE('',#5975,1.250000012581);
#126=CYLINDRICAL_SURFACE('',#5978,1.250000012581);
#127=CYLINDRICAL_SURFACE('',#5981,0.5);
#128=CYLINDRICAL_SURFACE('',#5987,0.5);
#129=CYLINDRICAL_SURFACE('',#5993,0.5);
#130=CYLINDRICAL_SURFACE('',#5995,0.499999995817);
#131=CYLINDRICAL_SURFACE('',#5998,0.499999995817);
#132=CYLINDRICAL_SURFACE('',#6001,0.5);
#133=CYLINDRICAL_SURFACE('',#6007,0.5);
#134=CYLINDRICAL_SURFACE('',#6013,0.5);
#135=CYLINDRICAL_SURFACE('',#6020,2.);
#136=CYLINDRICAL_SURFACE('',#6026,2.);
#137=CYLINDRICAL_SURFACE('',#6032,2.);
#138=CYLINDRICAL_SURFACE('',#6038,2.);
#139=CYLINDRICAL_SURFACE('',#6040,8.);
#140=CYLINDRICAL_SURFACE('',#6042,8.);
#141=CYLINDRICAL_SURFACE('',#6045,8.);
#142=CYLINDRICAL_SURFACE('',#6046,8.);
#143=CYLINDRICAL_SURFACE('',#6049,1.250000012581);
#144=CYLINDRICAL_SURFACE('',#6052,1.250000012581);
#145=CYLINDRICAL_SURFACE('',#6063,1.250000012581);
#146=CYLINDRICAL_SURFACE('',#6065,1.250000012581);
#147=CYLINDRICAL_SURFACE('',#6082,1.250000012581);
#148=CYLINDRICAL_SURFACE('',#6090,1.250000012581);
#149=CYLINDRICAL_SURFACE('',#6093,1.250000012581);
#150=CYLINDRICAL_SURFACE('',#6100,1.250000012581);
#151=CYLINDRICAL_SURFACE('',#6104,1.250000012581);
#152=CYLINDRICAL_SURFACE('',#6143,0.5);
#153=CYLINDRICAL_SURFACE('',#6148,0.5);
#154=CYLINDRICAL_SURFACE('',#6153,0.5);
#155=CYLINDRICAL_SURFACE('',#6154,0.5);
#156=CYLINDRICAL_SURFACE('',#6159,0.5);
#157=CYLINDRICAL_SURFACE('',#6165,0.5);
#158=CYLINDRICAL_SURFACE('',#6167,8.);
#159=CYLINDRICAL_SURFACE('',#6169,0.5);
#160=CYLINDRICAL_SURFACE('',#6176,0.5);
#161=CYLINDRICAL_SURFACE('',#6182,0.5);
#162=CYLINDRICAL_SURFACE('',#6185,1.250000012581);
#163=CYLINDRICAL_SURFACE('',#6187,1.250000012581);
#164=CYLINDRICAL_SURFACE('',#6189,0.5);
#165=CYLINDRICAL_SURFACE('',#6196,0.5);
#166=CYLINDRICAL_SURFACE('',#6202,0.5);
#167=CYLINDRICAL_SURFACE('',#6208,0.5);
#168=CYLINDRICAL_SURFACE('',#6213,0.5);
#169=CYLINDRICAL_SURFACE('',#6219,0.5);
#170=CYLINDRICAL_SURFACE('',#6221,1.25000001258179);
#171=CYLINDRICAL_SURFACE('',#6228,2.);
#172=CYLINDRICAL_SURFACE('',#6234,2.);
#173=CYLINDRICAL_SURFACE('',#6240,2.);
#174=CYLINDRICAL_SURFACE('',#6245,2.);
#175=CYLINDRICAL_SURFACE('',#6247,8.);
#176=CYLINDRICAL_SURFACE('',#6249,0.499999995817);
#177=CYLINDRICAL_SURFACE('',#6252,0.499999995817);
#178=CYLINDRICAL_SURFACE('',#6255,8.);
#179=CYLINDRICAL_SURFACE('',#6259,8.);
#180=CIRCLE('',#5867,0.5);
#181=CIRCLE('',#5868,0.5);
#182=CIRCLE('',#5873,0.5);
#183=CIRCLE('',#5874,8.);
#184=CIRCLE('',#5875,0.5);
#185=CIRCLE('',#5884,0.5);
#186=CIRCLE('',#5885,8.);
#187=CIRCLE('',#5886,0.5);
#188=CIRCLE('',#5890,0.5);
#189=CIRCLE('',#5891,0.5);
#190=CIRCLE('',#5923,0.5);
#191=CIRCLE('',#5924,0.500000000000003);
#192=CIRCLE('',#5925,0.5);
#193=CIRCLE('',#5927,0.499999999999988);
#194=CIRCLE('',#5928,8.);
#195=CIRCLE('',#5929,7.5);
#196=CIRCLE('',#5931,0.5);
#197=CIRCLE('',#5933,0.5);
#198=CIRCLE('',#5934,1.750000012581);
#199=CIRCLE('',#5935,1.250000012581);
#200=CIRCLE('',#5938,1.250000012581);
#201=CIRCLE('',#5941,1.250000012581);
#202=CIRCLE('',#5944,8.);
#203=CIRCLE('',#5945,8.);
#204=CIRCLE('',#5946,0.5);
#205=CIRCLE('',#5948,0.5);
#206=CIRCLE('',#5950,0.5);
#207=CIRCLE('',#5951,1.750000012581);
#208=CIRCLE('',#5952,1.250000012581);
#209=CIRCLE('',#5954,0.5);
#210=CIRCLE('',#5956,0.499999999999999);
#211=CIRCLE('',#5957,1.750000012581);
#212=CIRCLE('',#5958,1.250000012581);
#213=CIRCLE('',#5962,0.5);
#214=CIRCLE('',#5964,0.499999999999999);
#215=CIRCLE('',#5965,1.750000012581);
#216=CIRCLE('',#5966,1.250000012581);
#217=CIRCLE('',#5968,0.5);
#218=CIRCLE('',#5970,0.499999999999988);
#219=CIRCLE('',#5971,8.);
#220=CIRCLE('',#5972,7.5);
#221=CIRCLE('',#5973,0.499999999999998);
#222=CIRCLE('',#5976,1.250000012581);
#223=CIRCLE('',#5979,1.250000012581);
#224=CIRCLE('',#5982,0.500000000000002);
#225=CIRCLE('',#5984,0.499999999999999);
#226=CIRCLE('',#5985,0.999999995817);
#227=CIRCLE('',#5986,0.499999995817);
#228=CIRCLE('',#5988,0.5);
#229=CIRCLE('',#5990,0.500000000000002);
#230=CIRCLE('',#5991,0.999999995817);
#231=CIRCLE('',#5992,0.499999995817);
#232=CIRCLE('',#5996,0.499999995817);
#233=CIRCLE('',#5999,0.499999995817);
#234=CIRCLE('',#6002,0.499999999999998);
#235=CIRCLE('',#6004,0.499999999999998);
#236=CIRCLE('',#6005,1.250000012581);
#237=CIRCLE('',#6006,1.750000012581);
#238=CIRCLE('',#6008,0.499999999999998);
#239=CIRCLE('',#6010,0.499999999999998);
#240=CIRCLE('',#6011,1.250000012581);
#241=CIRCLE('',#6012,1.750000012581);
#242=CIRCLE('',#6016,2.);
#243=CIRCLE('',#6017,6.);
#244=CIRCLE('',#6018,2.);
#245=CIRCLE('',#6019,8.);
#246=CIRCLE('',#6021,2.);
#247=CIRCLE('',#6023,2.);
#248=CIRCLE('',#6024,8.);
#249=CIRCLE('',#6025,6.);
#250=CIRCLE('',#6027,2.);
#251=CIRCLE('',#6029,2.);
#252=CIRCLE('',#6030,8.);
#253=CIRCLE('',#6031,6.);
#254=CIRCLE('',#6033,2.);
#255=CIRCLE('',#6035,2.);
#256=CIRCLE('',#6036,8.);
#257=CIRCLE('',#6037,6.);
#258=CIRCLE('',#6050,1.250000012581);
#259=CIRCLE('',#6053,1.250000012581);
#260=CIRCLE('',#6060,1.250000012581);
#261=CIRCLE('',#6061,1.250000012581);
#262=CIRCLE('',#6068,1.250000012581);
#263=CIRCLE('',#6069,1.250000012581);
#264=CIRCLE('',#6070,1.250000012581);
#265=CIRCLE('',#6071,1.250000012581);
#266=CIRCLE('',#6073,1.250000012581);
#267=CIRCLE('',#6074,1.25000001258179);
#268=CIRCLE('',#6076,0.499999995817);
#269=CIRCLE('',#6077,0.499999995817);
#270=CIRCLE('',#6078,1.250000012581);
#271=CIRCLE('',#6079,1.250000012581);
#272=CIRCLE('',#6083,1.250000012581);
#273=CIRCLE('',#6086,0.5);
#274=CIRCLE('',#6087,8.);
#275=CIRCLE('',#6088,0.5);
#276=CIRCLE('',#6091,1.250000012581);
#277=CIRCLE('',#6094,1.250000012581);
#278=CIRCLE('',#6097,0.5);
#279=CIRCLE('',#6098,0.5);
#280=CIRCLE('',#6101,1.250000012581);
#281=CIRCLE('',#6103,7.5);
#282=CIRCLE('',#6107,0.5);
#283=CIRCLE('',#6108,8.);
#284=CIRCLE('',#6109,8.);
#285=CIRCLE('',#6110,0.5);
#286=CIRCLE('',#6144,0.5);
#287=CIRCLE('',#6146,0.499999999999211);
#288=CIRCLE('',#6147,1.750000012581);
#289=CIRCLE('',#6149,0.5);
#290=CIRCLE('',#6151,0.5);
#291=CIRCLE('',#6152,1.750000012581);
#292=CIRCLE('',#6155,0.500000000000002);
#293=CIRCLE('',#6157,0.499999999999211);
#294=CIRCLE('',#6158,1.750000012581);
#295=CIRCLE('',#6160,0.5);
#296=CIRCLE('',#6162,0.500000000000013);
#297=CIRCLE('',#6163,8.);
#298=CIRCLE('',#6164,0.5);
#299=CIRCLE('',#6168,8.);
#300=CIRCLE('',#6170,0.500000000000003);
#301=CIRCLE('',#6171,0.5);
#302=CIRCLE('',#6173,0.500000000000013);
#303=CIRCLE('',#6174,8.);
#304=CIRCLE('',#6175,7.5);
#305=CIRCLE('',#6177,0.5);
#306=CIRCLE('',#6179,0.5);
#307=CIRCLE('',#6180,1.750000012581);
#308=CIRCLE('',#6181,1.250000012581);
#309=CIRCLE('',#6183,0.5);
#310=CIRCLE('',#6190,0.5);
#311=CIRCLE('',#6191,0.499999999999999);
#312=CIRCLE('',#6193,0.5);
#313=CIRCLE('',#6194,0.999999995817);
#314=CIRCLE('',#6195,0.499999995817);
#315=CIRCLE('',#6197,0.5);
#316=CIRCLE('',#6199,0.5);
#317=CIRCLE('',#6200,0.999999995817);
#318=CIRCLE('',#6201,0.499999995817);
#319=CIRCLE('',#6203,0.5);
#320=CIRCLE('',#6206,0.5);
#321=CIRCLE('',#6207,8.);
#322=CIRCLE('',#6209,0.499999999999998);
#323=CIRCLE('',#6211,0.499999999999998);
#324=CIRCLE('',#6212,1.750000012581);
#325=CIRCLE('',#6214,0.499999999999998);
#326=CIRCLE('',#6216,0.499999999999998);
#327=CIRCLE('',#6217,1.25000001258179);
#328=CIRCLE('',#6218,1.75000001258179);
#329=CIRCLE('',#6224,2.);
#330=CIRCLE('',#6225,6.);
#331=CIRCLE('',#6226,2.);
#332=CIRCLE('',#6227,8.);
#333=CIRCLE('',#6229,2.);
#334=CIRCLE('',#6231,2.);
#335=CIRCLE('',#6232,8.);
#336=CIRCLE('',#6233,6.);
#337=CIRCLE('',#6235,2.);
#338=CIRCLE('',#6237,2.);
#339=CIRCLE('',#6238,8.);
#340=CIRCLE('',#6239,6.);
#341=CIRCLE('',#6241,2.);
#342=CIRCLE('',#6243,2.);
#343=CIRCLE('',#6244,6.);
#344=FACE_OUTER_BOUND('',#669,.T.);
#345=FACE_OUTER_BOUND('',#670,.T.);
#346=FACE_OUTER_BOUND('',#671,.T.);
#347=FACE_OUTER_BOUND('',#672,.T.);
#348=FACE_OUTER_BOUND('',#673,.T.);
#349=FACE_OUTER_BOUND('',#674,.T.);
#350=FACE_OUTER_BOUND('',#675,.T.);
#351=FACE_OUTER_BOUND('',#676,.T.);
#352=FACE_OUTER_BOUND('',#677,.T.);
#353=FACE_OUTER_BOUND('',#678,.T.);
#354=FACE_OUTER_BOUND('',#679,.T.);
#355=FACE_OUTER_BOUND('',#680,.T.);
#356=FACE_OUTER_BOUND('',#681,.T.);
#357=FACE_OUTER_BOUND('',#682,.T.);
#358=FACE_OUTER_BOUND('',#683,.T.);
#359=FACE_OUTER_BOUND('',#684,.T.);
#360=FACE_OUTER_BOUND('',#685,.T.);
#361=FACE_OUTER_BOUND('',#686,.T.);
#362=FACE_OUTER_BOUND('',#687,.T.);
#363=FACE_OUTER_BOUND('',#688,.T.);
#364=FACE_OUTER_BOUND('',#689,.T.);
#365=FACE_OUTER_BOUND('',#690,.T.);
#366=FACE_OUTER_BOUND('',#691,.T.);
#367=FACE_OUTER_BOUND('',#692,.T.);
#368=FACE_OUTER_BOUND('',#693,.T.);
#369=FACE_OUTER_BOUND('',#694,.T.);
#370=FACE_OUTER_BOUND('',#695,.T.);
#371=FACE_OUTER_BOUND('',#696,.T.);
#372=FACE_OUTER_BOUND('',#697,.T.);
#373=FACE_OUTER_BOUND('',#698,.T.);
#374=FACE_OUTER_BOUND('',#699,.T.);
#375=FACE_OUTER_BOUND('',#700,.T.);
#376=FACE_OUTER_BOUND('',#701,.T.);
#377=FACE_OUTER_BOUND('',#702,.T.);
#378=FACE_OUTER_BOUND('',#703,.T.);
#379=FACE_OUTER_BOUND('',#704,.T.);
#380=FACE_OUTER_BOUND('',#705,.T.);
#381=FACE_OUTER_BOUND('',#706,.T.);
#382=FACE_OUTER_BOUND('',#707,.T.);
#383=FACE_OUTER_BOUND('',#708,.T.);
#384=FACE_OUTER_BOUND('',#709,.T.);
#385=FACE_OUTER_BOUND('',#710,.T.);
#386=FACE_OUTER_BOUND('',#711,.T.);
#387=FACE_OUTER_BOUND('',#712,.T.);
#388=FACE_OUTER_BOUND('',#713,.T.);
#389=FACE_OUTER_BOUND('',#714,.T.);
#390=FACE_OUTER_BOUND('',#715,.T.);
#391=FACE_OUTER_BOUND('',#716,.T.);
#392=FACE_OUTER_BOUND('',#717,.T.);
#393=FACE_OUTER_BOUND('',#718,.T.);
#394=FACE_OUTER_BOUND('',#719,.T.);
#395=FACE_OUTER_BOUND('',#720,.T.);
#396=FACE_OUTER_BOUND('',#721,.T.);
#397=FACE_OUTER_BOUND('',#722,.T.);
#398=FACE_OUTER_BOUND('',#723,.T.);
#399=FACE_OUTER_BOUND('',#724,.T.);
#400=FACE_OUTER_BOUND('',#725,.T.);
#401=FACE_OUTER_BOUND('',#726,.T.);
#402=FACE_OUTER_BOUND('',#727,.T.);
#403=FACE_OUTER_BOUND('',#728,.T.);
#404=FACE_OUTER_BOUND('',#729,.T.);
#405=FACE_OUTER_BOUND('',#730,.T.);
#406=FACE_OUTER_BOUND('',#731,.T.);
#407=FACE_OUTER_BOUND('',#732,.T.);
#408=FACE_OUTER_BOUND('',#733,.T.);
#409=FACE_OUTER_BOUND('',#734,.T.);
#410=FACE_OUTER_BOUND('',#735,.T.);
#411=FACE_OUTER_BOUND('',#736,.T.);
#412=FACE_OUTER_BOUND('',#737,.T.);
#413=FACE_OUTER_BOUND('',#738,.T.);
#414=FACE_OUTER_BOUND('',#739,.T.);
#415=FACE_OUTER_BOUND('',#740,.T.);
#416=FACE_OUTER_BOUND('',#741,.T.);
#417=FACE_OUTER_BOUND('',#742,.T.);
#418=FACE_OUTER_BOUND('',#743,.T.);
#419=FACE_OUTER_BOUND('',#744,.T.);
#420=FACE_OUTER_BOUND('',#745,.T.);
#421=FACE_OUTER_BOUND('',#746,.T.);
#422=FACE_OUTER_BOUND('',#747,.T.);
#423=FACE_OUTER_BOUND('',#748,.T.);
#424=FACE_OUTER_BOUND('',#749,.T.);
#425=FACE_OUTER_BOUND('',#750,.T.);
#426=FACE_OUTER_BOUND('',#751,.T.);
#427=FACE_OUTER_BOUND('',#752,.T.);
#428=FACE_OUTER_BOUND('',#753,.T.);
#429=FACE_OUTER_BOUND('',#754,.T.);
#430=FACE_OUTER_BOUND('',#755,.T.);
#431=FACE_OUTER_BOUND('',#756,.T.);
#432=FACE_OUTER_BOUND('',#757,.T.);
#433=FACE_OUTER_BOUND('',#758,.T.);
#434=FACE_OUTER_BOUND('',#759,.T.);
#435=FACE_OUTER_BOUND('',#760,.T.);
#436=FACE_OUTER_BOUND('',#761,.T.);
#437=FACE_OUTER_BOUND('',#762,.T.);
#438=FACE_OUTER_BOUND('',#763,.T.);
#439=FACE_OUTER_BOUND('',#764,.T.);
#440=FACE_OUTER_BOUND('',#765,.T.);
#441=FACE_OUTER_BOUND('',#766,.T.);
#442=FACE_OUTER_BOUND('',#767,.T.);
#443=FACE_OUTER_BOUND('',#768,.T.);
#444=FACE_OUTER_BOUND('',#769,.T.);
#445=FACE_OUTER_BOUND('',#770,.T.);
#446=FACE_OUTER_BOUND('',#771,.T.);
#447=FACE_OUTER_BOUND('',#772,.T.);
#448=FACE_OUTER_BOUND('',#780,.T.);
#449=FACE_OUTER_BOUND('',#781,.T.);
#450=FACE_OUTER_BOUND('',#782,.T.);
#451=FACE_OUTER_BOUND('',#783,.T.);
#452=FACE_OUTER_BOUND('',#784,.T.);
#453=FACE_OUTER_BOUND('',#785,.T.);
#454=FACE_OUTER_BOUND('',#786,.T.);
#455=FACE_OUTER_BOUND('',#787,.T.);
#456=FACE_OUTER_BOUND('',#788,.T.);
#457=FACE_OUTER_BOUND('',#789,.T.);
#458=FACE_OUTER_BOUND('',#797,.T.);
#459=FACE_OUTER_BOUND('',#798,.T.);
#460=FACE_OUTER_BOUND('',#799,.T.);
#461=FACE_OUTER_BOUND('',#800,.T.);
#462=FACE_OUTER_BOUND('',#801,.T.);
#463=FACE_OUTER_BOUND('',#802,.T.);
#464=FACE_OUTER_BOUND('',#803,.T.);
#465=FACE_OUTER_BOUND('',#804,.T.);
#466=FACE_OUTER_BOUND('',#805,.T.);
#467=FACE_OUTER_BOUND('',#806,.T.);
#468=FACE_OUTER_BOUND('',#807,.T.);
#469=FACE_OUTER_BOUND('',#808,.T.);
#470=FACE_OUTER_BOUND('',#809,.T.);
#471=FACE_OUTER_BOUND('',#810,.T.);
#472=FACE_OUTER_BOUND('',#812,.T.);
#473=FACE_OUTER_BOUND('',#813,.T.);
#474=FACE_OUTER_BOUND('',#814,.T.);
#475=FACE_OUTER_BOUND('',#815,.T.);
#476=FACE_OUTER_BOUND('',#816,.T.);
#477=FACE_OUTER_BOUND('',#817,.T.);
#478=FACE_OUTER_BOUND('',#818,.T.);
#479=FACE_OUTER_BOUND('',#819,.T.);
#480=FACE_OUTER_BOUND('',#820,.T.);
#481=FACE_OUTER_BOUND('',#821,.T.);
#482=FACE_OUTER_BOUND('',#822,.T.);
#483=FACE_OUTER_BOUND('',#823,.T.);
#484=FACE_OUTER_BOUND('',#824,.T.);
#485=FACE_OUTER_BOUND('',#825,.T.);
#486=FACE_OUTER_BOUND('',#826,.T.);
#487=FACE_OUTER_BOUND('',#827,.T.);
#488=FACE_OUTER_BOUND('',#828,.T.);
#489=FACE_OUTER_BOUND('',#829,.T.);
#490=FACE_OUTER_BOUND('',#830,.T.);
#491=FACE_OUTER_BOUND('',#831,.T.);
#492=FACE_OUTER_BOUND('',#832,.T.);
#493=FACE_OUTER_BOUND('',#833,.T.);
#494=FACE_OUTER_BOUND('',#834,.T.);
#495=FACE_OUTER_BOUND('',#835,.T.);
#496=FACE_OUTER_BOUND('',#836,.T.);
#497=FACE_OUTER_BOUND('',#837,.T.);
#498=FACE_OUTER_BOUND('',#838,.T.);
#499=FACE_OUTER_BOUND('',#839,.T.);
#500=FACE_OUTER_BOUND('',#840,.T.);
#501=FACE_OUTER_BOUND('',#841,.T.);
#502=FACE_OUTER_BOUND('',#842,.T.);
#503=FACE_OUTER_BOUND('',#843,.T.);
#504=FACE_OUTER_BOUND('',#844,.T.);
#505=FACE_OUTER_BOUND('',#845,.T.);
#506=FACE_OUTER_BOUND('',#846,.T.);
#507=FACE_OUTER_BOUND('',#847,.T.);
#508=FACE_OUTER_BOUND('',#848,.T.);
#509=FACE_OUTER_BOUND('',#849,.T.);
#510=FACE_OUTER_BOUND('',#850,.T.);
#511=FACE_OUTER_BOUND('',#851,.T.);
#512=FACE_OUTER_BOUND('',#852,.T.);
#513=FACE_OUTER_BOUND('',#853,.T.);
#514=FACE_OUTER_BOUND('',#854,.T.);
#515=FACE_OUTER_BOUND('',#855,.T.);
#516=FACE_OUTER_BOUND('',#856,.T.);
#517=FACE_OUTER_BOUND('',#857,.T.);
#518=FACE_OUTER_BOUND('',#858,.T.);
#519=FACE_OUTER_BOUND('',#859,.T.);
#520=FACE_OUTER_BOUND('',#860,.T.);
#521=FACE_OUTER_BOUND('',#861,.T.);
#522=FACE_OUTER_BOUND('',#862,.T.);
#523=FACE_OUTER_BOUND('',#863,.T.);
#524=FACE_OUTER_BOUND('',#864,.T.);
#525=FACE_OUTER_BOUND('',#865,.T.);
#526=FACE_OUTER_BOUND('',#866,.T.);
#527=FACE_OUTER_BOUND('',#867,.T.);
#528=FACE_OUTER_BOUND('',#868,.T.);
#529=FACE_OUTER_BOUND('',#869,.T.);
#530=FACE_OUTER_BOUND('',#870,.T.);
#531=FACE_OUTER_BOUND('',#871,.T.);
#532=FACE_OUTER_BOUND('',#872,.T.);
#533=FACE_OUTER_BOUND('',#873,.T.);
#534=FACE_OUTER_BOUND('',#874,.T.);
#535=FACE_OUTER_BOUND('',#875,.T.);
#536=FACE_OUTER_BOUND('',#876,.T.);
#537=FACE_OUTER_BOUND('',#877,.T.);
#538=FACE_OUTER_BOUND('',#878,.T.);
#539=FACE_OUTER_BOUND('',#879,.T.);
#540=FACE_OUTER_BOUND('',#880,.T.);
#541=FACE_OUTER_BOUND('',#881,.T.);
#542=FACE_OUTER_BOUND('',#882,.T.);
#543=FACE_OUTER_BOUND('',#883,.T.);
#544=FACE_OUTER_BOUND('',#884,.T.);
#545=FACE_OUTER_BOUND('',#885,.T.);
#546=FACE_OUTER_BOUND('',#886,.T.);
#547=FACE_OUTER_BOUND('',#887,.T.);
#548=FACE_OUTER_BOUND('',#888,.T.);
#549=FACE_OUTER_BOUND('',#889,.T.);
#550=FACE_OUTER_BOUND('',#890,.T.);
#551=FACE_OUTER_BOUND('',#891,.T.);
#552=FACE_OUTER_BOUND('',#892,.T.);
#553=FACE_OUTER_BOUND('',#893,.T.);
#554=FACE_OUTER_BOUND('',#894,.T.);
#555=FACE_OUTER_BOUND('',#895,.T.);
#556=FACE_OUTER_BOUND('',#896,.T.);
#557=FACE_OUTER_BOUND('',#897,.T.);
#558=FACE_OUTER_BOUND('',#898,.T.);
#559=FACE_OUTER_BOUND('',#899,.T.);
#560=FACE_OUTER_BOUND('',#900,.T.);
#561=FACE_OUTER_BOUND('',#901,.T.);
#562=FACE_OUTER_BOUND('',#902,.T.);
#563=FACE_OUTER_BOUND('',#903,.T.);
#564=FACE_OUTER_BOUND('',#904,.T.);
#565=FACE_OUTER_BOUND('',#905,.T.);
#566=FACE_OUTER_BOUND('',#906,.T.);
#567=FACE_OUTER_BOUND('',#907,.T.);
#568=FACE_OUTER_BOUND('',#908,.T.);
#569=FACE_OUTER_BOUND('',#916,.T.);
#570=FACE_OUTER_BOUND('',#917,.T.);
#571=FACE_OUTER_BOUND('',#918,.T.);
#572=FACE_OUTER_BOUND('',#919,.T.);
#573=FACE_OUTER_BOUND('',#920,.T.);
#574=FACE_OUTER_BOUND('',#921,.T.);
#575=FACE_OUTER_BOUND('',#922,.T.);
#576=FACE_OUTER_BOUND('',#923,.T.);
#577=FACE_OUTER_BOUND('',#924,.T.);
#578=FACE_OUTER_BOUND('',#932,.T.);
#579=FACE_OUTER_BOUND('',#933,.T.);
#580=FACE_OUTER_BOUND('',#934,.T.);
#581=FACE_OUTER_BOUND('',#935,.T.);
#582=FACE_OUTER_BOUND('',#936,.T.);
#583=FACE_OUTER_BOUND('',#937,.T.);
#584=FACE_OUTER_BOUND('',#938,.T.);
#585=FACE_OUTER_BOUND('',#939,.T.);
#586=FACE_OUTER_BOUND('',#940,.T.);
#587=FACE_OUTER_BOUND('',#941,.T.);
#588=FACE_OUTER_BOUND('',#942,.T.);
#589=FACE_OUTER_BOUND('',#943,.T.);
#590=FACE_OUTER_BOUND('',#944,.T.);
#591=FACE_OUTER_BOUND('',#945,.T.);
#592=FACE_OUTER_BOUND('',#946,.T.);
#593=FACE_OUTER_BOUND('',#947,.T.);
#594=FACE_OUTER_BOUND('',#948,.T.);
#595=FACE_OUTER_BOUND('',#949,.T.);
#596=FACE_OUTER_BOUND('',#950,.T.);
#597=FACE_OUTER_BOUND('',#951,.T.);
#598=FACE_OUTER_BOUND('',#952,.T.);
#599=FACE_OUTER_BOUND('',#953,.T.);
#600=FACE_OUTER_BOUND('',#954,.T.);
#601=FACE_OUTER_BOUND('',#955,.T.);
#602=FACE_OUTER_BOUND('',#956,.T.);
#603=FACE_OUTER_BOUND('',#957,.T.);
#604=FACE_OUTER_BOUND('',#958,.T.);
#605=FACE_OUTER_BOUND('',#959,.T.);
#606=FACE_OUTER_BOUND('',#960,.T.);
#607=FACE_OUTER_BOUND('',#961,.T.);
#608=FACE_OUTER_BOUND('',#962,.T.);
#609=FACE_OUTER_BOUND('',#963,.T.);
#610=FACE_OUTER_BOUND('',#964,.T.);
#611=FACE_OUTER_BOUND('',#965,.T.);
#612=FACE_OUTER_BOUND('',#966,.T.);
#613=FACE_OUTER_BOUND('',#967,.T.);
#614=FACE_OUTER_BOUND('',#968,.T.);
#615=FACE_OUTER_BOUND('',#969,.T.);
#616=FACE_OUTER_BOUND('',#970,.T.);
#617=FACE_OUTER_BOUND('',#971,.T.);
#618=FACE_OUTER_BOUND('',#972,.T.);
#619=FACE_OUTER_BOUND('',#973,.T.);
#620=FACE_OUTER_BOUND('',#974,.T.);
#621=FACE_OUTER_BOUND('',#975,.T.);
#622=FACE_OUTER_BOUND('',#976,.T.);
#623=FACE_OUTER_BOUND('',#977,.T.);
#624=FACE_OUTER_BOUND('',#978,.T.);
#625=FACE_OUTER_BOUND('',#979,.T.);
#626=FACE_OUTER_BOUND('',#980,.T.);
#627=FACE_OUTER_BOUND('',#981,.T.);
#628=FACE_OUTER_BOUND('',#982,.T.);
#629=FACE_OUTER_BOUND('',#983,.T.);
#630=FACE_OUTER_BOUND('',#984,.T.);
#631=FACE_OUTER_BOUND('',#985,.T.);
#632=FACE_OUTER_BOUND('',#986,.T.);
#633=FACE_OUTER_BOUND('',#987,.T.);
#634=FACE_OUTER_BOUND('',#988,.T.);
#635=FACE_OUTER_BOUND('',#989,.T.);
#636=FACE_OUTER_BOUND('',#990,.T.);
#637=FACE_OUTER_BOUND('',#991,.T.);
#638=FACE_OUTER_BOUND('',#992,.T.);
#639=FACE_OUTER_BOUND('',#993,.T.);
#640=FACE_OUTER_BOUND('',#994,.T.);
#641=FACE_OUTER_BOUND('',#995,.T.);
#642=FACE_OUTER_BOUND('',#996,.T.);
#643=FACE_OUTER_BOUND('',#997,.T.);
#644=FACE_OUTER_BOUND('',#998,.T.);
#645=FACE_OUTER_BOUND('',#999,.T.);
#646=FACE_OUTER_BOUND('',#1000,.T.);
#647=FACE_OUTER_BOUND('',#1001,.T.);
#648=FACE_OUTER_BOUND('',#1002,.T.);
#649=FACE_OUTER_BOUND('',#1003,.T.);
#650=FACE_OUTER_BOUND('',#1004,.T.);
#651=FACE_OUTER_BOUND('',#1005,.T.);
#652=FACE_OUTER_BOUND('',#1006,.T.);
#653=FACE_OUTER_BOUND('',#1007,.T.);
#654=FACE_OUTER_BOUND('',#1008,.T.);
#655=FACE_OUTER_BOUND('',#1009,.T.);
#656=FACE_OUTER_BOUND('',#1010,.T.);
#657=FACE_OUTER_BOUND('',#1011,.T.);
#658=FACE_OUTER_BOUND('',#1012,.T.);
#659=FACE_OUTER_BOUND('',#1013,.T.);
#660=FACE_OUTER_BOUND('',#1014,.T.);
#661=FACE_OUTER_BOUND('',#1015,.T.);
#662=FACE_OUTER_BOUND('',#1016,.T.);
#663=FACE_OUTER_BOUND('',#1017,.T.);
#664=FACE_OUTER_BOUND('',#1018,.T.);
#665=FACE_OUTER_BOUND('',#1019,.T.);
#666=FACE_OUTER_BOUND('',#1020,.T.);
#667=FACE_OUTER_BOUND('',#1021,.T.);
#668=FACE_OUTER_BOUND('',#1022,.T.);
#669=EDGE_LOOP('',(#3651,#3652,#3653,#3654));
#670=EDGE_LOOP('',(#3655,#3656,#3657,#3658));
#671=EDGE_LOOP('',(#3659,#3660,#3661,#3662,#3663,#3664));
#672=EDGE_LOOP('',(#3665,#3666,#3667,#3668));
#673=EDGE_LOOP('',(#3669,#3670,#3671,#3672));
#674=EDGE_LOOP('',(#3673,#3674,#3675,#3676,#3677,#3678));
#675=EDGE_LOOP('',(#3679,#3680,#3681,#3682,#3683,#3684,#3685,#3686,#3687));
#676=EDGE_LOOP('',(#3688,#3689,#3690,#3691));
#677=EDGE_LOOP('',(#3692,#3693,#3694,#3695));
#678=EDGE_LOOP('',(#3696,#3697,#3698,#3699));
#679=EDGE_LOOP('',(#3700,#3701,#3702,#3703,#3704,#3705,#3706,#3707));
#680=EDGE_LOOP('',(#3708,#3709,#3710,#3711));
#681=EDGE_LOOP('',(#3712,#3713,#3714,#3715));
#682=EDGE_LOOP('',(#3716,#3717,#3718,#3719,#3720,#3721));
#683=EDGE_LOOP('',(#3722,#3723,#3724,#3725,#3726,#3727,#3728,#3729,#3730));
#684=EDGE_LOOP('',(#3731,#3732,#3733,#3734));
#685=EDGE_LOOP('',(#3735,#3736,#3737,#3738));
#686=EDGE_LOOP('',(#3739,#3740,#3741,#3742,#3743,#3744));
#687=EDGE_LOOP('',(#3745,#3746,#3747,#3748));
#688=EDGE_LOOP('',(#3749,#3750,#3751,#3752));
#689=EDGE_LOOP('',(#3753,#3754,#3755,#3756));
#690=EDGE_LOOP('',(#3757,#3758,#3759,#3760));
#691=EDGE_LOOP('',(#3761,#3762,#3763,#3764));
#692=EDGE_LOOP('',(#3765,#3766,#3767,#3768));
#693=EDGE_LOOP('',(#3769,#3770,#3771,#3772));
#694=EDGE_LOOP('',(#3773,#3774,#3775,#3776));
#695=EDGE_LOOP('',(#3777,#3778,#3779,#3780));
#696=EDGE_LOOP('',(#3781,#3782,#3783,#3784));
#697=EDGE_LOOP('',(#3785,#3786,#3787,#3788));
#698=EDGE_LOOP('',(#3789,#3790,#3791,#3792));
#699=EDGE_LOOP('',(#3793,#3794,#3795,#3796));
#700=EDGE_LOOP('',(#3797,#3798,#3799,#3800));
#701=EDGE_LOOP('',(#3801,#3802,#3803,#3804));
#702=EDGE_LOOP('',(#3805,#3806,#3807,#3808));
#703=EDGE_LOOP('',(#3809,#3810,#3811,#3812));
#704=EDGE_LOOP('',(#3813,#3814,#3815,#3816));
#705=EDGE_LOOP('',(#3817,#3818,#3819,#3820));
#706=EDGE_LOOP('',(#3821,#3822,#3823,#3824));
#707=EDGE_LOOP('',(#3825,#3826,#3827,#3828));
#708=EDGE_LOOP('',(#3829,#3830,#3831,#3832));
#709=EDGE_LOOP('',(#3833,#3834,#3835,#3836));
#710=EDGE_LOOP('',(#3837,#3838,#3839,#3840));
#711=EDGE_LOOP('',(#3841,#3842,#3843,#3844));
#712=EDGE_LOOP('',(#3845,#3846,#3847,#3848));
#713=EDGE_LOOP('',(#3849,#3850,#3851,#3852));
#714=EDGE_LOOP('',(#3853,#3854,#3855,#3856));
#715=EDGE_LOOP('',(#3857,#3858,#3859,#3860));
#716=EDGE_LOOP('',(#3861,#3862,#3863,#3864));
#717=EDGE_LOOP('',(#3865,#3866,#3867,#3868));
#718=EDGE_LOOP('',(#3869,#3870,#3871,#3872));
#719=EDGE_LOOP('',(#3873,#3874,#3875,#3876));
#720=EDGE_LOOP('',(#3877,#3878,#3879,#3880));
#721=EDGE_LOOP('',(#3881,#3882,#3883,#3884));
#722=EDGE_LOOP('',(#3885,#3886,#3887,#3888));
#723=EDGE_LOOP('',(#3889,#3890,#3891,#3892));
#724=EDGE_LOOP('',(#3893,#3894,#3895,#3896,#3897));
#725=EDGE_LOOP('',(#3898,#3899,#3900,#3901));
#726=EDGE_LOOP('',(#3902,#3903,#3904,#3905,#3906,#3907));
#727=EDGE_LOOP('',(#3908,#3909,#3910,#3911,#3912,#3913,#3914,#3915,#3916,
#3917));
#728=EDGE_LOOP('',(#3918,#3919,#3920,#3921));
#729=EDGE_LOOP('',(#3922,#3923,#3924,#3925));
#730=EDGE_LOOP('',(#3926,#3927,#3928,#3929));
#731=EDGE_LOOP('',(#3930,#3931,#3932,#3933));
#732=EDGE_LOOP('',(#3934,#3935,#3936,#3937));
#733=EDGE_LOOP('',(#3938,#3939,#3940,#3941,#3942,#3943,#3944,#3945,#3946,
#3947,#3948,#3949,#3950));
#734=EDGE_LOOP('',(#3951,#3952,#3953,#3954));
#735=EDGE_LOOP('',(#3955,#3956,#3957,#3958));
#736=EDGE_LOOP('',(#3959,#3960,#3961,#3962));
#737=EDGE_LOOP('',(#3963,#3964,#3965,#3966));
#738=EDGE_LOOP('',(#3967,#3968,#3969,#3970));
#739=EDGE_LOOP('',(#3971,#3972,#3973,#3974));
#740=EDGE_LOOP('',(#3975,#3976,#3977,#3978));
#741=EDGE_LOOP('',(#3979,#3980,#3981,#3982,#3983));
#742=EDGE_LOOP('',(#3984,#3985,#3986,#3987));
#743=EDGE_LOOP('',(#3988,#3989,#3990,#3991,#3992,#3993));
#744=EDGE_LOOP('',(#3994,#3995,#3996,#3997));
#745=EDGE_LOOP('',(#3998,#3999,#4000,#4001));
#746=EDGE_LOOP('',(#4002,#4003,#4004,#4005));
#747=EDGE_LOOP('',(#4006,#4007,#4008,#4009));
#748=EDGE_LOOP('',(#4010,#4011,#4012,#4013));
#749=EDGE_LOOP('',(#4014,#4015,#4016,#4017,#4018,#4019));
#750=EDGE_LOOP('',(#4020,#4021,#4022,#4023));
#751=EDGE_LOOP('',(#4024,#4025,#4026,#4027));
#752=EDGE_LOOP('',(#4028,#4029,#4030,#4031));
#753=EDGE_LOOP('',(#4032,#4033,#4034,#4035,#4036,#4037));
#754=EDGE_LOOP('',(#4038,#4039,#4040,#4041));
#755=EDGE_LOOP('',(#4042,#4043,#4044,#4045));
#756=EDGE_LOOP('',(#4046,#4047,#4048,#4049));
#757=EDGE_LOOP('',(#4050,#4051,#4052,#4053));
#758=EDGE_LOOP('',(#4054,#4055,#4056,#4057));
#759=EDGE_LOOP('',(#4058,#4059,#4060,#4061,#4062,#4063,#4064,#4065,#4066,
#4067));
#760=EDGE_LOOP('',(#4068,#4069,#4070,#4071));
#761=EDGE_LOOP('',(#4072,#4073,#4074,#4075));
#762=EDGE_LOOP('',(#4076,#4077,#4078,#4079));
#763=EDGE_LOOP('',(#4080,#4081,#4082,#4083));
#764=EDGE_LOOP('',(#4084,#4085,#4086,#4087));
#765=EDGE_LOOP('',(#4088,#4089,#4090,#4091));
#766=EDGE_LOOP('',(#4092,#4093,#4094,#4095));
#767=EDGE_LOOP('',(#4096,#4097,#4098,#4099));
#768=EDGE_LOOP('',(#4100,#4101,#4102,#4103));
#769=EDGE_LOOP('',(#4104,#4105,#4106,#4107,#4108,#4109,#4110));
#770=EDGE_LOOP('',(#4111,#4112,#4113,#4114,#4115,#4116,#4117,#4118,#4119,
#4120,#4121,#4122,#4123));
#771=EDGE_LOOP('',(#4124,#4125,#4126,#4127));
#772=EDGE_LOOP('',(#4128,#4129,#4130,#4131,#4132,#4133,#4134,#4135));
#773=EDGE_LOOP('',(#4136,#4137,#4138,#4139));
#774=EDGE_LOOP('',(#4140,#4141,#4142,#4143));
#775=EDGE_LOOP('',(#4144,#4145,#4146,#4147));
#776=EDGE_LOOP('',(#4148,#4149,#4150,#4151));
#777=EDGE_LOOP('',(#4152,#4153,#4154,#4155,#4156,#4157));
#778=EDGE_LOOP('',(#4158,#4159,#4160,#4161));
#779=EDGE_LOOP('',(#4162,#4163,#4164,#4165));
#780=EDGE_LOOP('',(#4166,#4167,#4168,#4169,#4170,#4171));
#781=EDGE_LOOP('',(#4172,#4173,#4174,#4175,#4176,#4177,#4178));
#782=EDGE_LOOP('',(#4179,#4180,#4181,#4182));
#783=EDGE_LOOP('',(#4183,#4184,#4185,#4186,#4187,#4188));
#784=EDGE_LOOP('',(#4189,#4190,#4191,#4192,#4193,#4194));
#785=EDGE_LOOP('',(#4195,#4196,#4197,#4198));
#786=EDGE_LOOP('',(#4199,#4200,#4201,#4202));
#787=EDGE_LOOP('',(#4203,#4204,#4205,#4206));
#788=EDGE_LOOP('',(#4207,#4208,#4209,#4210,#4211,#4212,#4213,#4214,#4215,
#4216));
#789=EDGE_LOOP('',(#4217,#4218,#4219,#4220));
#790=EDGE_LOOP('',(#4221,#4222,#4223,#4224));
#791=EDGE_LOOP('',(#4225,#4226,#4227,#4228));
#792=EDGE_LOOP('',(#4229,#4230,#4231,#4232));
#793=EDGE_LOOP('',(#4233,#4234,#4235,#4236));
#794=EDGE_LOOP('',(#4237,#4238,#4239,#4240,#4241,#4242));
#795=EDGE_LOOP('',(#4243,#4244,#4245,#4246));
#796=EDGE_LOOP('',(#4247,#4248,#4249,#4250));
#797=EDGE_LOOP('',(#4251,#4252,#4253,#4254));
#798=EDGE_LOOP('',(#4255,#4256,#4257,#4258,#4259,#4260,#4261,#4262,#4263,
#4264,#4265,#4266,#4267,#4268,#4269,#4270));
#799=EDGE_LOOP('',(#4271,#4272,#4273,#4274,#4275,#4276));
#800=EDGE_LOOP('',(#4277,#4278,#4279,#4280,#4281,#4282,#4283,#4284,#4285,
#4286,#4287,#4288,#4289,#4290,#4291,#4292));
#801=EDGE_LOOP('',(#4293,#4294,#4295,#4296));
#802=EDGE_LOOP('',(#4297,#4298,#4299,#4300));
#803=EDGE_LOOP('',(#4301,#4302,#4303,#4304,#4305,#4306));
#804=EDGE_LOOP('',(#4307,#4308,#4309,#4310));
#805=EDGE_LOOP('',(#4311,#4312,#4313,#4314,#4315,#4316));
#806=EDGE_LOOP('',(#4317,#4318,#4319,#4320,#4321,#4322,#4323,#4324,#4325,
#4326,#4327,#4328,#4329,#4330,#4331,#4332));
#807=EDGE_LOOP('',(#4333,#4334,#4335,#4336,#4337,#4338,#4339,#4340,#4341,
#4342));
#808=EDGE_LOOP('',(#4343,#4344,#4345,#4346,#4347,#4348,#4349,#4350,#4351,
#4352,#4353,#4354,#4355,#4356,#4357,#4358));
#809=EDGE_LOOP('',(#4359,#4360,#4361,#4362));
#810=EDGE_LOOP('',(#4363,#4364,#4365,#4366));
#811=EDGE_LOOP('',(#4367,#4368,#4369,#4370));
#812=EDGE_LOOP('',(#4371,#4372,#4373,#4374));
#813=EDGE_LOOP('',(#4375,#4376,#4377,#4378));
#814=EDGE_LOOP('',(#4379,#4380,#4381,#4382,#4383,#4384,#4385,#4386,#4387));
#815=EDGE_LOOP('',(#4388,#4389,#4390,#4391));
#816=EDGE_LOOP('',(#4392,#4393,#4394,#4395));
#817=EDGE_LOOP('',(#4396,#4397,#4398,#4399));
#818=EDGE_LOOP('',(#4400,#4401,#4402,#4403));
#819=EDGE_LOOP('',(#4404,#4405,#4406,#4407));
#820=EDGE_LOOP('',(#4408,#4409,#4410,#4411,#4412,#4413));
#821=EDGE_LOOP('',(#4414,#4415,#4416,#4417));
#822=EDGE_LOOP('',(#4418,#4419,#4420,#4421));
#823=EDGE_LOOP('',(#4422,#4423,#4424,#4425,#4426));
#824=EDGE_LOOP('',(#4427,#4428,#4429,#4430));
#825=EDGE_LOOP('',(#4431,#4432,#4433,#4434));
#826=EDGE_LOOP('',(#4435,#4436,#4437,#4438,#4439,#4440,#4441,#4442,#4443,
#4444));
#827=EDGE_LOOP('',(#4445,#4446,#4447,#4448));
#828=EDGE_LOOP('',(#4449,#4450,#4451,#4452));
#829=EDGE_LOOP('',(#4453,#4454,#4455,#4456));
#830=EDGE_LOOP('',(#4457,#4458,#4459,#4460));
#831=EDGE_LOOP('',(#4461,#4462,#4463,#4464));
#832=EDGE_LOOP('',(#4465,#4466,#4467,#4468));
#833=EDGE_LOOP('',(#4469,#4470,#4471,#4472));
#834=EDGE_LOOP('',(#4473,#4474,#4475,#4476));
#835=EDGE_LOOP('',(#4477,#4478,#4479,#4480));
#836=EDGE_LOOP('',(#4481,#4482,#4483,#4484));
#837=EDGE_LOOP('',(#4485,#4486,#4487,#4488));
#838=EDGE_LOOP('',(#4489,#4490,#4491,#4492));
#839=EDGE_LOOP('',(#4493,#4494,#4495,#4496));
#840=EDGE_LOOP('',(#4497,#4498,#4499,#4500));
#841=EDGE_LOOP('',(#4501,#4502,#4503,#4504));
#842=EDGE_LOOP('',(#4505,#4506,#4507,#4508));
#843=EDGE_LOOP('',(#4509,#4510,#4511,#4512));
#844=EDGE_LOOP('',(#4513,#4514,#4515,#4516));
#845=EDGE_LOOP('',(#4517,#4518,#4519,#4520));
#846=EDGE_LOOP('',(#4521,#4522,#4523,#4524));
#847=EDGE_LOOP('',(#4525,#4526,#4527,#4528));
#848=EDGE_LOOP('',(#4529,#4530,#4531,#4532));
#849=EDGE_LOOP('',(#4533,#4534,#4535,#4536));
#850=EDGE_LOOP('',(#4537,#4538,#4539,#4540));
#851=EDGE_LOOP('',(#4541,#4542,#4543,#4544));
#852=EDGE_LOOP('',(#4545,#4546,#4547,#4548));
#853=EDGE_LOOP('',(#4549,#4550,#4551,#4552));
#854=EDGE_LOOP('',(#4553,#4554,#4555,#4556));
#855=EDGE_LOOP('',(#4557,#4558,#4559,#4560));
#856=EDGE_LOOP('',(#4561,#4562,#4563,#4564));
#857=EDGE_LOOP('',(#4565,#4566,#4567,#4568));
#858=EDGE_LOOP('',(#4569,#4570,#4571,#4572));
#859=EDGE_LOOP('',(#4573,#4574,#4575,#4576));
#860=EDGE_LOOP('',(#4577,#4578,#4579,#4580));
#861=EDGE_LOOP('',(#4581,#4582,#4583,#4584));
#862=EDGE_LOOP('',(#4585,#4586,#4587,#4588));
#863=EDGE_LOOP('',(#4589,#4590,#4591,#4592));
#864=EDGE_LOOP('',(#4593,#4594,#4595,#4596));
#865=EDGE_LOOP('',(#4597,#4598,#4599,#4600));
#866=EDGE_LOOP('',(#4601,#4602,#4603,#4604));
#867=EDGE_LOOP('',(#4605,#4606,#4607,#4608));
#868=EDGE_LOOP('',(#4609,#4610,#4611,#4612));
#869=EDGE_LOOP('',(#4613,#4614,#4615,#4616));
#870=EDGE_LOOP('',(#4617,#4618,#4619,#4620,#4621,#4622,#4623,#4624,#4625,
#4626,#4627,#4628,#4629));
#871=EDGE_LOOP('',(#4630,#4631,#4632,#4633,#4634,#4635,#4636));
#872=EDGE_LOOP('',(#4637,#4638,#4639,#4640));
#873=EDGE_LOOP('',(#4641,#4642,#4643,#4644));
#874=EDGE_LOOP('',(#4645,#4646,#4647,#4648));
#875=EDGE_LOOP('',(#4649,#4650,#4651,#4652));
#876=EDGE_LOOP('',(#4653,#4654,#4655,#4656));
#877=EDGE_LOOP('',(#4657,#4658,#4659,#4660));
#878=EDGE_LOOP('',(#4661,#4662,#4663,#4664));
#879=EDGE_LOOP('',(#4665,#4666,#4667,#4668));
#880=EDGE_LOOP('',(#4669,#4670,#4671,#4672,#4673));
#881=EDGE_LOOP('',(#4674,#4675,#4676,#4677));
#882=EDGE_LOOP('',(#4678,#4679,#4680,#4681));
#883=EDGE_LOOP('',(#4682,#4683,#4684,#4685));
#884=EDGE_LOOP('',(#4686,#4687,#4688,#4689));
#885=EDGE_LOOP('',(#4690,#4691,#4692,#4693));
#886=EDGE_LOOP('',(#4694,#4695,#4696,#4697));
#887=EDGE_LOOP('',(#4698,#4699,#4700,#4701));
#888=EDGE_LOOP('',(#4702,#4703,#4704,#4705,#4706,#4707,#4708,#4709,#4710,
#4711,#4712,#4713,#4714));
#889=EDGE_LOOP('',(#4715,#4716,#4717,#4718,#4719,#4720,#4721,#4722,#4723));
#890=EDGE_LOOP('',(#4724,#4725,#4726,#4727));
#891=EDGE_LOOP('',(#4728,#4729,#4730,#4731));
#892=EDGE_LOOP('',(#4732,#4733,#4734,#4735));
#893=EDGE_LOOP('',(#4736,#4737,#4738,#4739));
#894=EDGE_LOOP('',(#4740,#4741,#4742,#4743));
#895=EDGE_LOOP('',(#4744,#4745,#4746,#4747));
#896=EDGE_LOOP('',(#4748,#4749,#4750,#4751));
#897=EDGE_LOOP('',(#4752,#4753,#4754,#4755));
#898=EDGE_LOOP('',(#4756,#4757,#4758,#4759));
#899=EDGE_LOOP('',(#4760,#4761,#4762,#4763));
#900=EDGE_LOOP('',(#4764,#4765,#4766,#4767));
#901=EDGE_LOOP('',(#4768,#4769,#4770,#4771));
#902=EDGE_LOOP('',(#4772,#4773,#4774,#4775));
#903=EDGE_LOOP('',(#4776,#4777,#4778,#4779));
#904=EDGE_LOOP('',(#4780,#4781,#4782,#4783));
#905=EDGE_LOOP('',(#4784,#4785,#4786,#4787));
#906=EDGE_LOOP('',(#4788,#4789,#4790,#4791));
#907=EDGE_LOOP('',(#4792,#4793,#4794,#4795));
#908=EDGE_LOOP('',(#4796,#4797,#4798,#4799,#4800,#4801,#4802,#4803));
#909=EDGE_LOOP('',(#4804,#4805,#4806,#4807));
#910=EDGE_LOOP('',(#4808,#4809,#4810,#4811));
#911=EDGE_LOOP('',(#4812,#4813,#4814,#4815));
#912=EDGE_LOOP('',(#4816,#4817,#4818,#4819));
#913=EDGE_LOOP('',(#4820,#4821,#4822,#4823));
#914=EDGE_LOOP('',(#4824,#4825,#4826,#4827,#4828,#4829));
#915=EDGE_LOOP('',(#4830,#4831,#4832,#4833));
#916=EDGE_LOOP('',(#4834,#4835,#4836,#4837));
#917=EDGE_LOOP('',(#4838,#4839,#4840,#4841));
#918=EDGE_LOOP('',(#4842,#4843,#4844,#4845));
#919=EDGE_LOOP('',(#4846,#4847,#4848,#4849));
#920=EDGE_LOOP('',(#4850,#4851,#4852,#4853));
#921=EDGE_LOOP('',(#4854,#4855,#4856,#4857,#4858,#4859,#4860,#4861,#4862,
#4863));
#922=EDGE_LOOP('',(#4864,#4865,#4866,#4867));
#923=EDGE_LOOP('',(#4868,#4869,#4870,#4871));
#924=EDGE_LOOP('',(#4872,#4873,#4874,#4875));
#925=EDGE_LOOP('',(#4876,#4877,#4878,#4879));
#926=EDGE_LOOP('',(#4880,#4881,#4882,#4883));
#927=EDGE_LOOP('',(#4884,#4885,#4886,#4887));
#928=EDGE_LOOP('',(#4888,#4889,#4890,#4891));
#929=EDGE_LOOP('',(#4892,#4893,#4894,#4895));
#930=EDGE_LOOP('',(#4896,#4897,#4898,#4899,#4900,#4901));
#931=EDGE_LOOP('',(#4902,#4903,#4904,#4905));
#932=EDGE_LOOP('',(#4906,#4907,#4908,#4909,#4910,#4911));
#933=EDGE_LOOP('',(#4912,#4913,#4914,#4915,#4916,#4917,#4918));
#934=EDGE_LOOP('',(#4919,#4920,#4921,#4922));
#935=EDGE_LOOP('',(#4923,#4924,#4925,#4926));
#936=EDGE_LOOP('',(#4927,#4928,#4929,#4930));
#937=EDGE_LOOP('',(#4931,#4932,#4933,#4934));
#938=EDGE_LOOP('',(#4935,#4936,#4937,#4938));
#939=EDGE_LOOP('',(#4939,#4940,#4941,#4942));
#940=EDGE_LOOP('',(#4943,#4944,#4945,#4946));
#941=EDGE_LOOP('',(#4947,#4948,#4949,#4950));
#942=EDGE_LOOP('',(#4951,#4952,#4953,#4954));
#943=EDGE_LOOP('',(#4955,#4956,#4957,#4958));
#944=EDGE_LOOP('',(#4959,#4960,#4961,#4962));
#945=EDGE_LOOP('',(#4963,#4964,#4965,#4966));
#946=EDGE_LOOP('',(#4967,#4968,#4969,#4970));
#947=EDGE_LOOP('',(#4971,#4972,#4973,#4974));
#948=EDGE_LOOP('',(#4975,#4976,#4977,#4978));
#949=EDGE_LOOP('',(#4979,#4980,#4981,#4982));
#950=EDGE_LOOP('',(#4983,#4984,#4985,#4986));
#951=EDGE_LOOP('',(#4987,#4988,#4989,#4990));
#952=EDGE_LOOP('',(#4991,#4992,#4993,#4994));
#953=EDGE_LOOP('',(#4995,#4996,#4997,#4998,#4999,#5000));
#954=EDGE_LOOP('',(#5001,#5002,#5003,#5004,#5005,#5006));
#955=EDGE_LOOP('',(#5007,#5008,#5009,#5010));
#956=EDGE_LOOP('',(#5011,#5012,#5013,#5014));
#957=EDGE_LOOP('',(#5015,#5016,#5017,#5018));
#958=EDGE_LOOP('',(#5019,#5020,#5021,#5022));
#959=EDGE_LOOP('',(#5023,#5024,#5025,#5026));
#960=EDGE_LOOP('',(#5027,#5028,#5029,#5030));
#961=EDGE_LOOP('',(#5031,#5032,#5033,#5034));
#962=EDGE_LOOP('',(#5035,#5036,#5037,#5038));
#963=EDGE_LOOP('',(#5039,#5040,#5041,#5042));
#964=EDGE_LOOP('',(#5043,#5044,#5045,#5046));
#965=EDGE_LOOP('',(#5047,#5048,#5049,#5050));
#966=EDGE_LOOP('',(#5051,#5052,#5053,#5054));
#967=EDGE_LOOP('',(#5055,#5056,#5057,#5058));
#968=EDGE_LOOP('',(#5059,#5060,#5061,#5062));
#969=EDGE_LOOP('',(#5063,#5064,#5065,#5066));
#970=EDGE_LOOP('',(#5067,#5068,#5069,#5070));
#971=EDGE_LOOP('',(#5071,#5072,#5073,#5074));
#972=EDGE_LOOP('',(#5075,#5076,#5077,#5078));
#973=EDGE_LOOP('',(#5079,#5080,#5081,#5082));
#974=EDGE_LOOP('',(#5083,#5084,#5085,#5086));
#975=EDGE_LOOP('',(#5087,#5088,#5089,#5090));
#976=EDGE_LOOP('',(#5091,#5092,#5093,#5094));
#977=EDGE_LOOP('',(#5095,#5096,#5097,#5098));
#978=EDGE_LOOP('',(#5099,#5100,#5101,#5102));
#979=EDGE_LOOP('',(#5103,#5104,#5105,#5106));
#980=EDGE_LOOP('',(#5107,#5108,#5109,#5110));
#981=EDGE_LOOP('',(#5111,#5112,#5113,#5114));
#982=EDGE_LOOP('',(#5115,#5116,#5117,#5118));
#983=EDGE_LOOP('',(#5119,#5120,#5121,#5122));
#984=EDGE_LOOP('',(#5123,#5124,#5125,#5126));
#985=EDGE_LOOP('',(#5127,#5128,#5129,#5130));
#986=EDGE_LOOP('',(#5131,#5132,#5133,#5134));
#987=EDGE_LOOP('',(#5135,#5136,#5137,#5138));
#988=EDGE_LOOP('',(#5139,#5140,#5141,#5142));
#989=EDGE_LOOP('',(#5143,#5144,#5145,#5146));
#990=EDGE_LOOP('',(#5147,#5148,#5149,#5150));
#991=EDGE_LOOP('',(#5151,#5152,#5153,#5154));
#992=EDGE_LOOP('',(#5155,#5156,#5157,#5158));
#993=EDGE_LOOP('',(#5159,#5160,#5161,#5162));
#994=EDGE_LOOP('',(#5163,#5164,#5165,#5166));
#995=EDGE_LOOP('',(#5167,#5168,#5169,#5170));
#996=EDGE_LOOP('',(#5171,#5172,#5173,#5174));
#997=EDGE_LOOP('',(#5175,#5176,#5177,#5178));
#998=EDGE_LOOP('',(#5179,#5180,#5181,#5182));
#999=EDGE_LOOP('',(#5183,#5184,#5185,#5186));
#1000=EDGE_LOOP('',(#5187,#5188,#5189,#5190));
#1001=EDGE_LOOP('',(#5191,#5192,#5193,#5194));
#1002=EDGE_LOOP('',(#5195,#5196,#5197,#5198));
#1003=EDGE_LOOP('',(#5199,#5200,#5201,#5202,#5203,#5204));
#1004=EDGE_LOOP('',(#5205,#5206,#5207,#5208));
#1005=EDGE_LOOP('',(#5209,#5210,#5211,#5212));
#1006=EDGE_LOOP('',(#5213,#5214,#5215,#5216));
#1007=EDGE_LOOP('',(#5217,#5218,#5219,#5220));
#1008=EDGE_LOOP('',(#5221,#5222,#5223,#5224));
#1009=EDGE_LOOP('',(#5225,#5226,#5227,#5228));
#1010=EDGE_LOOP('',(#5229,#5230,#5231,#5232,#5233,#5234));
#1011=EDGE_LOOP('',(#5235,#5236,#5237,#5238));
#1012=EDGE_LOOP('',(#5239,#5240,#5241,#5242));
#1013=EDGE_LOOP('',(#5243,#5244,#5245,#5246));
#1014=EDGE_LOOP('',(#5247,#5248,#5249,#5250));
#1015=EDGE_LOOP('',(#5251,#5252,#5253,#5254));
#1016=EDGE_LOOP('',(#5255,#5256,#5257,#5258));
#1017=EDGE_LOOP('',(#5259,#5260,#5261,#5262));
#1018=EDGE_LOOP('',(#5263,#5264,#5265,#5266));
#1019=EDGE_LOOP('',(#5267,#5268,#5269,#5270));
#1020=EDGE_LOOP('',(#5271,#5272,#5273,#5274));
#1021=EDGE_LOOP('',(#5275,#5276,#5277,#5278));
#1022=EDGE_LOOP('',(#5279,#5280,#5281,#5282));
#1023=LINE('',#7969,#1667);
#1024=LINE('',#7971,#1668);
#1025=LINE('',#7973,#1669);
#1026=LINE('',#7974,#1670);
#1027=LINE('',#7977,#1671);
#1028=LINE('',#7979,#1672);
#1029=LINE('',#7980,#1673);
#1030=LINE('',#7983,#1674);
#1031=LINE('',#7987,#1675);
#1032=LINE('',#7990,#1676);
#1033=LINE('',#7994,#1677);
#1034=LINE('',#7996,#1678);
#1035=LINE('',#7998,#1679);
#1036=LINE('',#7999,#1680);
#1037=LINE('',#8002,#1681);
#1038=LINE('',#8004,#1682);
#1039=LINE('',#8005,#1683);
#1040=LINE('',#8008,#1684);
#1041=LINE('',#8010,#1685);
#1042=LINE('',#8012,#1686);
#1043=LINE('',#8013,#1687);
#1044=LINE('',#8016,#1688);
#1045=LINE('',#8020,#1689);
#1046=LINE('',#8024,#1690);
#1047=LINE('',#8027,#1691);
#1048=LINE('',#8031,#1692);
#1049=LINE('',#8033,#1693);
#1050=LINE('',#8035,#1694);
#1051=LINE('',#8036,#1695);
#1052=LINE('',#8039,#1696);
#1053=LINE('',#8041,#1697);
#1054=LINE('',#8042,#1698);
#1055=LINE('',#8045,#1699);
#1056=LINE('',#8047,#1700);
#1057=LINE('',#8048,#1701);
#1058=LINE('',#8051,#1702);
#1059=LINE('',#8053,#1703);
#1060=LINE('',#8055,#1704);
#1061=LINE('',#8057,#1705);
#1062=LINE('',#8058,#1706);
#1063=LINE('',#8062,#1707);
#1064=LINE('',#8064,#1708);
#1065=LINE('',#8066,#1709);
#1066=LINE('',#8067,#1710);
#1067=LINE('',#8070,#1711);
#1068=LINE('',#8072,#1712);
#1069=LINE('',#8073,#1713);
#1070=LINE('',#8076,#1714);
#1071=LINE('',#8078,#1715);
#1072=LINE('',#8080,#1716);
#1073=LINE('',#8081,#1717);
#1074=LINE('',#8084,#1718);
#1075=LINE('',#8088,#1719);
#1076=LINE('',#8092,#1720);
#1077=LINE('',#8095,#1721);
#1078=LINE('',#8099,#1722);
#1079=LINE('',#8101,#1723);
#1080=LINE('',#8103,#1724);
#1081=LINE('',#8104,#1725);
#1082=LINE('',#8107,#1726);
#1083=LINE('',#8109,#1727);
#1084=LINE('',#8110,#1728);
#1085=LINE('',#8113,#1729);
#1086=LINE('',#8117,#1730);
#1087=LINE('',#8120,#1731);
#1088=LINE('',#8124,#1732);
#1089=LINE('',#8126,#1733);
#1090=LINE('',#8128,#1734);
#1091=LINE('',#8129,#1735);
#1092=LINE('',#8132,#1736);
#1093=LINE('',#8134,#1737);
#1094=LINE('',#8135,#1738);
#1095=LINE('',#8138,#1739);
#1096=LINE('',#8140,#1740);
#1097=LINE('',#8141,#1741);
#1098=LINE('',#8143,#1742);
#1099=LINE('',#8144,#1743);
#1100=LINE('',#8148,#1744);
#1101=LINE('',#8150,#1745);
#1102=LINE('',#8152,#1746);
#1103=LINE('',#8153,#1747);
#1104=LINE('',#8156,#1748);
#1105=LINE('',#8158,#1749);
#1106=LINE('',#8159,#1750);
#1107=LINE('',#8162,#1751);
#1108=LINE('',#8164,#1752);
#1109=LINE('',#8165,#1753);
#1110=LINE('',#8167,#1754);
#1111=LINE('',#8168,#1755);
#1112=LINE('',#8172,#1756);
#1113=LINE('',#8174,#1757);
#1114=LINE('',#8176,#1758);
#1115=LINE('',#8177,#1759);
#1116=LINE('',#8180,#1760);
#1117=LINE('',#8182,#1761);
#1118=LINE('',#8183,#1762);
#1119=LINE('',#8186,#1763);
#1120=LINE('',#8188,#1764);
#1121=LINE('',#8189,#1765);
#1122=LINE('',#8192,#1766);
#1123=LINE('',#8194,#1767);
#1124=LINE('',#8195,#1768);
#1125=LINE('',#8198,#1769);
#1126=LINE('',#8200,#1770);
#1127=LINE('',#8201,#1771);
#1128=LINE('',#8203,#1772);
#1129=LINE('',#8204,#1773);
#1130=LINE('',#8208,#1774);
#1131=LINE('',#8210,#1775);
#1132=LINE('',#8212,#1776);
#1133=LINE('',#8213,#1777);
#1134=LINE('',#8216,#1778);
#1135=LINE('',#8218,#1779);
#1136=LINE('',#8219,#1780);
#1137=LINE('',#8222,#1781);
#1138=LINE('',#8224,#1782);
#1139=LINE('',#8225,#1783);
#1140=LINE('',#8227,#1784);
#1141=LINE('',#8228,#1785);
#1142=LINE('',#8232,#1786);
#1143=LINE('',#8234,#1787);
#1144=LINE('',#8236,#1788);
#1145=LINE('',#8237,#1789);
#1146=LINE('',#8240,#1790);
#1147=LINE('',#8242,#1791);
#1148=LINE('',#8243,#1792);
#1149=LINE('',#8246,#1793);
#1150=LINE('',#8248,#1794);
#1151=LINE('',#8249,#1795);
#1152=LINE('',#8251,#1796);
#1153=LINE('',#8252,#1797);
#1154=LINE('',#8256,#1798);
#1155=LINE('',#8258,#1799);
#1156=LINE('',#8260,#1800);
#1157=LINE('',#8261,#1801);
#1158=LINE('',#8264,#1802);
#1159=LINE('',#8266,#1803);
#1160=LINE('',#8267,#1804);
#1161=LINE('',#8270,#1805);
#1162=LINE('',#8272,#1806);
#1163=LINE('',#8273,#1807);
#1164=LINE('',#8275,#1808);
#1165=LINE('',#8276,#1809);
#1166=LINE('',#8280,#1810);
#1167=LINE('',#8282,#1811);
#1168=LINE('',#8284,#1812);
#1169=LINE('',#8285,#1813);
#1170=LINE('',#8288,#1814);
#1171=LINE('',#8290,#1815);
#1172=LINE('',#8291,#1816);
#1173=LINE('',#8294,#1817);
#1174=LINE('',#8296,#1818);
#1175=LINE('',#8297,#1819);
#1176=LINE('',#8299,#1820);
#1177=LINE('',#8300,#1821);
#1178=LINE('',#8306,#1822);
#1179=LINE('',#8309,#1823);
#1180=LINE('',#8363,#1824);
#1181=LINE('',#8364,#1825);
#1182=LINE('',#8372,#1826);
#1183=LINE('',#8373,#1827);
#1184=LINE('',#8376,#1828);
#1185=LINE('',#8379,#1829);
#1186=LINE('',#8382,#1830);
#1187=LINE('',#8383,#1831);
#1188=LINE('',#8386,#1832);
#1189=LINE('',#8389,#1833);
#1190=LINE('',#8390,#1834);
#1191=LINE('',#8395,#1835);
#1192=LINE('',#8400,#1836);
#1193=LINE('',#8403,#1837);
#1194=LINE('',#8406,#1838);
#1195=LINE('',#8417,#1839);
#1196=LINE('',#8418,#1840);
#1197=LINE('',#8426,#1841);
#1198=LINE('',#8427,#1842);
#1199=LINE('',#8430,#1843);
#1200=LINE('',#8432,#1844);
#1201=LINE('',#8433,#1845);
#1202=LINE('',#8436,#1846);
#1203=LINE('',#8439,#1847);
#1204=LINE('',#8450,#1848);
#1205=LINE('',#8451,#1849);
#1206=LINE('',#8502,#1850);
#1207=LINE('',#8503,#1851);
#1208=LINE('',#8506,#1852);
#1209=LINE('',#8509,#1853);
#1210=LINE('',#8512,#1854);
#1211=LINE('',#8513,#1855);
#1212=LINE('',#8516,#1856);
#1213=LINE('',#8519,#1857);
#1214=LINE('',#8522,#1858);
#1215=LINE('',#8525,#1859);
#1216=LINE('',#8536,#1860);
#1217=LINE('',#8537,#1861);
#1218=LINE('',#8545,#1862);
#1219=LINE('',#8546,#1863);
#1220=LINE('',#8549,#1864);
#1221=LINE('',#8550,#1865);
#1222=LINE('',#8553,#1866);
#1223=LINE('',#8557,#1867);
#1224=LINE('',#8558,#1868);
#1225=LINE('',#8561,#1869);
#1226=LINE('',#8564,#1870);
#1227=LINE('',#8567,#1871);
#1228=LINE('',#8570,#1872);
#1229=LINE('',#8581,#1873);
#1230=LINE('',#8582,#1874);
#1231=LINE('',#8590,#1875);
#1232=LINE('',#8591,#1876);
#1233=LINE('',#8594,#1877);
#1234=LINE('',#8596,#1878);
#1235=LINE('',#8597,#1879);
#1236=LINE('',#8609,#1880);
#1237=LINE('',#8618,#1881);
#1238=LINE('',#8629,#1882);
#1239=LINE('',#8630,#1883);
#1240=LINE('',#8638,#1884);
#1241=LINE('',#8639,#1885);
#1242=LINE('',#8641,#1886);
#1243=LINE('',#8642,#1887);
#1244=LINE('',#8644,#1888);
#1245=LINE('',#8646,#1889);
#1246=LINE('',#8650,#1890);
#1247=LINE('',#8655,#1891);
#1248=LINE('',#8656,#1892);
#1249=LINE('',#8659,#1893);
#1250=LINE('',#8660,#1894);
#1251=LINE('',#8664,#1895);
#1252=LINE('',#8667,#1896);
#1253=LINE('',#8668,#1897);
#1254=LINE('',#8673,#1898);
#1255=LINE('',#8675,#1899);
#1256=LINE('',#8676,#1900);
#1257=LINE('',#8680,#1901);
#1258=LINE('',#8681,#1902);
#1259=LINE('',#8682,#1903);
#1260=LINE('',#8684,#1904);
#1261=LINE('',#8685,#1905);
#1262=LINE('',#8687,#1906);
#1263=LINE('',#8691,#1907);
#1264=LINE('',#8695,#1908);
#1265=LINE('',#8698,#1909);
#1266=LINE('',#8700,#1910);
#1267=LINE('',#8701,#1911);
#1268=LINE('',#8703,#1912);
#1269=LINE('',#8706,#1913);
#1270=LINE('',#8711,#1914);
#1271=LINE('',#8713,#1915);
#1272=LINE('',#8715,#1916);
#1273=LINE('',#8717,#1917);
#1274=LINE('',#8719,#1918);
#1275=LINE('',#8721,#1919);
#1276=LINE('',#8723,#1920);
#1277=LINE('',#8727,#1921);
#1278=LINE('',#8731,#1922);
#1279=LINE('',#8733,#1923);
#1280=LINE('',#8735,#1924);
#1281=LINE('',#8739,#1925);
#1282=LINE('',#8744,#1926);
#1283=LINE('',#8748,#1927);
#1284=LINE('',#8752,#1928);
#1285=LINE('',#8754,#1929);
#1286=LINE('',#8756,#1930);
#1287=LINE('',#8757,#1931);
#1288=LINE('',#8758,#1932);
#1289=LINE('',#8762,#1933);
#1290=LINE('',#8766,#1934);
#1291=LINE('',#8770,#1935);
#1292=LINE('',#8772,#1936);
#1293=LINE('',#8774,#1937);
#1294=LINE('',#8778,#1938);
#1295=LINE('',#8782,#1939);
#1296=LINE('',#8784,#1940);
#1297=LINE('',#8786,#1941);
#1298=LINE('',#8787,#1942);
#1299=LINE('',#8788,#1943);
#1300=LINE('',#8790,#1944);
#1301=LINE('',#8791,#1945);
#1302=LINE('',#8795,#1946);
#1303=LINE('',#8797,#1947);
#1304=LINE('',#8799,#1948);
#1305=LINE('',#8800,#1949);
#1306=LINE('',#8803,#1950);
#1307=LINE('',#8806,#1951);
#1308=LINE('',#8809,#1952);
#1309=LINE('',#8810,#1953);
#1310=LINE('',#8813,#1954);
#1311=LINE('',#8817,#1955);
#1312=LINE('',#8821,#1956);
#1313=LINE('',#8825,#1957);
#1314=LINE('',#8826,#1958);
#1315=LINE('',#8829,#1959);
#1316=LINE('',#8833,#1960);
#1317=LINE('',#8834,#1961);
#1318=LINE('',#8837,#1962);
#1319=LINE('',#8841,#1963);
#1320=LINE('',#8842,#1964);
#1321=LINE('',#8845,#1965);
#1322=LINE('',#8849,#1966);
#1323=LINE('',#8853,#1967);
#1324=LINE('',#8854,#1968);
#1325=LINE('',#8857,#1969);
#1326=LINE('',#8861,#1970);
#1327=LINE('',#8864,#1971);
#1328=LINE('',#8867,#1972);
#1329=LINE('',#8875,#1973);
#1330=LINE('',#8876,#1974);
#1331=LINE('',#8879,#1975);
#1332=LINE('',#8885,#1976);
#1333=LINE('',#8891,#1977);
#1334=LINE('',#8893,#1978);
#1335=LINE('',#8894,#1979);
#1336=LINE('',#8897,#1980);
#1337=LINE('',#8898,#1981);
#1338=LINE('',#8902,#1982);
#1339=LINE('',#8904,#1983);
#1340=LINE('',#8906,#1984);
#1341=LINE('',#8907,#1985);
#1342=LINE('',#8910,#1986);
#1343=LINE('',#8912,#1987);
#1344=LINE('',#8913,#1988);
#1345=LINE('',#8916,#1989);
#1346=LINE('',#8918,#1990);
#1347=LINE('',#8919,#1991);
#1348=LINE('',#8921,#1992);
#1349=LINE('',#8922,#1993);
#1350=LINE('',#8926,#1994);
#1351=LINE('',#8928,#1995);
#1352=LINE('',#8930,#1996);
#1353=LINE('',#8931,#1997);
#1354=LINE('',#8934,#1998);
#1355=LINE('',#8936,#1999);
#1356=LINE('',#8937,#2000);
#1357=LINE('',#8940,#2001);
#1358=LINE('',#8942,#2002);
#1359=LINE('',#8943,#2003);
#1360=LINE('',#8946,#2004);
#1361=LINE('',#8948,#2005);
#1362=LINE('',#8949,#2006);
#1363=LINE('',#8952,#2007);
#1364=LINE('',#8954,#2008);
#1365=LINE('',#8955,#2009);
#1366=LINE('',#8957,#2010);
#1367=LINE('',#8958,#2011);
#1368=LINE('',#8962,#2012);
#1369=LINE('',#8964,#2013);
#1370=LINE('',#8966,#2014);
#1371=LINE('',#8967,#2015);
#1372=LINE('',#8970,#2016);
#1373=LINE('',#8972,#2017);
#1374=LINE('',#8973,#2018);
#1375=LINE('',#8976,#2019);
#1376=LINE('',#8978,#2020);
#1377=LINE('',#8979,#2021);
#1378=LINE('',#8981,#2022);
#1379=LINE('',#8982,#2023);
#1380=LINE('',#8986,#2024);
#1381=LINE('',#8988,#2025);
#1382=LINE('',#8990,#2026);
#1383=LINE('',#8991,#2027);
#1384=LINE('',#8994,#2028);
#1385=LINE('',#8996,#2029);
#1386=LINE('',#8997,#2030);
#1387=LINE('',#9000,#2031);
#1388=LINE('',#9002,#2032);
#1389=LINE('',#9003,#2033);
#1390=LINE('',#9005,#2034);
#1391=LINE('',#9006,#2035);
#1392=LINE('',#9010,#2036);
#1393=LINE('',#9012,#2037);
#1394=LINE('',#9014,#2038);
#1395=LINE('',#9015,#2039);
#1396=LINE('',#9018,#2040);
#1397=LINE('',#9020,#2041);
#1398=LINE('',#9021,#2042);
#1399=LINE('',#9024,#2043);
#1400=LINE('',#9026,#2044);
#1401=LINE('',#9027,#2045);
#1402=LINE('',#9029,#2046);
#1403=LINE('',#9030,#2047);
#1404=LINE('',#9034,#2048);
#1405=LINE('',#9036,#2049);
#1406=LINE('',#9038,#2050);
#1407=LINE('',#9039,#2051);
#1408=LINE('',#9042,#2052);
#1409=LINE('',#9044,#2053);
#1410=LINE('',#9045,#2054);
#1411=LINE('',#9048,#2055);
#1412=LINE('',#9050,#2056);
#1413=LINE('',#9051,#2057);
#1414=LINE('',#9053,#2058);
#1415=LINE('',#9054,#2059);
#1416=LINE('',#9058,#2060);
#1417=LINE('',#9060,#2061);
#1418=LINE('',#9062,#2062);
#1419=LINE('',#9063,#2063);
#1420=LINE('',#9066,#2064);
#1421=LINE('',#9068,#2065);
#1422=LINE('',#9069,#2066);
#1423=LINE('',#9072,#2067);
#1424=LINE('',#9074,#2068);
#1425=LINE('',#9075,#2069);
#1426=LINE('',#9077,#2070);
#1427=LINE('',#9078,#2071);
#1428=LINE('',#9082,#2072);
#1429=LINE('',#9090,#2073);
#1430=LINE('',#9096,#2074);
#1431=LINE('',#9100,#2075);
#1432=LINE('',#9108,#2076);
#1433=LINE('',#9151,#2077);
#1434=LINE('',#9154,#2078);
#1435=LINE('',#9156,#2079);
#1436=LINE('',#9157,#2080);
#1437=LINE('',#9160,#2081);
#1438=LINE('',#9164,#2082);
#1439=LINE('',#9167,#2083);
#1440=LINE('',#9221,#2084);
#1441=LINE('',#9222,#2085);
#1442=LINE('',#9233,#2086);
#1443=LINE('',#9234,#2087);
#1444=LINE('',#9236,#2088);
#1445=LINE('',#9237,#2089);
#1446=LINE('',#9239,#2090);
#1447=LINE('',#9241,#2091);
#1448=LINE('',#9243,#2092);
#1449=LINE('',#9250,#2093);
#1450=LINE('',#9253,#2094);
#1451=LINE('',#9264,#2095);
#1452=LINE('',#9265,#2096);
#1453=LINE('',#9276,#2097);
#1454=LINE('',#9277,#2098);
#1455=LINE('',#9279,#2099);
#1456=LINE('',#9281,#2100);
#1457=LINE('',#9283,#2101);
#1458=LINE('',#9285,#2102);
#1459=LINE('',#9286,#2103);
#1460=LINE('',#9289,#2104);
#1461=LINE('',#9293,#2105);
#1462=LINE('',#9295,#2106);
#1463=LINE('',#9298,#2107);
#1464=LINE('',#9308,#2108);
#1465=LINE('',#9309,#2109);
#1466=LINE('',#9317,#2110);
#1467=LINE('',#9318,#2111);
#1468=LINE('',#9320,#2112);
#1469=LINE('',#9322,#2113);
#1470=LINE('',#9336,#2114);
#1471=LINE('',#9337,#2115);
#1472=LINE('',#9346,#2116);
#1473=LINE('',#9356,#2117);
#1474=LINE('',#9357,#2118);
#1475=LINE('',#9363,#2119);
#1476=LINE('',#9365,#2120);
#1477=LINE('',#9367,#2121);
#1478=LINE('',#9370,#2122);
#1479=LINE('',#9371,#2123);
#1480=LINE('',#9373,#2124);
#1481=LINE('',#9375,#2125);
#1482=LINE('',#9376,#2126);
#1483=LINE('',#9380,#2127);
#1484=LINE('',#9384,#2128);
#1485=LINE('',#9385,#2129);
#1486=LINE('',#9387,#2130);
#1487=LINE('',#9394,#2131);
#1488=LINE('',#9396,#2132);
#1489=LINE('',#9398,#2133);
#1490=LINE('',#9399,#2134);
#1491=LINE('',#9402,#2135);
#1492=LINE('',#9404,#2136);
#1493=LINE('',#9405,#2137);
#1494=LINE('',#9408,#2138);
#1495=LINE('',#9410,#2139);
#1496=LINE('',#9411,#2140);
#1497=LINE('',#9413,#2141);
#1498=LINE('',#9414,#2142);
#1499=LINE('',#9420,#2143);
#1500=LINE('',#9422,#2144);
#1501=LINE('',#9424,#2145);
#1502=LINE('',#9425,#2146);
#1503=LINE('',#9428,#2147);
#1504=LINE('',#9430,#2148);
#1505=LINE('',#9431,#2149);
#1506=LINE('',#9434,#2150);
#1507=LINE('',#9436,#2151);
#1508=LINE('',#9437,#2152);
#1509=LINE('',#9439,#2153);
#1510=LINE('',#9440,#2154);
#1511=LINE('',#9446,#2155);
#1512=LINE('',#9448,#2156);
#1513=LINE('',#9450,#2157);
#1514=LINE('',#9451,#2158);
#1515=LINE('',#9454,#2159);
#1516=LINE('',#9456,#2160);
#1517=LINE('',#9457,#2161);
#1518=LINE('',#9460,#2162);
#1519=LINE('',#9462,#2163);
#1520=LINE('',#9463,#2164);
#1521=LINE('',#9466,#2165);
#1522=LINE('',#9468,#2166);
#1523=LINE('',#9469,#2167);
#1524=LINE('',#9472,#2168);
#1525=LINE('',#9474,#2169);
#1526=LINE('',#9475,#2170);
#1527=LINE('',#9477,#2171);
#1528=LINE('',#9478,#2172);
#1529=LINE('',#9484,#2173);
#1530=LINE('',#9486,#2174);
#1531=LINE('',#9488,#2175);
#1532=LINE('',#9489,#2176);
#1533=LINE('',#9492,#2177);
#1534=LINE('',#9494,#2178);
#1535=LINE('',#9495,#2179);
#1536=LINE('',#9498,#2180);
#1537=LINE('',#9500,#2181);
#1538=LINE('',#9501,#2182);
#1539=LINE('',#9503,#2183);
#1540=LINE('',#9504,#2184);
#1541=LINE('',#9510,#2185);
#1542=LINE('',#9512,#2186);
#1543=LINE('',#9514,#2187);
#1544=LINE('',#9515,#2188);
#1545=LINE('',#9518,#2189);
#1546=LINE('',#9520,#2190);
#1547=LINE('',#9521,#2191);
#1548=LINE('',#9524,#2192);
#1549=LINE('',#9526,#2193);
#1550=LINE('',#9527,#2194);
#1551=LINE('',#9529,#2195);
#1552=LINE('',#9530,#2196);
#1553=LINE('',#9536,#2197);
#1554=LINE('',#9538,#2198);
#1555=LINE('',#9540,#2199);
#1556=LINE('',#9541,#2200);
#1557=LINE('',#9544,#2201);
#1558=LINE('',#9546,#2202);
#1559=LINE('',#9547,#2203);
#1560=LINE('',#9550,#2204);
#1561=LINE('',#9552,#2205);
#1562=LINE('',#9553,#2206);
#1563=LINE('',#9555,#2207);
#1564=LINE('',#9556,#2208);
#1565=LINE('',#9562,#2209);
#1566=LINE('',#9564,#2210);
#1567=LINE('',#9566,#2211);
#1568=LINE('',#9567,#2212);
#1569=LINE('',#9570,#2213);
#1570=LINE('',#9572,#2214);
#1571=LINE('',#9573,#2215);
#1572=LINE('',#9576,#2216);
#1573=LINE('',#9578,#2217);
#1574=LINE('',#9579,#2218);
#1575=LINE('',#9581,#2219);
#1576=LINE('',#9582,#2220);
#1577=LINE('',#9588,#2221);
#1578=LINE('',#9590,#2222);
#1579=LINE('',#9592,#2223);
#1580=LINE('',#9593,#2224);
#1581=LINE('',#9597,#2225);
#1582=LINE('',#9598,#2226);
#1583=LINE('',#9599,#2227);
#1584=LINE('',#9602,#2228);
#1585=LINE('',#9603,#2229);
#1586=LINE('',#9606,#2230);
#1587=LINE('',#9607,#2231);
#1588=LINE('',#9609,#2232);
#1589=LINE('',#9614,#2233);
#1590=LINE('',#9616,#2234);
#1591=LINE('',#9618,#2235);
#1592=LINE('',#9619,#2236);
#1593=LINE('',#9623,#2237);
#1594=LINE('',#9624,#2238);
#1595=LINE('',#9625,#2239);
#1596=LINE('',#9628,#2240);
#1597=LINE('',#9629,#2241);
#1598=LINE('',#9632,#2242);
#1599=LINE('',#9633,#2243);
#1600=LINE('',#9635,#2244);
#1601=LINE('',#9640,#2245);
#1602=LINE('',#9642,#2246);
#1603=LINE('',#9644,#2247);
#1604=LINE('',#9645,#2248);
#1605=LINE('',#9649,#2249);
#1606=LINE('',#9650,#2250);
#1607=LINE('',#9651,#2251);
#1608=LINE('',#9654,#2252);
#1609=LINE('',#9655,#2253);
#1610=LINE('',#9658,#2254);
#1611=LINE('',#9659,#2255);
#1612=LINE('',#9661,#2256);
#1613=LINE('',#9666,#2257);
#1614=LINE('',#9668,#2258);
#1615=LINE('',#9670,#2259);
#1616=LINE('',#9671,#2260);
#1617=LINE('',#9675,#2261);
#1618=LINE('',#9676,#2262);
#1619=LINE('',#9677,#2263);
#1620=LINE('',#9680,#2264);
#1621=LINE('',#9681,#2265);
#1622=LINE('',#9684,#2266);
#1623=LINE('',#9685,#2267);
#1624=LINE('',#9687,#2268);
#1625=LINE('',#9692,#2269);
#1626=LINE('',#9694,#2270);
#1627=LINE('',#9696,#2271);
#1628=LINE('',#9698,#2272);
#1629=LINE('',#9700,#2273);
#1630=LINE('',#9701,#2274);
#1631=LINE('',#9705,#2275);
#1632=LINE('',#9706,#2276);
#1633=LINE('',#9707,#2277);
#1634=LINE('',#9710,#2278);
#1635=LINE('',#9711,#2279);
#1636=LINE('',#9714,#2280);
#1637=LINE('',#9715,#2281);
#1638=LINE('',#9718,#2282);
#1639=LINE('',#9719,#2283);
#1640=LINE('',#9722,#2284);
#1641=LINE('',#9723,#2285);
#1642=LINE('',#9725,#2286);
#1643=LINE('',#9730,#2287);
#1644=LINE('',#9732,#2288);
#1645=LINE('',#9734,#2289);
#1646=LINE('',#9735,#2290);
#1647=LINE('',#9739,#2291);
#1648=LINE('',#9740,#2292);
#1649=LINE('',#9741,#2293);
#1650=LINE('',#9744,#2294);
#1651=LINE('',#9745,#2295);
#1652=LINE('',#9748,#2296);
#1653=LINE('',#9749,#2297);
#1654=LINE('',#9751,#2298);
#1655=LINE('',#9756,#2299);
#1656=LINE('',#9758,#2300);
#1657=LINE('',#9760,#2301);
#1658=LINE('',#9761,#2302);
#1659=LINE('',#9765,#2303);
#1660=LINE('',#9766,#2304);
#1661=LINE('',#9767,#2305);
#1662=LINE('',#9770,#2306);
#1663=LINE('',#9771,#2307);
#1664=LINE('',#9774,#2308);
#1665=LINE('',#9775,#2309);
#1666=LINE('',#9777,#2310);
#1667=VECTOR('',#6353,10.);
#1668=VECTOR('',#6354,10.);
#1669=VECTOR('',#6355,10.);
#1670=VECTOR('',#6356,10.);
#1671=VECTOR('',#6359,10.);
#1672=VECTOR('',#6360,10.);
#1673=VECTOR('',#6361,10.);
#1674=VECTOR('',#6364,10.);
#1675=VECTOR('',#6367,10.);
#1676=VECTOR('',#6370,10.);
#1677=VECTOR('',#6373,10.);
#1678=VECTOR('',#6374,10.);
#1679=VECTOR('',#6375,10.);
#1680=VECTOR('',#6376,10.);
#1681=VECTOR('',#6379,10.);
#1682=VECTOR('',#6380,10.);
#1683=VECTOR('',#6381,10.);
#1684=VECTOR('',#6384,10.);
#1685=VECTOR('',#6385,10.);
#1686=VECTOR('',#6386,10.);
#1687=VECTOR('',#6387,10.);
#1688=VECTOR('',#6390,10.);
#1689=VECTOR('',#6393,10.);
#1690=VECTOR('',#6396,10.);
#1691=VECTOR('',#6399,10.);
#1692=VECTOR('',#6402,10.);
#1693=VECTOR('',#6403,10.);
#1694=VECTOR('',#6404,10.);
#1695=VECTOR('',#6405,10.);
#1696=VECTOR('',#6408,10.);
#1697=VECTOR('',#6409,10.);
#1698=VECTOR('',#6410,10.);
#1699=VECTOR('',#6413,10.);
#1700=VECTOR('',#6414,10.);
#1701=VECTOR('',#6415,10.);
#1702=VECTOR('',#6418,10.);
#1703=VECTOR('',#6419,10.);
#1704=VECTOR('',#6420,10.);
#1705=VECTOR('',#6421,10.);
#1706=VECTOR('',#6422,10.);
#1707=VECTOR('',#6425,10.);
#1708=VECTOR('',#6426,10.);
#1709=VECTOR('',#6427,10.);
#1710=VECTOR('',#6428,10.);
#1711=VECTOR('',#6431,10.);
#1712=VECTOR('',#6432,10.);
#1713=VECTOR('',#6433,10.);
#1714=VECTOR('',#6436,10.);
#1715=VECTOR('',#6437,10.);
#1716=VECTOR('',#6438,10.);
#1717=VECTOR('',#6439,10.);
#1718=VECTOR('',#6442,10.);
#1719=VECTOR('',#6445,10.);
#1720=VECTOR('',#6448,10.);
#1721=VECTOR('',#6451,10.);
#1722=VECTOR('',#6454,10.);
#1723=VECTOR('',#6455,10.);
#1724=VECTOR('',#6456,10.);
#1725=VECTOR('',#6457,10.);
#1726=VECTOR('',#6460,10.);
#1727=VECTOR('',#6461,10.);
#1728=VECTOR('',#6462,10.);
#1729=VECTOR('',#6465,10.);
#1730=VECTOR('',#6468,10.);
#1731=VECTOR('',#6471,10.);
#1732=VECTOR('',#6474,10.);
#1733=VECTOR('',#6475,10.);
#1734=VECTOR('',#6476,10.);
#1735=VECTOR('',#6477,10.);
#1736=VECTOR('',#6480,10.);
#1737=VECTOR('',#6481,10.);
#1738=VECTOR('',#6482,10.);
#1739=VECTOR('',#6485,10.);
#1740=VECTOR('',#6486,10.);
#1741=VECTOR('',#6487,10.);
#1742=VECTOR('',#6490,10.);
#1743=VECTOR('',#6491,10.);
#1744=VECTOR('',#6494,10.);
#1745=VECTOR('',#6495,10.);
#1746=VECTOR('',#6496,10.);
#1747=VECTOR('',#6497,10.);
#1748=VECTOR('',#6500,10.);
#1749=VECTOR('',#6501,10.);
#1750=VECTOR('',#6502,10.);
#1751=VECTOR('',#6505,10.);
#1752=VECTOR('',#6506,10.);
#1753=VECTOR('',#6507,10.);
#1754=VECTOR('',#6510,10.);
#1755=VECTOR('',#6511,10.);
#1756=VECTOR('',#6514,10.);
#1757=VECTOR('',#6515,10.);
#1758=VECTOR('',#6516,10.);
#1759=VECTOR('',#6517,10.);
#1760=VECTOR('',#6520,10.);
#1761=VECTOR('',#6521,10.);
#1762=VECTOR('',#6522,10.);
#1763=VECTOR('',#6525,10.);
#1764=VECTOR('',#6526,10.);
#1765=VECTOR('',#6527,10.);
#1766=VECTOR('',#6530,10.);
#1767=VECTOR('',#6531,10.);
#1768=VECTOR('',#6532,10.);
#1769=VECTOR('',#6535,10.);
#1770=VECTOR('',#6536,10.);
#1771=VECTOR('',#6537,10.);
#1772=VECTOR('',#6540,10.);
#1773=VECTOR('',#6541,10.);
#1774=VECTOR('',#6544,10.);
#1775=VECTOR('',#6545,10.);
#1776=VECTOR('',#6546,10.);
#1777=VECTOR('',#6547,10.);
#1778=VECTOR('',#6550,10.);
#1779=VECTOR('',#6551,10.);
#1780=VECTOR('',#6552,10.);
#1781=VECTOR('',#6555,10.);
#1782=VECTOR('',#6556,10.);
#1783=VECTOR('',#6557,10.);
#1784=VECTOR('',#6560,10.);
#1785=VECTOR('',#6561,10.);
#1786=VECTOR('',#6564,10.);
#1787=VECTOR('',#6565,10.);
#1788=VECTOR('',#6566,10.);
#1789=VECTOR('',#6567,10.);
#1790=VECTOR('',#6570,10.);
#1791=VECTOR('',#6571,10.);
#1792=VECTOR('',#6572,10.);
#1793=VECTOR('',#6575,10.);
#1794=VECTOR('',#6576,10.);
#1795=VECTOR('',#6577,10.);
#1796=VECTOR('',#6580,10.);
#1797=VECTOR('',#6581,10.);
#1798=VECTOR('',#6584,10.);
#1799=VECTOR('',#6585,10.);
#1800=VECTOR('',#6586,10.);
#1801=VECTOR('',#6587,10.);
#1802=VECTOR('',#6590,10.);
#1803=VECTOR('',#6591,10.);
#1804=VECTOR('',#6592,10.);
#1805=VECTOR('',#6595,10.);
#1806=VECTOR('',#6596,10.);
#1807=VECTOR('',#6597,10.);
#1808=VECTOR('',#6600,10.);
#1809=VECTOR('',#6601,10.);
#1810=VECTOR('',#6604,10.);
#1811=VECTOR('',#6605,10.);
#1812=VECTOR('',#6606,10.);
#1813=VECTOR('',#6607,10.);
#1814=VECTOR('',#6610,10.);
#1815=VECTOR('',#6611,10.);
#1816=VECTOR('',#6612,10.);
#1817=VECTOR('',#6615,10.);
#1818=VECTOR('',#6616,10.);
#1819=VECTOR('',#6617,10.);
#1820=VECTOR('',#6620,10.);
#1821=VECTOR('',#6621,10.);
#1822=VECTOR('',#6626,10.);
#1823=VECTOR('',#6629,10.);
#1824=VECTOR('',#6644,10.);
#1825=VECTOR('',#6645,10.);
#1826=VECTOR('',#6656,10.);
#1827=VECTOR('',#6657,10.);
#1828=VECTOR('',#6660,10.);
#1829=VECTOR('',#6663,10.);
#1830=VECTOR('',#6666,10.);
#1831=VECTOR('',#6667,10.);
#1832=VECTOR('',#6670,10.);
#1833=VECTOR('',#6675,10.);
#1834=VECTOR('',#6676,10.);
#1835=VECTOR('',#6681,10.);
#1836=VECTOR('',#6686,10.);
#1837=VECTOR('',#6689,10.);
#1838=VECTOR('',#6692,10.);
#1839=VECTOR('',#6705,10.);
#1840=VECTOR('',#6706,10.);
#1841=VECTOR('',#6717,10.);
#1842=VECTOR('',#6718,10.);
#1843=VECTOR('',#6721,10.);
#1844=VECTOR('',#6722,10.);
#1845=VECTOR('',#6723,10.);
#1846=VECTOR('',#6726,10.);
#1847=VECTOR('',#6729,10.);
#1848=VECTOR('',#6742,10.);
#1849=VECTOR('',#6743,10.);
#1850=VECTOR('',#6756,10.);
#1851=VECTOR('',#6757,10.);
#1852=VECTOR('',#6760,10.);
#1853=VECTOR('',#6763,10.);
#1854=VECTOR('',#6766,10.);
#1855=VECTOR('',#6767,10.);
#1856=VECTOR('',#6770,10.);
#1857=VECTOR('',#6775,10.);
#1858=VECTOR('',#6778,10.);
#1859=VECTOR('',#6781,10.);
#1860=VECTOR('',#6794,10.);
#1861=VECTOR('',#6795,10.);
#1862=VECTOR('',#6806,10.);
#1863=VECTOR('',#6807,10.);
#1864=VECTOR('',#6810,10.);
#1865=VECTOR('',#6811,10.);
#1866=VECTOR('',#6814,10.);
#1867=VECTOR('',#6819,10.);
#1868=VECTOR('',#6820,10.);
#1869=VECTOR('',#6823,10.);
#1870=VECTOR('',#6828,10.);
#1871=VECTOR('',#6831,10.);
#1872=VECTOR('',#6834,10.);
#1873=VECTOR('',#6847,10.);
#1874=VECTOR('',#6848,10.);
#1875=VECTOR('',#6859,10.);
#1876=VECTOR('',#6860,10.);
#1877=VECTOR('',#6863,10.);
#1878=VECTOR('',#6864,10.);
#1879=VECTOR('',#6865,10.);
#1880=VECTOR('',#6880,10.);
#1881=VECTOR('',#6893,10.);
#1882=VECTOR('',#6906,10.);
#1883=VECTOR('',#6907,10.);
#1884=VECTOR('',#6918,10.);
#1885=VECTOR('',#6919,10.);
#1886=VECTOR('',#6922,10.);
#1887=VECTOR('',#6923,10.);
#1888=VECTOR('',#6926,10.);
#1889=VECTOR('',#6929,10.);
#1890=VECTOR('',#6936,10.);
#1891=VECTOR('',#6943,10.);
#1892=VECTOR('',#6944,10.);
#1893=VECTOR('',#6947,10.);
#1894=VECTOR('',#6948,10.);
#1895=VECTOR('',#6953,10.);
#1896=VECTOR('',#6956,10.);
#1897=VECTOR('',#6957,10.);
#1898=VECTOR('',#6964,10.);
#1899=VECTOR('',#6965,10.);
#1900=VECTOR('',#6966,10.);
#1901=VECTOR('',#6969,10.);
#1902=VECTOR('',#6970,10.);
#1903=VECTOR('',#6971,10.);
#1904=VECTOR('',#6974,10.);
#1905=VECTOR('',#6975,10.);
#1906=VECTOR('',#6978,10.);
#1907=VECTOR('',#6983,10.);
#1908=VECTOR('',#6986,10.);
#1909=VECTOR('',#6989,10.);
#1910=VECTOR('',#6992,10.);
#1911=VECTOR('',#6993,10.);
#1912=VECTOR('',#6996,10.);
#1913=VECTOR('',#7001,10.);
#1914=VECTOR('',#7006,10.);
#1915=VECTOR('',#7007,10.);
#1916=VECTOR('',#7008,10.);
#1917=VECTOR('',#7009,10.);
#1918=VECTOR('',#7010,10.);
#1919=VECTOR('',#7011,10.);
#1920=VECTOR('',#7012,10.);
#1921=VECTOR('',#7015,10.);
#1922=VECTOR('',#7018,10.);
#1923=VECTOR('',#7019,10.);
#1924=VECTOR('',#7020,10.);
#1925=VECTOR('',#7023,10.);
#1926=VECTOR('',#7028,10.);
#1927=VECTOR('',#7031,10.);
#1928=VECTOR('',#7034,10.);
#1929=VECTOR('',#7035,10.);
#1930=VECTOR('',#7036,10.);
#1931=VECTOR('',#7037,10.);
#1932=VECTOR('',#7038,10.);
#1933=VECTOR('',#7041,10.);
#1934=VECTOR('',#7044,10.);
#1935=VECTOR('',#7047,10.);
#1936=VECTOR('',#7048,10.);
#1937=VECTOR('',#7049,10.);
#1938=VECTOR('',#7052,10.);
#1939=VECTOR('',#7055,10.);
#1940=VECTOR('',#7056,10.);
#1941=VECTOR('',#7057,10.);
#1942=VECTOR('',#7058,10.);
#1943=VECTOR('',#7059,10.);
#1944=VECTOR('',#7062,10.);
#1945=VECTOR('',#7063,10.);
#1946=VECTOR('',#7066,10.);
#1947=VECTOR('',#7067,10.);
#1948=VECTOR('',#7068,10.);
#1949=VECTOR('',#7069,10.);
#1950=VECTOR('',#7072,10.);
#1951=VECTOR('',#7075,10.);
#1952=VECTOR('',#7078,10.);
#1953=VECTOR('',#7079,10.);
#1954=VECTOR('',#7082,10.);
#1955=VECTOR('',#7085,10.);
#1956=VECTOR('',#7088,10.);
#1957=VECTOR('',#7093,10.);
#1958=VECTOR('',#7094,10.);
#1959=VECTOR('',#7097,10.);
#1960=VECTOR('',#7102,10.);
#1961=VECTOR('',#7103,10.);
#1962=VECTOR('',#7106,10.);
#1963=VECTOR('',#7111,10.);
#1964=VECTOR('',#7112,10.);
#1965=VECTOR('',#7115,10.);
#1966=VECTOR('',#7118,10.);
#1967=VECTOR('',#7123,10.);
#1968=VECTOR('',#7124,10.);
#1969=VECTOR('',#7127,10.);
#1970=VECTOR('',#7132,10.);
#1971=VECTOR('',#7135,10.);
#1972=VECTOR('',#7138,10.);
#1973=VECTOR('',#7141,10.);
#1974=VECTOR('',#7142,10.);
#1975=VECTOR('',#7145,10.);
#1976=VECTOR('',#7150,10.);
#1977=VECTOR('',#7157,10.);
#1978=VECTOR('',#7158,10.);
#1979=VECTOR('',#7159,10.);
#1980=VECTOR('',#7162,10.);
#1981=VECTOR('',#7163,10.);
#1982=VECTOR('',#7166,10.);
#1983=VECTOR('',#7167,10.);
#1984=VECTOR('',#7168,10.);
#1985=VECTOR('',#7169,10.);
#1986=VECTOR('',#7172,10.);
#1987=VECTOR('',#7173,10.);
#1988=VECTOR('',#7174,10.);
#1989=VECTOR('',#7177,10.);
#1990=VECTOR('',#7178,10.);
#1991=VECTOR('',#7179,10.);
#1992=VECTOR('',#7182,10.);
#1993=VECTOR('',#7183,10.);
#1994=VECTOR('',#7186,10.);
#1995=VECTOR('',#7187,10.);
#1996=VECTOR('',#7188,10.);
#1997=VECTOR('',#7189,10.);
#1998=VECTOR('',#7192,10.);
#1999=VECTOR('',#7193,10.);
#2000=VECTOR('',#7194,10.);
#2001=VECTOR('',#7197,10.);
#2002=VECTOR('',#7198,10.);
#2003=VECTOR('',#7199,10.);
#2004=VECTOR('',#7202,10.);
#2005=VECTOR('',#7203,10.);
#2006=VECTOR('',#7204,10.);
#2007=VECTOR('',#7207,10.);
#2008=VECTOR('',#7208,10.);
#2009=VECTOR('',#7209,10.);
#2010=VECTOR('',#7212,10.);
#2011=VECTOR('',#7213,10.);
#2012=VECTOR('',#7216,10.);
#2013=VECTOR('',#7217,10.);
#2014=VECTOR('',#7218,10.);
#2015=VECTOR('',#7219,10.);
#2016=VECTOR('',#7222,10.);
#2017=VECTOR('',#7223,10.);
#2018=VECTOR('',#7224,10.);
#2019=VECTOR('',#7227,10.);
#2020=VECTOR('',#7228,10.);
#2021=VECTOR('',#7229,10.);
#2022=VECTOR('',#7232,10.);
#2023=VECTOR('',#7233,10.);
#2024=VECTOR('',#7236,10.);
#2025=VECTOR('',#7237,10.);
#2026=VECTOR('',#7238,10.);
#2027=VECTOR('',#7239,10.);
#2028=VECTOR('',#7242,10.);
#2029=VECTOR('',#7243,10.);
#2030=VECTOR('',#7244,10.);
#2031=VECTOR('',#7247,10.);
#2032=VECTOR('',#7248,10.);
#2033=VECTOR('',#7249,10.);
#2034=VECTOR('',#7252,10.);
#2035=VECTOR('',#7253,10.);
#2036=VECTOR('',#7256,10.);
#2037=VECTOR('',#7257,10.);
#2038=VECTOR('',#7258,10.);
#2039=VECTOR('',#7259,10.);
#2040=VECTOR('',#7262,10.);
#2041=VECTOR('',#7263,10.);
#2042=VECTOR('',#7264,10.);
#2043=VECTOR('',#7267,10.);
#2044=VECTOR('',#7268,10.);
#2045=VECTOR('',#7269,10.);
#2046=VECTOR('',#7272,10.);
#2047=VECTOR('',#7273,10.);
#2048=VECTOR('',#7276,10.);
#2049=VECTOR('',#7277,10.);
#2050=VECTOR('',#7278,10.);
#2051=VECTOR('',#7279,10.);
#2052=VECTOR('',#7282,10.);
#2053=VECTOR('',#7283,10.);
#2054=VECTOR('',#7284,10.);
#2055=VECTOR('',#7287,10.);
#2056=VECTOR('',#7288,10.);
#2057=VECTOR('',#7289,10.);
#2058=VECTOR('',#7292,10.);
#2059=VECTOR('',#7293,10.);
#2060=VECTOR('',#7296,10.);
#2061=VECTOR('',#7297,10.);
#2062=VECTOR('',#7298,10.);
#2063=VECTOR('',#7299,10.);
#2064=VECTOR('',#7302,10.);
#2065=VECTOR('',#7303,10.);
#2066=VECTOR('',#7304,10.);
#2067=VECTOR('',#7307,10.);
#2068=VECTOR('',#7308,10.);
#2069=VECTOR('',#7309,10.);
#2070=VECTOR('',#7312,10.);
#2071=VECTOR('',#7313,10.);
#2072=VECTOR('',#7318,10.);
#2073=VECTOR('',#7329,10.);
#2074=VECTOR('',#7338,10.);
#2075=VECTOR('',#7343,10.);
#2076=VECTOR('',#7354,10.);
#2077=VECTOR('',#7365,10.);
#2078=VECTOR('',#7368,10.);
#2079=VECTOR('',#7369,10.);
#2080=VECTOR('',#7370,10.);
#2081=VECTOR('',#7373,10.);
#2082=VECTOR('',#7378,10.);
#2083=VECTOR('',#7381,10.);
#2084=VECTOR('',#7396,10.);
#2085=VECTOR('',#7397,10.);
#2086=VECTOR('',#7410,10.);
#2087=VECTOR('',#7411,10.);
#2088=VECTOR('',#7414,10.);
#2089=VECTOR('',#7415,10.);
#2090=VECTOR('',#7418,10.);
#2091=VECTOR('',#7421,10.);
#2092=VECTOR('',#7424,10.);
#2093=VECTOR('',#7431,10.);
#2094=VECTOR('',#7434,10.);
#2095=VECTOR('',#7447,10.);
#2096=VECTOR('',#7448,10.);
#2097=VECTOR('',#7461,10.);
#2098=VECTOR('',#7462,10.);
#2099=VECTOR('',#7465,10.);
#2100=VECTOR('',#7466,10.);
#2101=VECTOR('',#7467,10.);
#2102=VECTOR('',#7468,10.);
#2103=VECTOR('',#7469,10.);
#2104=VECTOR('',#7472,10.);
#2105=VECTOR('',#7475,10.);
#2106=VECTOR('',#7478,10.);
#2107=VECTOR('',#7481,10.);
#2108=VECTOR('',#7494,10.);
#2109=VECTOR('',#7495,10.);
#2110=VECTOR('',#7506,10.);
#2111=VECTOR('',#7507,10.);
#2112=VECTOR('',#7510,10.);
#2113=VECTOR('',#7513,10.);
#2114=VECTOR('',#7530,10.);
#2115=VECTOR('',#7531,10.);
#2116=VECTOR('',#7544,10.);
#2117=VECTOR('',#7557,10.);
#2118=VECTOR('',#7558,10.);
#2119=VECTOR('',#7567,10.);
#2120=VECTOR('',#7570,10.);
#2121=VECTOR('',#7573,10.);
#2122=VECTOR('',#7578,10.);
#2123=VECTOR('',#7579,10.);
#2124=VECTOR('',#7582,10.);
#2125=VECTOR('',#7585,10.);
#2126=VECTOR('',#7586,10.);
#2127=VECTOR('',#7593,10.);
#2128=VECTOR('',#7598,10.);
#2129=VECTOR('',#7599,10.);
#2130=VECTOR('',#7602,10.);
#2131=VECTOR('',#7611,10.);
#2132=VECTOR('',#7612,10.);
#2133=VECTOR('',#7613,10.);
#2134=VECTOR('',#7614,10.);
#2135=VECTOR('',#7617,10.);
#2136=VECTOR('',#7618,10.);
#2137=VECTOR('',#7619,10.);
#2138=VECTOR('',#7622,10.);
#2139=VECTOR('',#7623,10.);
#2140=VECTOR('',#7624,10.);
#2141=VECTOR('',#7627,10.);
#2142=VECTOR('',#7628,10.);
#2143=VECTOR('',#7635,10.);
#2144=VECTOR('',#7636,10.);
#2145=VECTOR('',#7637,10.);
#2146=VECTOR('',#7638,10.);
#2147=VECTOR('',#7641,10.);
#2148=VECTOR('',#7642,10.);
#2149=VECTOR('',#7643,10.);
#2150=VECTOR('',#7646,10.);
#2151=VECTOR('',#7647,10.);
#2152=VECTOR('',#7648,10.);
#2153=VECTOR('',#7651,10.);
#2154=VECTOR('',#7652,10.);
#2155=VECTOR('',#7659,10.);
#2156=VECTOR('',#7660,10.);
#2157=VECTOR('',#7661,10.);
#2158=VECTOR('',#7662,10.);
#2159=VECTOR('',#7665,10.);
#2160=VECTOR('',#7666,10.);
#2161=VECTOR('',#7667,10.);
#2162=VECTOR('',#7670,10.);
#2163=VECTOR('',#7671,10.);
#2164=VECTOR('',#7672,10.);
#2165=VECTOR('',#7675,10.);
#2166=VECTOR('',#7676,10.);
#2167=VECTOR('',#7677,10.);
#2168=VECTOR('',#7680,10.);
#2169=VECTOR('',#7681,10.);
#2170=VECTOR('',#7682,10.);
#2171=VECTOR('',#7685,10.);
#2172=VECTOR('',#7686,10.);
#2173=VECTOR('',#7693,10.);
#2174=VECTOR('',#7694,10.);
#2175=VECTOR('',#7695,10.);
#2176=VECTOR('',#7696,10.);
#2177=VECTOR('',#7699,10.);
#2178=VECTOR('',#7700,10.);
#2179=VECTOR('',#7701,10.);
#2180=VECTOR('',#7704,10.);
#2181=VECTOR('',#7705,10.);
#2182=VECTOR('',#7706,10.);
#2183=VECTOR('',#7709,10.);
#2184=VECTOR('',#7710,10.);
#2185=VECTOR('',#7717,10.);
#2186=VECTOR('',#7718,10.);
#2187=VECTOR('',#7719,10.);
#2188=VECTOR('',#7720,10.);
#2189=VECTOR('',#7723,10.);
#2190=VECTOR('',#7724,10.);
#2191=VECTOR('',#7725,10.);
#2192=VECTOR('',#7728,10.);
#2193=VECTOR('',#7729,10.);
#2194=VECTOR('',#7730,10.);
#2195=VECTOR('',#7733,10.);
#2196=VECTOR('',#7734,10.);
#2197=VECTOR('',#7741,10.);
#2198=VECTOR('',#7742,10.);
#2199=VECTOR('',#7743,10.);
#2200=VECTOR('',#7744,10.);
#2201=VECTOR('',#7747,10.);
#2202=VECTOR('',#7748,10.);
#2203=VECTOR('',#7749,10.);
#2204=VECTOR('',#7752,10.);
#2205=VECTOR('',#7753,10.);
#2206=VECTOR('',#7754,10.);
#2207=VECTOR('',#7757,10.);
#2208=VECTOR('',#7758,10.);
#2209=VECTOR('',#7765,10.);
#2210=VECTOR('',#7766,10.);
#2211=VECTOR('',#7767,10.);
#2212=VECTOR('',#7768,10.);
#2213=VECTOR('',#7771,10.);
#2214=VECTOR('',#7772,10.);
#2215=VECTOR('',#7773,10.);
#2216=VECTOR('',#7776,10.);
#2217=VECTOR('',#7777,10.);
#2218=VECTOR('',#7778,10.);
#2219=VECTOR('',#7781,10.);
#2220=VECTOR('',#7782,10.);
#2221=VECTOR('',#7789,10.);
#2222=VECTOR('',#7790,10.);
#2223=VECTOR('',#7791,10.);
#2224=VECTOR('',#7792,10.);
#2225=VECTOR('',#7795,10.);
#2226=VECTOR('',#7796,10.);
#2227=VECTOR('',#7797,10.);
#2228=VECTOR('',#7800,10.);
#2229=VECTOR('',#7801,10.);
#2230=VECTOR('',#7804,10.);
#2231=VECTOR('',#7805,10.);
#2232=VECTOR('',#7808,10.);
#2233=VECTOR('',#7813,10.);
#2234=VECTOR('',#7814,10.);
#2235=VECTOR('',#7815,10.);
#2236=VECTOR('',#7816,10.);
#2237=VECTOR('',#7819,10.);
#2238=VECTOR('',#7820,10.);
#2239=VECTOR('',#7821,10.);
#2240=VECTOR('',#7824,10.);
#2241=VECTOR('',#7825,10.);
#2242=VECTOR('',#7828,10.);
#2243=VECTOR('',#7829,10.);
#2244=VECTOR('',#7832,10.);
#2245=VECTOR('',#7837,10.);
#2246=VECTOR('',#7838,10.);
#2247=VECTOR('',#7839,10.);
#2248=VECTOR('',#7840,10.);
#2249=VECTOR('',#7843,10.);
#2250=VECTOR('',#7844,10.);
#2251=VECTOR('',#7845,10.);
#2252=VECTOR('',#7848,10.);
#2253=VECTOR('',#7849,10.);
#2254=VECTOR('',#7852,10.);
#2255=VECTOR('',#7853,10.);
#2256=VECTOR('',#7856,10.);
#2257=VECTOR('',#7861,10.);
#2258=VECTOR('',#7862,10.);
#2259=VECTOR('',#7863,10.);
#2260=VECTOR('',#7864,10.);
#2261=VECTOR('',#7867,10.);
#2262=VECTOR('',#7868,10.);
#2263=VECTOR('',#7869,10.);
#2264=VECTOR('',#7872,10.);
#2265=VECTOR('',#7873,10.);
#2266=VECTOR('',#7876,10.);
#2267=VECTOR('',#7877,10.);
#2268=VECTOR('',#7880,10.);
#2269=VECTOR('',#7885,10.);
#2270=VECTOR('',#7886,10.);
#2271=VECTOR('',#7887,10.);
#2272=VECTOR('',#7888,10.);
#2273=VECTOR('',#7889,10.);
#2274=VECTOR('',#7890,10.);
#2275=VECTOR('',#7893,10.);
#2276=VECTOR('',#7894,10.);
#2277=VECTOR('',#7895,10.);
#2278=VECTOR('',#7898,10.);
#2279=VECTOR('',#7899,10.);
#2280=VECTOR('',#7902,10.);
#2281=VECTOR('',#7903,10.);
#2282=VECTOR('',#7906,10.);
#2283=VECTOR('',#7907,10.);
#2284=VECTOR('',#7910,10.);
#2285=VECTOR('',#7911,10.);
#2286=VECTOR('',#7914,10.);
#2287=VECTOR('',#7919,10.);
#2288=VECTOR('',#7920,10.);
#2289=VECTOR('',#7921,10.);
#2290=VECTOR('',#7922,10.);
#2291=VECTOR('',#7925,10.);
#2292=VECTOR('',#7926,10.);
#2293=VECTOR('',#7927,10.);
#2294=VECTOR('',#7930,10.);
#2295=VECTOR('',#7931,10.);
#2296=VECTOR('',#7934,10.);
#2297=VECTOR('',#7935,10.);
#2298=VECTOR('',#7938,10.);
#2299=VECTOR('',#7943,10.);
#2300=VECTOR('',#7944,10.);
#2301=VECTOR('',#7945,10.);
#2302=VECTOR('',#7946,10.);
#2303=VECTOR('',#7949,10.);
#2304=VECTOR('',#7950,10.);
#2305=VECTOR('',#7951,10.);
#2306=VECTOR('',#7954,10.);
#2307=VECTOR('',#7955,10.);
#2308=VECTOR('',#7958,10.);
#2309=VECTOR('',#7959,10.);
#2310=VECTOR('',#7962,10.);
#2311=VERTEX_POINT('',#7967);
#2312=VERTEX_POINT('',#7968);
#2313=VERTEX_POINT('',#7970);
#2314=VERTEX_POINT('',#7972);
#2315=VERTEX_POINT('',#7976);
#2316=VERTEX_POINT('',#7978);
#2317=VERTEX_POINT('',#7982);
#2318=VERTEX_POINT('',#7984);
#2319=VERTEX_POINT('',#7986);
#2320=VERTEX_POINT('',#7988);
#2321=VERTEX_POINT('',#7992);
#2322=VERTEX_POINT('',#7993);
#2323=VERTEX_POINT('',#7995);
#2324=VERTEX_POINT('',#7997);
#2325=VERTEX_POINT('',#8001);
#2326=VERTEX_POINT('',#8003);
#2327=VERTEX_POINT('',#8007);
#2328=VERTEX_POINT('',#8009);
#2329=VERTEX_POINT('',#8011);
#2330=VERTEX_POINT('',#8015);
#2331=VERTEX_POINT('',#8017);
#2332=VERTEX_POINT('',#8019);
#2333=VERTEX_POINT('',#8021);
#2334=VERTEX_POINT('',#8023);
#2335=VERTEX_POINT('',#8025);
#2336=VERTEX_POINT('',#8029);
#2337=VERTEX_POINT('',#8030);
#2338=VERTEX_POINT('',#8032);
#2339=VERTEX_POINT('',#8034);
#2340=VERTEX_POINT('',#8038);
#2341=VERTEX_POINT('',#8040);
#2342=VERTEX_POINT('',#8044);
#2343=VERTEX_POINT('',#8046);
#2344=VERTEX_POINT('',#8050);
#2345=VERTEX_POINT('',#8052);
#2346=VERTEX_POINT('',#8054);
#2347=VERTEX_POINT('',#8056);
#2348=VERTEX_POINT('',#8060);
#2349=VERTEX_POINT('',#8061);
#2350=VERTEX_POINT('',#8063);
#2351=VERTEX_POINT('',#8065);
#2352=VERTEX_POINT('',#8069);
#2353=VERTEX_POINT('',#8071);
#2354=VERTEX_POINT('',#8075);
#2355=VERTEX_POINT('',#8077);
#2356=VERTEX_POINT('',#8079);
#2357=VERTEX_POINT('',#8083);
#2358=VERTEX_POINT('',#8085);
#2359=VERTEX_POINT('',#8087);
#2360=VERTEX_POINT('',#8089);
#2361=VERTEX_POINT('',#8091);
#2362=VERTEX_POINT('',#8093);
#2363=VERTEX_POINT('',#8097);
#2364=VERTEX_POINT('',#8098);
#2365=VERTEX_POINT('',#8100);
#2366=VERTEX_POINT('',#8102);
#2367=VERTEX_POINT('',#8106);
#2368=VERTEX_POINT('',#8108);
#2369=VERTEX_POINT('',#8112);
#2370=VERTEX_POINT('',#8114);
#2371=VERTEX_POINT('',#8116);
#2372=VERTEX_POINT('',#8118);
#2373=VERTEX_POINT('',#8122);
#2374=VERTEX_POINT('',#8123);
#2375=VERTEX_POINT('',#8125);
#2376=VERTEX_POINT('',#8127);
#2377=VERTEX_POINT('',#8131);
#2378=VERTEX_POINT('',#8133);
#2379=VERTEX_POINT('',#8137);
#2380=VERTEX_POINT('',#8139);
#2381=VERTEX_POINT('',#8146);
#2382=VERTEX_POINT('',#8147);
#2383=VERTEX_POINT('',#8149);
#2384=VERTEX_POINT('',#8151);
#2385=VERTEX_POINT('',#8155);
#2386=VERTEX_POINT('',#8157);
#2387=VERTEX_POINT('',#8161);
#2388=VERTEX_POINT('',#8163);
#2389=VERTEX_POINT('',#8170);
#2390=VERTEX_POINT('',#8171);
#2391=VERTEX_POINT('',#8173);
#2392=VERTEX_POINT('',#8175);
#2393=VERTEX_POINT('',#8179);
#2394=VERTEX_POINT('',#8181);
#2395=VERTEX_POINT('',#8185);
#2396=VERTEX_POINT('',#8187);
#2397=VERTEX_POINT('',#8191);
#2398=VERTEX_POINT('',#8193);
#2399=VERTEX_POINT('',#8197);
#2400=VERTEX_POINT('',#8199);
#2401=VERTEX_POINT('',#8206);
#2402=VERTEX_POINT('',#8207);
#2403=VERTEX_POINT('',#8209);
#2404=VERTEX_POINT('',#8211);
#2405=VERTEX_POINT('',#8215);
#2406=VERTEX_POINT('',#8217);
#2407=VERTEX_POINT('',#8221);
#2408=VERTEX_POINT('',#8223);
#2409=VERTEX_POINT('',#8230);
#2410=VERTEX_POINT('',#8231);
#2411=VERTEX_POINT('',#8233);
#2412=VERTEX_POINT('',#8235);
#2413=VERTEX_POINT('',#8239);
#2414=VERTEX_POINT('',#8241);
#2415=VERTEX_POINT('',#8245);
#2416=VERTEX_POINT('',#8247);
#2417=VERTEX_POINT('',#8254);
#2418=VERTEX_POINT('',#8255);
#2419=VERTEX_POINT('',#8257);
#2420=VERTEX_POINT('',#8259);
#2421=VERTEX_POINT('',#8263);
#2422=VERTEX_POINT('',#8265);
#2423=VERTEX_POINT('',#8269);
#2424=VERTEX_POINT('',#8271);
#2425=VERTEX_POINT('',#8278);
#2426=VERTEX_POINT('',#8279);
#2427=VERTEX_POINT('',#8281);
#2428=VERTEX_POINT('',#8283);
#2429=VERTEX_POINT('',#8287);
#2430=VERTEX_POINT('',#8289);
#2431=VERTEX_POINT('',#8293);
#2432=VERTEX_POINT('',#8295);
#2433=VERTEX_POINT('',#8302);
#2434=VERTEX_POINT('',#8303);
#2435=VERTEX_POINT('',#8305);
#2436=VERTEX_POINT('',#8307);
#2437=VERTEX_POINT('',#8340);
#2438=VERTEX_POINT('',#8341);
#2439=VERTEX_POINT('',#8354);
#2440=VERTEX_POINT('',#8355);
#2441=VERTEX_POINT('',#8360);
#2442=VERTEX_POINT('',#8361);
#2443=VERTEX_POINT('',#8366);
#2444=VERTEX_POINT('',#8367);
#2445=VERTEX_POINT('',#8375);
#2446=VERTEX_POINT('',#8377);
#2447=VERTEX_POINT('',#8381);
#2448=VERTEX_POINT('',#8385);
#2449=VERTEX_POINT('',#8392);
#2450=VERTEX_POINT('',#8394);
#2451=VERTEX_POINT('',#8396);
#2452=VERTEX_POINT('',#8398);
#2453=VERTEX_POINT('',#8402);
#2454=VERTEX_POINT('',#8404);
#2455=VERTEX_POINT('',#8408);
#2456=VERTEX_POINT('',#8409);
#2457=VERTEX_POINT('',#8414);
#2458=VERTEX_POINT('',#8415);
#2459=VERTEX_POINT('',#8420);
#2460=VERTEX_POINT('',#8421);
#2461=VERTEX_POINT('',#8429);
#2462=VERTEX_POINT('',#8431);
#2463=VERTEX_POINT('',#8435);
#2464=VERTEX_POINT('',#8437);
#2465=VERTEX_POINT('',#8441);
#2466=VERTEX_POINT('',#8442);
#2467=VERTEX_POINT('',#8447);
#2468=VERTEX_POINT('',#8448);
#2469=VERTEX_POINT('',#8453);
#2470=VERTEX_POINT('',#8454);
#2471=VERTEX_POINT('',#8488);
#2472=VERTEX_POINT('',#8489);
#2473=VERTEX_POINT('',#8505);
#2474=VERTEX_POINT('',#8507);
#2475=VERTEX_POINT('',#8511);
#2476=VERTEX_POINT('',#8515);
#2477=VERTEX_POINT('',#8521);
#2478=VERTEX_POINT('',#8523);
#2479=VERTEX_POINT('',#8527);
#2480=VERTEX_POINT('',#8528);
#2481=VERTEX_POINT('',#8533);
#2482=VERTEX_POINT('',#8534);
#2483=VERTEX_POINT('',#8539);
#2484=VERTEX_POINT('',#8540);
#2485=VERTEX_POINT('',#8548);
#2486=VERTEX_POINT('',#8552);
#2487=VERTEX_POINT('',#8556);
#2488=VERTEX_POINT('',#8560);
#2489=VERTEX_POINT('',#8566);
#2490=VERTEX_POINT('',#8568);
#2491=VERTEX_POINT('',#8572);
#2492=VERTEX_POINT('',#8573);
#2493=VERTEX_POINT('',#8578);
#2494=VERTEX_POINT('',#8579);
#2495=VERTEX_POINT('',#8584);
#2496=VERTEX_POINT('',#8585);
#2497=VERTEX_POINT('',#8593);
#2498=VERTEX_POINT('',#8595);
#2499=VERTEX_POINT('',#8599);
#2500=VERTEX_POINT('',#8600);
#2501=VERTEX_POINT('',#8602);
#2502=VERTEX_POINT('',#8607);
#2503=VERTEX_POINT('',#8611);
#2504=VERTEX_POINT('',#8616);
#2505=VERTEX_POINT('',#8620);
#2506=VERTEX_POINT('',#8621);
#2507=VERTEX_POINT('',#8626);
#2508=VERTEX_POINT('',#8627);
#2509=VERTEX_POINT('',#8632);
#2510=VERTEX_POINT('',#8633);
#2511=VERTEX_POINT('',#8654);
#2512=VERTEX_POINT('',#8658);
#2513=VERTEX_POINT('',#8662);
#2514=VERTEX_POINT('',#8666);
#2515=VERTEX_POINT('',#8672);
#2516=VERTEX_POINT('',#8674);
#2517=VERTEX_POINT('',#8678);
#2518=VERTEX_POINT('',#8679);
#2519=VERTEX_POINT('',#8690);
#2520=VERTEX_POINT('',#8692);
#2521=VERTEX_POINT('',#8694);
#2522=VERTEX_POINT('',#8696);
#2523=VERTEX_POINT('',#8709);
#2524=VERTEX_POINT('',#8710);
#2525=VERTEX_POINT('',#8712);
#2526=VERTEX_POINT('',#8714);
#2527=VERTEX_POINT('',#8716);
#2528=VERTEX_POINT('',#8718);
#2529=VERTEX_POINT('',#8720);
#2530=VERTEX_POINT('',#8722);
#2531=VERTEX_POINT('',#8724);
#2532=VERTEX_POINT('',#8726);
#2533=VERTEX_POINT('',#8728);
#2534=VERTEX_POINT('',#8730);
#2535=VERTEX_POINT('',#8732);
#2536=VERTEX_POINT('',#8734);
#2537=VERTEX_POINT('',#8736);
#2538=VERTEX_POINT('',#8738);
#2539=VERTEX_POINT('',#8742);
#2540=VERTEX_POINT('',#8743);
#2541=VERTEX_POINT('',#8745);
#2542=VERTEX_POINT('',#8747);
#2543=VERTEX_POINT('',#8749);
#2544=VERTEX_POINT('',#8751);
#2545=VERTEX_POINT('',#8753);
#2546=VERTEX_POINT('',#8755);
#2547=VERTEX_POINT('',#8760);
#2548=VERTEX_POINT('',#8761);
#2549=VERTEX_POINT('',#8763);
#2550=VERTEX_POINT('',#8765);
#2551=VERTEX_POINT('',#8767);
#2552=VERTEX_POINT('',#8769);
#2553=VERTEX_POINT('',#8771);
#2554=VERTEX_POINT('',#8773);
#2555=VERTEX_POINT('',#8775);
#2556=VERTEX_POINT('',#8777);
#2557=VERTEX_POINT('',#8779);
#2558=VERTEX_POINT('',#8781);
#2559=VERTEX_POINT('',#8783);
#2560=VERTEX_POINT('',#8785);
#2561=VERTEX_POINT('',#8793);
#2562=VERTEX_POINT('',#8794);
#2563=VERTEX_POINT('',#8796);
#2564=VERTEX_POINT('',#8798);
#2565=VERTEX_POINT('',#8802);
#2566=VERTEX_POINT('',#8804);
#2567=VERTEX_POINT('',#8808);
#2568=VERTEX_POINT('',#8812);
#2569=VERTEX_POINT('',#8814);
#2570=VERTEX_POINT('',#8816);
#2571=VERTEX_POINT('',#8818);
#2572=VERTEX_POINT('',#8820);
#2573=VERTEX_POINT('',#8824);
#2574=VERTEX_POINT('',#8828);
#2575=VERTEX_POINT('',#8832);
#2576=VERTEX_POINT('',#8836);
#2577=VERTEX_POINT('',#8840);
#2578=VERTEX_POINT('',#8844);
#2579=VERTEX_POINT('',#8846);
#2580=VERTEX_POINT('',#8848);
#2581=VERTEX_POINT('',#8852);
#2582=VERTEX_POINT('',#8856);
#2583=VERTEX_POINT('',#8860);
#2584=VERTEX_POINT('',#8862);
#2585=VERTEX_POINT('',#8866);
#2586=VERTEX_POINT('',#8874);
#2587=VERTEX_POINT('',#8878);
#2588=VERTEX_POINT('',#8880);
#2589=VERTEX_POINT('',#8882);
#2590=VERTEX_POINT('',#8884);
#2591=VERTEX_POINT('',#8886);
#2592=VERTEX_POINT('',#8890);
#2593=VERTEX_POINT('',#8892);
#2594=VERTEX_POINT('',#8896);
#2595=VERTEX_POINT('',#8900);
#2596=VERTEX_POINT('',#8901);
#2597=VERTEX_POINT('',#8903);
#2598=VERTEX_POINT('',#8905);
#2599=VERTEX_POINT('',#8909);
#2600=VERTEX_POINT('',#8911);
#2601=VERTEX_POINT('',#8915);
#2602=VERTEX_POINT('',#8917);
#2603=VERTEX_POINT('',#8924);
#2604=VERTEX_POINT('',#8925);
#2605=VERTEX_POINT('',#8927);
#2606=VERTEX_POINT('',#8929);
#2607=VERTEX_POINT('',#8933);
#2608=VERTEX_POINT('',#8935);
#2609=VERTEX_POINT('',#8939);
#2610=VERTEX_POINT('',#8941);
#2611=VERTEX_POINT('',#8945);
#2612=VERTEX_POINT('',#8947);
#2613=VERTEX_POINT('',#8951);
#2614=VERTEX_POINT('',#8953);
#2615=VERTEX_POINT('',#8960);
#2616=VERTEX_POINT('',#8961);
#2617=VERTEX_POINT('',#8963);
#2618=VERTEX_POINT('',#8965);
#2619=VERTEX_POINT('',#8969);
#2620=VERTEX_POINT('',#8971);
#2621=VERTEX_POINT('',#8975);
#2622=VERTEX_POINT('',#8977);
#2623=VERTEX_POINT('',#8984);
#2624=VERTEX_POINT('',#8985);
#2625=VERTEX_POINT('',#8987);
#2626=VERTEX_POINT('',#8989);
#2627=VERTEX_POINT('',#8993);
#2628=VERTEX_POINT('',#8995);
#2629=VERTEX_POINT('',#8999);
#2630=VERTEX_POINT('',#9001);
#2631=VERTEX_POINT('',#9008);
#2632=VERTEX_POINT('',#9009);
#2633=VERTEX_POINT('',#9011);
#2634=VERTEX_POINT('',#9013);
#2635=VERTEX_POINT('',#9017);
#2636=VERTEX_POINT('',#9019);
#2637=VERTEX_POINT('',#9023);
#2638=VERTEX_POINT('',#9025);
#2639=VERTEX_POINT('',#9032);
#2640=VERTEX_POINT('',#9033);
#2641=VERTEX_POINT('',#9035);
#2642=VERTEX_POINT('',#9037);
#2643=VERTEX_POINT('',#9041);
#2644=VERTEX_POINT('',#9043);
#2645=VERTEX_POINT('',#9047);
#2646=VERTEX_POINT('',#9049);
#2647=VERTEX_POINT('',#9056);
#2648=VERTEX_POINT('',#9057);
#2649=VERTEX_POINT('',#9059);
#2650=VERTEX_POINT('',#9061);
#2651=VERTEX_POINT('',#9065);
#2652=VERTEX_POINT('',#9067);
#2653=VERTEX_POINT('',#9071);
#2654=VERTEX_POINT('',#9073);
#2655=VERTEX_POINT('',#9080);
#2656=VERTEX_POINT('',#9084);
#2657=VERTEX_POINT('',#9088);
#2658=VERTEX_POINT('',#9092);
#2659=VERTEX_POINT('',#9098);
#2660=VERTEX_POINT('',#9102);
#2661=VERTEX_POINT('',#9106);
#2662=VERTEX_POINT('',#9110);
#2663=VERTEX_POINT('',#9143);
#2664=VERTEX_POINT('',#9153);
#2665=VERTEX_POINT('',#9155);
#2666=VERTEX_POINT('',#9159);
#2667=VERTEX_POINT('',#9163);
#2668=VERTEX_POINT('',#9165);
#2669=VERTEX_POINT('',#9198);
#2670=VERTEX_POINT('',#9199);
#2671=VERTEX_POINT('',#9212);
#2672=VERTEX_POINT('',#9213);
#2673=VERTEX_POINT('',#9218);
#2674=VERTEX_POINT('',#9219);
#2675=VERTEX_POINT('',#9224);
#2676=VERTEX_POINT('',#9225);
#2677=VERTEX_POINT('',#9230);
#2678=VERTEX_POINT('',#9231);
#2679=VERTEX_POINT('',#9246);
#2680=VERTEX_POINT('',#9247);
#2681=VERTEX_POINT('',#9249);
#2682=VERTEX_POINT('',#9251);
#2683=VERTEX_POINT('',#9255);
#2684=VERTEX_POINT('',#9256);
#2685=VERTEX_POINT('',#9261);
#2686=VERTEX_POINT('',#9262);
#2687=VERTEX_POINT('',#9267);
#2688=VERTEX_POINT('',#9268);
#2689=VERTEX_POINT('',#9273);
#2690=VERTEX_POINT('',#9274);
#2691=VERTEX_POINT('',#9280);
#2692=VERTEX_POINT('',#9282);
#2693=VERTEX_POINT('',#9284);
#2694=VERTEX_POINT('',#9288);
#2695=VERTEX_POINT('',#9290);
#2696=VERTEX_POINT('',#9292);
#2697=VERTEX_POINT('',#9297);
#2698=VERTEX_POINT('',#9301);
#2699=VERTEX_POINT('',#9305);
#2700=VERTEX_POINT('',#9306);
#2701=VERTEX_POINT('',#9311);
#2702=VERTEX_POINT('',#9312);
#2703=VERTEX_POINT('',#9325);
#2704=VERTEX_POINT('',#9327);
#2705=VERTEX_POINT('',#9329);
#2706=VERTEX_POINT('',#9333);
#2707=VERTEX_POINT('',#9334);
#2708=VERTEX_POINT('',#9339);
#2709=VERTEX_POINT('',#9344);
#2710=VERTEX_POINT('',#9348);
#2711=VERTEX_POINT('',#9349);
#2712=VERTEX_POINT('',#9354);
#2713=VERTEX_POINT('',#9359);
#2714=VERTEX_POINT('',#9383);
#2715=VERTEX_POINT('',#9392);
#2716=VERTEX_POINT('',#9393);
#2717=VERTEX_POINT('',#9395);
#2718=VERTEX_POINT('',#9397);
#2719=VERTEX_POINT('',#9401);
#2720=VERTEX_POINT('',#9403);
#2721=VERTEX_POINT('',#9407);
#2722=VERTEX_POINT('',#9409);
#2723=VERTEX_POINT('',#9418);
#2724=VERTEX_POINT('',#9419);
#2725=VERTEX_POINT('',#9421);
#2726=VERTEX_POINT('',#9423);
#2727=VERTEX_POINT('',#9427);
#2728=VERTEX_POINT('',#9429);
#2729=VERTEX_POINT('',#9433);
#2730=VERTEX_POINT('',#9435);
#2731=VERTEX_POINT('',#9444);
#2732=VERTEX_POINT('',#9445);
#2733=VERTEX_POINT('',#9447);
#2734=VERTEX_POINT('',#9449);
#2735=VERTEX_POINT('',#9453);
#2736=VERTEX_POINT('',#9455);
#2737=VERTEX_POINT('',#9459);
#2738=VERTEX_POINT('',#9461);
#2739=VERTEX_POINT('',#9465);
#2740=VERTEX_POINT('',#9467);
#2741=VERTEX_POINT('',#9471);
#2742=VERTEX_POINT('',#9473);
#2743=VERTEX_POINT('',#9482);
#2744=VERTEX_POINT('',#9483);
#2745=VERTEX_POINT('',#9485);
#2746=VERTEX_POINT('',#9487);
#2747=VERTEX_POINT('',#9491);
#2748=VERTEX_POINT('',#9493);
#2749=VERTEX_POINT('',#9497);
#2750=VERTEX_POINT('',#9499);
#2751=VERTEX_POINT('',#9508);
#2752=VERTEX_POINT('',#9509);
#2753=VERTEX_POINT('',#9511);
#2754=VERTEX_POINT('',#9513);
#2755=VERTEX_POINT('',#9517);
#2756=VERTEX_POINT('',#9519);
#2757=VERTEX_POINT('',#9523);
#2758=VERTEX_POINT('',#9525);
#2759=VERTEX_POINT('',#9534);
#2760=VERTEX_POINT('',#9535);
#2761=VERTEX_POINT('',#9537);
#2762=VERTEX_POINT('',#9539);
#2763=VERTEX_POINT('',#9543);
#2764=VERTEX_POINT('',#9545);
#2765=VERTEX_POINT('',#9549);
#2766=VERTEX_POINT('',#9551);
#2767=VERTEX_POINT('',#9560);
#2768=VERTEX_POINT('',#9561);
#2769=VERTEX_POINT('',#9563);
#2770=VERTEX_POINT('',#9565);
#2771=VERTEX_POINT('',#9569);
#2772=VERTEX_POINT('',#9571);
#2773=VERTEX_POINT('',#9575);
#2774=VERTEX_POINT('',#9577);
#2775=VERTEX_POINT('',#9586);
#2776=VERTEX_POINT('',#9587);
#2777=VERTEX_POINT('',#9589);
#2778=VERTEX_POINT('',#9591);
#2779=VERTEX_POINT('',#9595);
#2780=VERTEX_POINT('',#9596);
#2781=VERTEX_POINT('',#9601);
#2782=VERTEX_POINT('',#9605);
#2783=VERTEX_POINT('',#9612);
#2784=VERTEX_POINT('',#9613);
#2785=VERTEX_POINT('',#9615);
#2786=VERTEX_POINT('',#9617);
#2787=VERTEX_POINT('',#9621);
#2788=VERTEX_POINT('',#9622);
#2789=VERTEX_POINT('',#9627);
#2790=VERTEX_POINT('',#9631);
#2791=VERTEX_POINT('',#9638);
#2792=VERTEX_POINT('',#9639);
#2793=VERTEX_POINT('',#9641);
#2794=VERTEX_POINT('',#9643);
#2795=VERTEX_POINT('',#9647);
#2796=VERTEX_POINT('',#9648);
#2797=VERTEX_POINT('',#9653);
#2798=VERTEX_POINT('',#9657);
#2799=VERTEX_POINT('',#9664);
#2800=VERTEX_POINT('',#9665);
#2801=VERTEX_POINT('',#9667);
#2802=VERTEX_POINT('',#9669);
#2803=VERTEX_POINT('',#9673);
#2804=VERTEX_POINT('',#9674);
#2805=VERTEX_POINT('',#9679);
#2806=VERTEX_POINT('',#9683);
#2807=VERTEX_POINT('',#9690);
#2808=VERTEX_POINT('',#9691);
#2809=VERTEX_POINT('',#9693);
#2810=VERTEX_POINT('',#9695);
#2811=VERTEX_POINT('',#9697);
#2812=VERTEX_POINT('',#9699);
#2813=VERTEX_POINT('',#9703);
#2814=VERTEX_POINT('',#9704);
#2815=VERTEX_POINT('',#9709);
#2816=VERTEX_POINT('',#9713);
#2817=VERTEX_POINT('',#9717);
#2818=VERTEX_POINT('',#9721);
#2819=VERTEX_POINT('',#9728);
#2820=VERTEX_POINT('',#9729);
#2821=VERTEX_POINT('',#9731);
#2822=VERTEX_POINT('',#9733);
#2823=VERTEX_POINT('',#9737);
#2824=VERTEX_POINT('',#9738);
#2825=VERTEX_POINT('',#9743);
#2826=VERTEX_POINT('',#9747);
#2827=VERTEX_POINT('',#9754);
#2828=VERTEX_POINT('',#9755);
#2829=VERTEX_POINT('',#9757);
#2830=VERTEX_POINT('',#9759);
#2831=VERTEX_POINT('',#9763);
#2832=VERTEX_POINT('',#9764);
#2833=VERTEX_POINT('',#9769);
#2834=VERTEX_POINT('',#9773);
#2835=EDGE_CURVE('',#2311,#2312,#1023,.T.);
#2836=EDGE_CURVE('',#2311,#2313,#1024,.T.);
#2837=EDGE_CURVE('',#2314,#2313,#1025,.T.);
#2838=EDGE_CURVE('',#2312,#2314,#1026,.T.);
#2839=EDGE_CURVE('',#2313,#2315,#1027,.T.);
#2840=EDGE_CURVE('',#2315,#2316,#1028,.T.);
#2841=EDGE_CURVE('',#2316,#2314,#1029,.T.);
#2842=EDGE_CURVE('',#2312,#2317,#1030,.T.);
#2843=EDGE_CURVE('',#2318,#2317,#180,.T.);
#2844=EDGE_CURVE('',#2318,#2319,#1031,.T.);
#2845=EDGE_CURVE('',#2320,#2319,#181,.T.);
#2846=EDGE_CURVE('',#2320,#2311,#1032,.T.);
#2847=EDGE_CURVE('',#2321,#2322,#1033,.T.);
#2848=EDGE_CURVE('',#2321,#2323,#1034,.T.);
#2849=EDGE_CURVE('',#2324,#2323,#1035,.T.);
#2850=EDGE_CURVE('',#2322,#2324,#1036,.T.);
#2851=EDGE_CURVE('',#2322,#2325,#1037,.T.);
#2852=EDGE_CURVE('',#2326,#2324,#1038,.T.);
#2853=EDGE_CURVE('',#2325,#2326,#1039,.T.);
#2854=EDGE_CURVE('',#2327,#2326,#1040,.T.);
#2855=EDGE_CURVE('',#2323,#2328,#1041,.T.);
#2856=EDGE_CURVE('',#2328,#2329,#1042,.T.);
#2857=EDGE_CURVE('',#2329,#2327,#1043,.T.);
#2858=EDGE_CURVE('',#2325,#2330,#1044,.T.);
#2859=EDGE_CURVE('',#2331,#2330,#182,.T.);
#2860=EDGE_CURVE('',#2331,#2332,#1045,.T.);
#2861=EDGE_CURVE('',#2333,#2332,#183,.T.);
#2862=EDGE_CURVE('',#2333,#2334,#1046,.T.);
#2863=EDGE_CURVE('',#2335,#2334,#184,.T.);
#2864=EDGE_CURVE('',#2335,#2321,#1047,.T.);
#2865=EDGE_CURVE('',#2336,#2337,#1048,.T.);
#2866=EDGE_CURVE('',#2336,#2338,#1049,.T.);
#2867=EDGE_CURVE('',#2339,#2338,#1050,.T.);
#2868=EDGE_CURVE('',#2337,#2339,#1051,.T.);
#2869=EDGE_CURVE('',#2337,#2340,#1052,.T.);
#2870=EDGE_CURVE('',#2341,#2339,#1053,.T.);
#2871=EDGE_CURVE('',#2340,#2341,#1054,.T.);
#2872=EDGE_CURVE('',#2342,#2336,#1055,.T.);
#2873=EDGE_CURVE('',#2342,#2343,#1056,.T.);
#2874=EDGE_CURVE('',#2338,#2343,#1057,.T.);
#2875=EDGE_CURVE('',#2343,#2344,#1058,.T.);
#2876=EDGE_CURVE('',#2344,#2345,#1059,.T.);
#2877=EDGE_CURVE('',#2345,#2346,#1060,.T.);
#2878=EDGE_CURVE('',#2346,#2347,#1061,.T.);
#2879=EDGE_CURVE('',#2347,#2341,#1062,.T.);
#2880=EDGE_CURVE('',#2348,#2349,#1063,.T.);
#2881=EDGE_CURVE('',#2348,#2350,#1064,.T.);
#2882=EDGE_CURVE('',#2351,#2350,#1065,.T.);
#2883=EDGE_CURVE('',#2349,#2351,#1066,.T.);
#2884=EDGE_CURVE('',#2352,#2348,#1067,.T.);
#2885=EDGE_CURVE('',#2352,#2353,#1068,.T.);
#2886=EDGE_CURVE('',#2350,#2353,#1069,.T.);
#2887=EDGE_CURVE('',#2353,#2354,#1070,.T.);
#2888=EDGE_CURVE('',#2354,#2355,#1071,.T.);
#2889=EDGE_CURVE('',#2355,#2356,#1072,.T.);
#2890=EDGE_CURVE('',#2356,#2351,#1073,.T.);
#2891=EDGE_CURVE('',#2349,#2357,#1074,.T.);
#2892=EDGE_CURVE('',#2358,#2357,#185,.T.);
#2893=EDGE_CURVE('',#2358,#2359,#1075,.T.);
#2894=EDGE_CURVE('',#2360,#2359,#186,.T.);
#2895=EDGE_CURVE('',#2360,#2361,#1076,.T.);
#2896=EDGE_CURVE('',#2362,#2361,#187,.T.);
#2897=EDGE_CURVE('',#2362,#2352,#1077,.T.);
#2898=EDGE_CURVE('',#2363,#2364,#1078,.T.);
#2899=EDGE_CURVE('',#2363,#2365,#1079,.T.);
#2900=EDGE_CURVE('',#2366,#2365,#1080,.T.);
#2901=EDGE_CURVE('',#2364,#2366,#1081,.T.);
#2902=EDGE_CURVE('',#2365,#2367,#1082,.T.);
#2903=EDGE_CURVE('',#2367,#2368,#1083,.T.);
#2904=EDGE_CURVE('',#2368,#2366,#1084,.T.);
#2905=EDGE_CURVE('',#2364,#2369,#1085,.T.);
#2906=EDGE_CURVE('',#2370,#2369,#188,.T.);
#2907=EDGE_CURVE('',#2370,#2371,#1086,.T.);
#2908=EDGE_CURVE('',#2372,#2371,#189,.T.);
#2909=EDGE_CURVE('',#2372,#2363,#1087,.T.);
#2910=EDGE_CURVE('',#2373,#2374,#1088,.T.);
#2911=EDGE_CURVE('',#2375,#2373,#1089,.T.);
#2912=EDGE_CURVE('',#2376,#2375,#1090,.T.);
#2913=EDGE_CURVE('',#2376,#2374,#1091,.T.);
#2914=EDGE_CURVE('',#2374,#2377,#1092,.T.);
#2915=EDGE_CURVE('',#2378,#2376,#1093,.T.);
#2916=EDGE_CURVE('',#2378,#2377,#1094,.T.);
#2917=EDGE_CURVE('',#2377,#2379,#1095,.T.);
#2918=EDGE_CURVE('',#2380,#2378,#1096,.T.);
#2919=EDGE_CURVE('',#2380,#2379,#1097,.T.);
#2920=EDGE_CURVE('',#2379,#2373,#1098,.T.);
#2921=EDGE_CURVE('',#2375,#2380,#1099,.T.);
#2922=EDGE_CURVE('',#2381,#2382,#1100,.T.);
#2923=EDGE_CURVE('',#2383,#2381,#1101,.T.);
#2924=EDGE_CURVE('',#2384,#2383,#1102,.T.);
#2925=EDGE_CURVE('',#2384,#2382,#1103,.T.);
#2926=EDGE_CURVE('',#2382,#2385,#1104,.T.);
#2927=EDGE_CURVE('',#2386,#2384,#1105,.T.);
#2928=EDGE_CURVE('',#2386,#2385,#1106,.T.);
#2929=EDGE_CURVE('',#2385,#2387,#1107,.T.);
#2930=EDGE_CURVE('',#2388,#2386,#1108,.T.);
#2931=EDGE_CURVE('',#2388,#2387,#1109,.T.);
#2932=EDGE_CURVE('',#2387,#2381,#1110,.T.);
#2933=EDGE_CURVE('',#2383,#2388,#1111,.T.);
#2934=EDGE_CURVE('',#2389,#2390,#1112,.T.);
#2935=EDGE_CURVE('',#2391,#2389,#1113,.T.);
#2936=EDGE_CURVE('',#2392,#2391,#1114,.T.);
#2937=EDGE_CURVE('',#2392,#2390,#1115,.T.);
#2938=EDGE_CURVE('',#2390,#2393,#1116,.T.);
#2939=EDGE_CURVE('',#2394,#2392,#1117,.T.);
#2940=EDGE_CURVE('',#2394,#2393,#1118,.T.);
#2941=EDGE_CURVE('',#2393,#2395,#1119,.T.);
#2942=EDGE_CURVE('',#2396,#2394,#1120,.T.);
#2943=EDGE_CURVE('',#2396,#2395,#1121,.T.);
#2944=EDGE_CURVE('',#2395,#2397,#1122,.T.);
#2945=EDGE_CURVE('',#2398,#2396,#1123,.T.);
#2946=EDGE_CURVE('',#2398,#2397,#1124,.T.);
#2947=EDGE_CURVE('',#2397,#2399,#1125,.T.);
#2948=EDGE_CURVE('',#2400,#2398,#1126,.T.);
#2949=EDGE_CURVE('',#2400,#2399,#1127,.T.);
#2950=EDGE_CURVE('',#2399,#2389,#1128,.T.);
#2951=EDGE_CURVE('',#2391,#2400,#1129,.T.);
#2952=EDGE_CURVE('',#2401,#2402,#1130,.T.);
#2953=EDGE_CURVE('',#2403,#2401,#1131,.T.);
#2954=EDGE_CURVE('',#2404,#2403,#1132,.T.);
#2955=EDGE_CURVE('',#2404,#2402,#1133,.T.);
#2956=EDGE_CURVE('',#2402,#2405,#1134,.T.);
#2957=EDGE_CURVE('',#2406,#2404,#1135,.T.);
#2958=EDGE_CURVE('',#2406,#2405,#1136,.T.);
#2959=EDGE_CURVE('',#2405,#2407,#1137,.T.);
#2960=EDGE_CURVE('',#2408,#2406,#1138,.T.);
#2961=EDGE_CURVE('',#2408,#2407,#1139,.T.);
#2962=EDGE_CURVE('',#2407,#2401,#1140,.T.);
#2963=EDGE_CURVE('',#2403,#2408,#1141,.T.);
#2964=EDGE_CURVE('',#2409,#2410,#1142,.T.);
#2965=EDGE_CURVE('',#2411,#2409,#1143,.T.);
#2966=EDGE_CURVE('',#2412,#2411,#1144,.T.);
#2967=EDGE_CURVE('',#2412,#2410,#1145,.T.);
#2968=EDGE_CURVE('',#2410,#2413,#1146,.T.);
#2969=EDGE_CURVE('',#2414,#2412,#1147,.T.);
#2970=EDGE_CURVE('',#2414,#2413,#1148,.T.);
#2971=EDGE_CURVE('',#2413,#2415,#1149,.T.);
#2972=EDGE_CURVE('',#2416,#2414,#1150,.T.);
#2973=EDGE_CURVE('',#2416,#2415,#1151,.T.);
#2974=EDGE_CURVE('',#2415,#2409,#1152,.T.);
#2975=EDGE_CURVE('',#2411,#2416,#1153,.T.);
#2976=EDGE_CURVE('',#2417,#2418,#1154,.T.);
#2977=EDGE_CURVE('',#2419,#2417,#1155,.T.);
#2978=EDGE_CURVE('',#2420,#2419,#1156,.T.);
#2979=EDGE_CURVE('',#2420,#2418,#1157,.T.);
#2980=EDGE_CURVE('',#2418,#2421,#1158,.T.);
#2981=EDGE_CURVE('',#2422,#2420,#1159,.T.);
#2982=EDGE_CURVE('',#2422,#2421,#1160,.T.);
#2983=EDGE_CURVE('',#2421,#2423,#1161,.T.);
#2984=EDGE_CURVE('',#2424,#2422,#1162,.T.);
#2985=EDGE_CURVE('',#2424,#2423,#1163,.T.);
#2986=EDGE_CURVE('',#2423,#2417,#1164,.T.);
#2987=EDGE_CURVE('',#2419,#2424,#1165,.T.);
#2988=EDGE_CURVE('',#2425,#2426,#1166,.T.);
#2989=EDGE_CURVE('',#2427,#2425,#1167,.T.);
#2990=EDGE_CURVE('',#2428,#2427,#1168,.T.);
#2991=EDGE_CURVE('',#2428,#2426,#1169,.T.);
#2992=EDGE_CURVE('',#2426,#2429,#1170,.T.);
#2993=EDGE_CURVE('',#2430,#2428,#1171,.T.);
#2994=EDGE_CURVE('',#2430,#2429,#1172,.T.);
#2995=EDGE_CURVE('',#2429,#2431,#1173,.T.);
#2996=EDGE_CURVE('',#2432,#2430,#1174,.T.);
#2997=EDGE_CURVE('',#2432,#2431,#1175,.T.);
#2998=EDGE_CURVE('',#2431,#2425,#1176,.T.);
#2999=EDGE_CURVE('',#2427,#2432,#1177,.T.);
#3000=EDGE_CURVE('',#2433,#2434,#190,.T.);
#3001=EDGE_CURVE('',#2434,#2435,#1178,.T.);
#3002=EDGE_CURVE('',#2435,#2436,#191,.T.);
#3003=EDGE_CURVE('',#2436,#2433,#1179,.T.);
#3004=EDGE_CURVE('',#2437,#2438,#192,.T.);
#3005=EDGE_CURVE('',#2438,#2436,#102,.T.);
#3006=EDGE_CURVE('',#2435,#2437,#103,.T.);
#3007=EDGE_CURVE('',#2439,#2440,#193,.T.);
#3008=EDGE_CURVE('',#2440,#2438,#194,.T.);
#3009=EDGE_CURVE('',#2437,#2439,#195,.T.);
#3010=EDGE_CURVE('',#2441,#2442,#196,.T.);
#3011=EDGE_CURVE('',#2442,#2440,#1180,.T.);
#3012=EDGE_CURVE('',#2439,#2441,#1181,.T.);
#3013=EDGE_CURVE('',#2443,#2444,#197,.T.);
#3014=EDGE_CURVE('',#2444,#2442,#198,.T.);
#3015=EDGE_CURVE('',#2441,#2443,#199,.T.);
#3016=EDGE_CURVE('',#2371,#2444,#1182,.T.);
#3017=EDGE_CURVE('',#2443,#2372,#1183,.T.);
#3018=EDGE_CURVE('',#2445,#2441,#1184,.T.);
#3019=EDGE_CURVE('',#2446,#2445,#200,.T.);
#3020=EDGE_CURVE('',#2446,#2443,#1185,.T.);
#3021=EDGE_CURVE('',#2447,#2437,#1186,.T.);
#3022=EDGE_CURVE('',#2445,#2447,#1187,.T.);
#3023=EDGE_CURVE('',#2448,#2435,#1188,.T.);
#3024=EDGE_CURVE('',#2447,#2448,#201,.T.);
#3025=EDGE_CURVE('',#2340,#2434,#1189,.T.);
#3026=EDGE_CURVE('',#2448,#2347,#1190,.T.);
#3027=EDGE_CURVE('',#2449,#2433,#202,.T.);
#3028=EDGE_CURVE('',#2449,#2450,#1191,.T.);
#3029=EDGE_CURVE('',#2451,#2450,#203,.T.);
#3030=EDGE_CURVE('',#2452,#2451,#204,.T.);
#3031=EDGE_CURVE('',#2452,#2342,#1192,.T.);
#3032=EDGE_CURVE('',#2369,#2453,#1193,.T.);
#3033=EDGE_CURVE('',#2453,#2454,#205,.T.);
#3034=EDGE_CURVE('',#2454,#2370,#1194,.T.);
#3035=EDGE_CURVE('',#2455,#2456,#206,.T.);
#3036=EDGE_CURVE('',#2456,#2454,#207,.T.);
#3037=EDGE_CURVE('',#2453,#2455,#208,.T.);
#3038=EDGE_CURVE('',#2457,#2458,#209,.T.);
#3039=EDGE_CURVE('',#2458,#2456,#1195,.T.);
#3040=EDGE_CURVE('',#2455,#2457,#1196,.T.);
#3041=EDGE_CURVE('',#2459,#2460,#210,.T.);
#3042=EDGE_CURVE('',#2460,#2458,#211,.T.);
#3043=EDGE_CURVE('',#2457,#2459,#212,.T.);
#3044=EDGE_CURVE('',#2334,#2460,#1197,.T.);
#3045=EDGE_CURVE('',#2459,#2335,#1198,.T.);
#3046=EDGE_CURVE('',#2461,#2333,#1199,.T.);
#3047=EDGE_CURVE('',#2462,#2461,#1200,.T.);
#3048=EDGE_CURVE('',#2440,#2462,#1201,.T.);
#3049=EDGE_CURVE('',#2317,#2463,#1202,.T.);
#3050=EDGE_CURVE('',#2463,#2464,#213,.T.);
#3051=EDGE_CURVE('',#2464,#2318,#1203,.T.);
#3052=EDGE_CURVE('',#2465,#2466,#214,.T.);
#3053=EDGE_CURVE('',#2466,#2464,#215,.T.);
#3054=EDGE_CURVE('',#2463,#2465,#216,.T.);
#3055=EDGE_CURVE('',#2467,#2468,#217,.T.);
#3056=EDGE_CURVE('',#2468,#2466,#1204,.T.);
#3057=EDGE_CURVE('',#2465,#2467,#1205,.T.);
#3058=EDGE_CURVE('',#2469,#2470,#218,.T.);
#3059=EDGE_CURVE('',#2470,#2468,#219,.T.);
#3060=EDGE_CURVE('',#2467,#2469,#220,.T.);
#3061=EDGE_CURVE('',#2471,#2472,#221,.T.);
#3062=EDGE_CURVE('',#2472,#2470,#104,.T.);
#3063=EDGE_CURVE('',#2469,#2471,#105,.T.);
#3064=EDGE_CURVE('',#2451,#2472,#1206,.T.);
#3065=EDGE_CURVE('',#2471,#2452,#1207,.T.);
#3066=EDGE_CURVE('',#2473,#2469,#1208,.T.);
#3067=EDGE_CURVE('',#2474,#2473,#222,.T.);
#3068=EDGE_CURVE('',#2474,#2471,#1209,.T.);
#3069=EDGE_CURVE('',#2475,#2465,#1210,.T.);
#3070=EDGE_CURVE('',#2473,#2475,#1211,.T.);
#3071=EDGE_CURVE('',#2476,#2463,#1212,.T.);
#3072=EDGE_CURVE('',#2475,#2476,#223,.T.);
#3073=EDGE_CURVE('',#2476,#2316,#1213,.T.);
#3074=EDGE_CURVE('',#2357,#2477,#1214,.T.);
#3075=EDGE_CURVE('',#2477,#2478,#224,.T.);
#3076=EDGE_CURVE('',#2478,#2358,#1215,.T.);
#3077=EDGE_CURVE('',#2479,#2480,#225,.T.);
#3078=EDGE_CURVE('',#2480,#2478,#226,.T.);
#3079=EDGE_CURVE('',#2477,#2479,#227,.T.);
#3080=EDGE_CURVE('',#2481,#2482,#228,.T.);
#3081=EDGE_CURVE('',#2482,#2480,#1216,.T.);
#3082=EDGE_CURVE('',#2479,#2481,#1217,.T.);
#3083=EDGE_CURVE('',#2483,#2484,#229,.T.);
#3084=EDGE_CURVE('',#2484,#2482,#230,.T.);
#3085=EDGE_CURVE('',#2481,#2483,#231,.T.);
#3086=EDGE_CURVE('',#2319,#2484,#1218,.T.);
#3087=EDGE_CURVE('',#2483,#2320,#1219,.T.);
#3088=EDGE_CURVE('',#2485,#2483,#1220,.T.);
#3089=EDGE_CURVE('',#2315,#2485,#1221,.T.);
#3090=EDGE_CURVE('',#2486,#2481,#1222,.T.);
#3091=EDGE_CURVE('',#2485,#2486,#232,.T.);
#3092=EDGE_CURVE('',#2487,#2479,#1223,.T.);
#3093=EDGE_CURVE('',#2486,#2487,#1224,.T.);
#3094=EDGE_CURVE('',#2488,#2477,#1225,.T.);
#3095=EDGE_CURVE('',#2487,#2488,#233,.T.);
#3096=EDGE_CURVE('',#2488,#2356,#1226,.T.);
#3097=EDGE_CURVE('',#2361,#2489,#1227,.T.);
#3098=EDGE_CURVE('',#2489,#2490,#234,.T.);
#3099=EDGE_CURVE('',#2490,#2362,#1228,.T.);
#3100=EDGE_CURVE('',#2491,#2492,#235,.T.);
#3101=EDGE_CURVE('',#2492,#2490,#236,.T.);
#3102=EDGE_CURVE('',#2489,#2491,#237,.T.);
#3103=EDGE_CURVE('',#2493,#2494,#238,.T.);
#3104=EDGE_CURVE('',#2494,#2492,#1229,.T.);
#3105=EDGE_CURVE('',#2491,#2493,#1230,.T.);
#3106=EDGE_CURVE('',#2495,#2496,#239,.T.);
#3107=EDGE_CURVE('',#2496,#2494,#240,.T.);
#3108=EDGE_CURVE('',#2493,#2495,#241,.T.);
#3109=EDGE_CURVE('',#2330,#2496,#1231,.T.);
#3110=EDGE_CURVE('',#2495,#2331,#1232,.T.);
#3111=EDGE_CURVE('',#2497,#2360,#1233,.T.);
#3112=EDGE_CURVE('',#2498,#2497,#1234,.T.);
#3113=EDGE_CURVE('',#2332,#2498,#1235,.T.);
#3114=EDGE_CURVE('',#2499,#2500,#242,.T.);
#3115=EDGE_CURVE('',#2500,#2501,#243,.T.);
#3116=EDGE_CURVE('',#2501,#2497,#244,.T.);
#3117=EDGE_CURVE('',#2497,#2499,#245,.T.);
#3118=EDGE_CURVE('',#2502,#2498,#246,.T.);
#3119=EDGE_CURVE('',#2501,#2502,#1236,.T.);
#3120=EDGE_CURVE('',#2503,#2461,#247,.T.);
#3121=EDGE_CURVE('',#2461,#2498,#248,.T.);
#3122=EDGE_CURVE('',#2502,#2503,#249,.T.);
#3123=EDGE_CURVE('',#2504,#2462,#250,.T.);
#3124=EDGE_CURVE('',#2503,#2504,#1237,.T.);
#3125=EDGE_CURVE('',#2505,#2506,#251,.T.);
#3126=EDGE_CURVE('',#2506,#2462,#252,.T.);
#3127=EDGE_CURVE('',#2504,#2505,#253,.T.);
#3128=EDGE_CURVE('',#2507,#2508,#254,.T.);
#3129=EDGE_CURVE('',#2508,#2506,#1238,.T.);
#3130=EDGE_CURVE('',#2505,#2507,#1239,.T.);
#3131=EDGE_CURVE('',#2509,#2510,#255,.T.);
#3132=EDGE_CURVE('',#2510,#2508,#256,.T.);
#3133=EDGE_CURVE('',#2507,#2509,#257,.T.);
#3134=EDGE_CURVE('',#2509,#2500,#1240,.T.);
#3135=EDGE_CURVE('',#2499,#2510,#1241,.T.);
#3136=EDGE_CURVE('',#2450,#2508,#1242,.T.);
#3137=EDGE_CURVE('',#2506,#2449,#1243,.T.);
#3138=EDGE_CURVE('',#2510,#2468,#1244,.T.);
#3139=EDGE_CURVE('',#2359,#2499,#1245,.T.);
#3140=EDGE_CURVE('',#2367,#2446,#1246,.T.);
#3141=EDGE_CURVE('',#2511,#2490,#1247,.T.);
#3142=EDGE_CURVE('',#2354,#2511,#1248,.T.);
#3143=EDGE_CURVE('',#2512,#2327,#1249,.T.);
#3144=EDGE_CURVE('',#2512,#2496,#1250,.T.);
#3145=EDGE_CURVE('',#2513,#2512,#258,.T.);
#3146=EDGE_CURVE('',#2513,#2494,#1251,.T.);
#3147=EDGE_CURVE('',#2514,#2513,#1252,.T.);
#3148=EDGE_CURVE('',#2514,#2492,#1253,.T.);
#3149=EDGE_CURVE('',#2511,#2514,#259,.T.);
#3150=EDGE_CURVE('',#2515,#2329,#1254,.T.);
#3151=EDGE_CURVE('',#2515,#2516,#1255,.T.);
#3152=EDGE_CURVE('',#2516,#2355,#1256,.T.);
#3153=EDGE_CURVE('',#2517,#2518,#1257,.T.);
#3154=EDGE_CURVE('',#2516,#2517,#1258,.T.);
#3155=EDGE_CURVE('',#2518,#2515,#1259,.T.);
#3156=EDGE_CURVE('',#2345,#2517,#1260,.T.);
#3157=EDGE_CURVE('',#2518,#2346,#1261,.T.);
#3158=EDGE_CURVE('',#2344,#2474,#1262,.T.);
#3159=EDGE_CURVE('',#2328,#2519,#1263,.T.);
#3160=EDGE_CURVE('',#2519,#2520,#260,.T.);
#3161=EDGE_CURVE('',#2520,#2521,#1264,.T.);
#3162=EDGE_CURVE('',#2521,#2522,#261,.T.);
#3163=EDGE_CURVE('',#2522,#2368,#1265,.T.);
#3164=EDGE_CURVE('',#2521,#2455,#1266,.T.);
#3165=EDGE_CURVE('',#2520,#2457,#1267,.T.);
#3166=EDGE_CURVE('',#2522,#2453,#1268,.T.);
#3167=EDGE_CURVE('',#2519,#2459,#1269,.T.);
#3168=EDGE_CURVE('',#2523,#2524,#1270,.T.);
#3169=EDGE_CURVE('',#2525,#2523,#1271,.T.);
#3170=EDGE_CURVE('',#2525,#2526,#1272,.T.);
#3171=EDGE_CURVE('',#2526,#2527,#1273,.T.);
#3172=EDGE_CURVE('',#2528,#2527,#1274,.T.);
#3173=EDGE_CURVE('',#2529,#2528,#1275,.T.);
#3174=EDGE_CURVE('',#2530,#2529,#1276,.T.);
#3175=EDGE_CURVE('',#2531,#2530,#262,.T.);
#3176=EDGE_CURVE('',#2532,#2531,#1277,.T.);
#3177=EDGE_CURVE('',#2533,#2532,#263,.T.);
#3178=EDGE_CURVE('',#2534,#2533,#1278,.T.);
#3179=EDGE_CURVE('',#2535,#2534,#1279,.T.);
#3180=EDGE_CURVE('',#2536,#2535,#1280,.T.);
#3181=EDGE_CURVE('',#2537,#2536,#264,.T.);
#3182=EDGE_CURVE('',#2538,#2537,#1281,.T.);
#3183=EDGE_CURVE('',#2524,#2538,#265,.T.);
#3184=EDGE_CURVE('',#2539,#2540,#1282,.T.);
#3185=EDGE_CURVE('',#2541,#2539,#266,.T.);
#3186=EDGE_CURVE('',#2542,#2541,#1283,.T.);
#3187=EDGE_CURVE('',#2543,#2542,#267,.T.);
#3188=EDGE_CURVE('',#2544,#2543,#1284,.T.);
#3189=EDGE_CURVE('',#2545,#2544,#1285,.T.);
#3190=EDGE_CURVE('',#2545,#2546,#1286,.T.);
#3191=EDGE_CURVE('',#2546,#2526,#1287,.T.);
#3192=EDGE_CURVE('',#2540,#2525,#1288,.T.);
#3193=EDGE_CURVE('',#2547,#2548,#1289,.T.);
#3194=EDGE_CURVE('',#2549,#2547,#268,.T.);
#3195=EDGE_CURVE('',#2550,#2549,#1290,.T.);
#3196=EDGE_CURVE('',#2551,#2550,#269,.T.);
#3197=EDGE_CURVE('',#2552,#2551,#1291,.T.);
#3198=EDGE_CURVE('',#2553,#2552,#1292,.T.);
#3199=EDGE_CURVE('',#2554,#2553,#1293,.T.);
#3200=EDGE_CURVE('',#2555,#2554,#270,.T.);
#3201=EDGE_CURVE('',#2556,#2555,#1294,.T.);
#3202=EDGE_CURVE('',#2557,#2556,#271,.T.);
#3203=EDGE_CURVE('',#2558,#2557,#1295,.T.);
#3204=EDGE_CURVE('',#2559,#2558,#1296,.T.);
#3205=EDGE_CURVE('',#2559,#2560,#1297,.T.);
#3206=EDGE_CURVE('',#2560,#2546,#1298,.T.);
#3207=EDGE_CURVE('',#2548,#2545,#1299,.T.);
#3208=EDGE_CURVE('',#2528,#2559,#1300,.T.);
#3209=EDGE_CURVE('',#2527,#2560,#1301,.T.);
#3210=EDGE_CURVE('',#2561,#2562,#1302,.T.);
#3211=EDGE_CURVE('',#2563,#2561,#1303,.T.);
#3212=EDGE_CURVE('',#2564,#2563,#1304,.T.);
#3213=EDGE_CURVE('',#2562,#2564,#1305,.T.);
#3214=EDGE_CURVE('',#2539,#2565,#1306,.T.);
#3215=EDGE_CURVE('',#2566,#2565,#272,.T.);
#3216=EDGE_CURVE('',#2541,#2566,#1307,.T.);
#3217=EDGE_CURVE('',#2567,#2540,#1308,.T.);
#3218=EDGE_CURVE('',#2565,#2567,#1309,.T.);
#3219=EDGE_CURVE('',#2523,#2568,#1310,.T.);
#3220=EDGE_CURVE('',#2569,#2568,#273,.T.);
#3221=EDGE_CURVE('',#2569,#2570,#1311,.T.);
#3222=EDGE_CURVE('',#2571,#2570,#274,.T.);
#3223=EDGE_CURVE('',#2571,#2572,#1312,.T.);
#3224=EDGE_CURVE('',#2567,#2572,#275,.T.);
#3225=EDGE_CURVE('',#2524,#2573,#1313,.T.);
#3226=EDGE_CURVE('',#2568,#2573,#1314,.T.);
#3227=EDGE_CURVE('',#2538,#2574,#1315,.T.);
#3228=EDGE_CURVE('',#2573,#2574,#276,.T.);
#3229=EDGE_CURVE('',#2537,#2575,#1316,.T.);
#3230=EDGE_CURVE('',#2574,#2575,#1317,.T.);
#3231=EDGE_CURVE('',#2536,#2576,#1318,.T.);
#3232=EDGE_CURVE('',#2575,#2576,#277,.T.);
#3233=EDGE_CURVE('',#2577,#2535,#1319,.T.);
#3234=EDGE_CURVE('',#2576,#2577,#1320,.T.);
#3235=EDGE_CURVE('',#2534,#2578,#1321,.T.);
#3236=EDGE_CURVE('',#2579,#2578,#278,.T.);
#3237=EDGE_CURVE('',#2579,#2580,#1322,.T.);
#3238=EDGE_CURVE('',#2577,#2580,#279,.T.);
#3239=EDGE_CURVE('',#2533,#2581,#1323,.T.);
#3240=EDGE_CURVE('',#2578,#2581,#1324,.T.);
#3241=EDGE_CURVE('',#2532,#2582,#1325,.T.);
#3242=EDGE_CURVE('',#2581,#2582,#280,.T.);
#3243=EDGE_CURVE('',#2531,#2583,#1326,.T.);
#3244=EDGE_CURVE('',#2584,#2583,#281,.T.);
#3245=EDGE_CURVE('',#2582,#2584,#1327,.T.);
#3246=EDGE_CURVE('',#2530,#2585,#1328,.T.);
#3247=EDGE_CURVE('',#2583,#2585,#106,.T.);
#3248=EDGE_CURVE('',#2586,#2529,#1329,.T.);
#3249=EDGE_CURVE('',#2585,#2586,#1330,.T.);
#3250=EDGE_CURVE('',#2558,#2587,#1331,.T.);
#3251=EDGE_CURVE('',#2588,#2587,#282,.T.);
#3252=EDGE_CURVE('',#2589,#2588,#283,.T.);
#3253=EDGE_CURVE('',#2589,#2590,#1332,.T.);
#3254=EDGE_CURVE('',#2591,#2590,#284,.T.);
#3255=EDGE_CURVE('',#2586,#2591,#285,.T.);
#3256=EDGE_CURVE('',#2592,#2563,#1333,.T.);
#3257=EDGE_CURVE('',#2593,#2592,#1334,.T.);
#3258=EDGE_CURVE('',#2593,#2564,#1335,.T.);
#3259=EDGE_CURVE('',#2594,#2561,#1336,.T.);
#3260=EDGE_CURVE('',#2592,#2594,#1337,.T.);
#3261=EDGE_CURVE('',#2595,#2596,#1338,.T.);
#3262=EDGE_CURVE('',#2597,#2595,#1339,.T.);
#3263=EDGE_CURVE('',#2598,#2597,#1340,.T.);
#3264=EDGE_CURVE('',#2598,#2596,#1341,.T.);
#3265=EDGE_CURVE('',#2596,#2599,#1342,.T.);
#3266=EDGE_CURVE('',#2600,#2598,#1343,.T.);
#3267=EDGE_CURVE('',#2600,#2599,#1344,.T.);
#3268=EDGE_CURVE('',#2599,#2601,#1345,.T.);
#3269=EDGE_CURVE('',#2602,#2600,#1346,.T.);
#3270=EDGE_CURVE('',#2602,#2601,#1347,.T.);
#3271=EDGE_CURVE('',#2601,#2595,#1348,.T.);
#3272=EDGE_CURVE('',#2597,#2602,#1349,.T.);
#3273=EDGE_CURVE('',#2603,#2604,#1350,.T.);
#3274=EDGE_CURVE('',#2605,#2603,#1351,.T.);
#3275=EDGE_CURVE('',#2606,#2605,#1352,.T.);
#3276=EDGE_CURVE('',#2606,#2604,#1353,.T.);
#3277=EDGE_CURVE('',#2604,#2607,#1354,.T.);
#3278=EDGE_CURVE('',#2608,#2606,#1355,.T.);
#3279=EDGE_CURVE('',#2608,#2607,#1356,.T.);
#3280=EDGE_CURVE('',#2607,#2609,#1357,.T.);
#3281=EDGE_CURVE('',#2610,#2608,#1358,.T.);
#3282=EDGE_CURVE('',#2610,#2609,#1359,.T.);
#3283=EDGE_CURVE('',#2609,#2611,#1360,.T.);
#3284=EDGE_CURVE('',#2612,#2610,#1361,.T.);
#3285=EDGE_CURVE('',#2612,#2611,#1362,.T.);
#3286=EDGE_CURVE('',#2611,#2613,#1363,.T.);
#3287=EDGE_CURVE('',#2614,#2612,#1364,.T.);
#3288=EDGE_CURVE('',#2614,#2613,#1365,.T.);
#3289=EDGE_CURVE('',#2613,#2603,#1366,.T.);
#3290=EDGE_CURVE('',#2605,#2614,#1367,.T.);
#3291=EDGE_CURVE('',#2615,#2616,#1368,.T.);
#3292=EDGE_CURVE('',#2617,#2615,#1369,.T.);
#3293=EDGE_CURVE('',#2618,#2617,#1370,.T.);
#3294=EDGE_CURVE('',#2618,#2616,#1371,.T.);
#3295=EDGE_CURVE('',#2616,#2619,#1372,.T.);
#3296=EDGE_CURVE('',#2620,#2618,#1373,.T.);
#3297=EDGE_CURVE('',#2620,#2619,#1374,.T.);
#3298=EDGE_CURVE('',#2619,#2621,#1375,.T.);
#3299=EDGE_CURVE('',#2622,#2620,#1376,.T.);
#3300=EDGE_CURVE('',#2622,#2621,#1377,.T.);
#3301=EDGE_CURVE('',#2621,#2615,#1378,.T.);
#3302=EDGE_CURVE('',#2617,#2622,#1379,.T.);
#3303=EDGE_CURVE('',#2623,#2624,#1380,.T.);
#3304=EDGE_CURVE('',#2625,#2623,#1381,.T.);
#3305=EDGE_CURVE('',#2626,#2625,#1382,.T.);
#3306=EDGE_CURVE('',#2626,#2624,#1383,.T.);
#3307=EDGE_CURVE('',#2624,#2627,#1384,.T.);
#3308=EDGE_CURVE('',#2628,#2626,#1385,.T.);
#3309=EDGE_CURVE('',#2628,#2627,#1386,.T.);
#3310=EDGE_CURVE('',#2627,#2629,#1387,.T.);
#3311=EDGE_CURVE('',#2630,#2628,#1388,.T.);
#3312=EDGE_CURVE('',#2630,#2629,#1389,.T.);
#3313=EDGE_CURVE('',#2629,#2623,#1390,.T.);
#3314=EDGE_CURVE('',#2625,#2630,#1391,.T.);
#3315=EDGE_CURVE('',#2631,#2632,#1392,.T.);
#3316=EDGE_CURVE('',#2633,#2631,#1393,.T.);
#3317=EDGE_CURVE('',#2634,#2633,#1394,.T.);
#3318=EDGE_CURVE('',#2634,#2632,#1395,.T.);
#3319=EDGE_CURVE('',#2632,#2635,#1396,.T.);
#3320=EDGE_CURVE('',#2636,#2634,#1397,.T.);
#3321=EDGE_CURVE('',#2636,#2635,#1398,.T.);
#3322=EDGE_CURVE('',#2635,#2637,#1399,.T.);
#3323=EDGE_CURVE('',#2638,#2636,#1400,.T.);
#3324=EDGE_CURVE('',#2638,#2637,#1401,.T.);
#3325=EDGE_CURVE('',#2637,#2631,#1402,.T.);
#3326=EDGE_CURVE('',#2633,#2638,#1403,.T.);
#3327=EDGE_CURVE('',#2639,#2640,#1404,.T.);
#3328=EDGE_CURVE('',#2641,#2639,#1405,.T.);
#3329=EDGE_CURVE('',#2642,#2641,#1406,.T.);
#3330=EDGE_CURVE('',#2642,#2640,#1407,.T.);
#3331=EDGE_CURVE('',#2640,#2643,#1408,.T.);
#3332=EDGE_CURVE('',#2644,#2642,#1409,.T.);
#3333=EDGE_CURVE('',#2644,#2643,#1410,.T.);
#3334=EDGE_CURVE('',#2643,#2645,#1411,.T.);
#3335=EDGE_CURVE('',#2646,#2644,#1412,.T.);
#3336=EDGE_CURVE('',#2646,#2645,#1413,.T.);
#3337=EDGE_CURVE('',#2645,#2639,#1414,.T.);
#3338=EDGE_CURVE('',#2641,#2646,#1415,.T.);
#3339=EDGE_CURVE('',#2647,#2648,#1416,.T.);
#3340=EDGE_CURVE('',#2649,#2647,#1417,.T.);
#3341=EDGE_CURVE('',#2650,#2649,#1418,.T.);
#3342=EDGE_CURVE('',#2650,#2648,#1419,.T.);
#3343=EDGE_CURVE('',#2648,#2651,#1420,.T.);
#3344=EDGE_CURVE('',#2652,#2650,#1421,.T.);
#3345=EDGE_CURVE('',#2652,#2651,#1422,.T.);
#3346=EDGE_CURVE('',#2651,#2653,#1423,.T.);
#3347=EDGE_CURVE('',#2654,#2652,#1424,.T.);
#3348=EDGE_CURVE('',#2654,#2653,#1425,.T.);
#3349=EDGE_CURVE('',#2653,#2647,#1426,.T.);
#3350=EDGE_CURVE('',#2649,#2654,#1427,.T.);
#3351=EDGE_CURVE('',#2573,#2655,#286,.T.);
#3352=EDGE_CURVE('',#2655,#2569,#1428,.T.);
#3353=EDGE_CURVE('',#2574,#2656,#287,.T.);
#3354=EDGE_CURVE('',#2656,#2655,#288,.T.);
#3355=EDGE_CURVE('',#2575,#2657,#289,.T.);
#3356=EDGE_CURVE('',#2657,#2656,#1429,.T.);
#3357=EDGE_CURVE('',#2576,#2658,#290,.T.);
#3358=EDGE_CURVE('',#2658,#2657,#291,.T.);
#3359=EDGE_CURVE('',#2580,#2658,#1430,.T.);
#3360=EDGE_CURVE('',#2581,#2659,#292,.T.);
#3361=EDGE_CURVE('',#2659,#2579,#1431,.T.);
#3362=EDGE_CURVE('',#2582,#2660,#293,.T.);
#3363=EDGE_CURVE('',#2660,#2659,#294,.T.);
#3364=EDGE_CURVE('',#2584,#2661,#295,.T.);
#3365=EDGE_CURVE('',#2661,#2660,#1432,.T.);
#3366=EDGE_CURVE('',#2583,#2662,#296,.T.);
#3367=EDGE_CURVE('',#2662,#2661,#297,.T.);
#3368=EDGE_CURVE('',#2585,#2663,#298,.T.);
#3369=EDGE_CURVE('',#2663,#2662,#107,.T.);
#3370=EDGE_CURVE('',#2591,#2663,#1433,.T.);
#3371=EDGE_CURVE('',#2664,#2661,#1434,.T.);
#3372=EDGE_CURVE('',#2665,#2664,#1435,.T.);
#3373=EDGE_CURVE('',#2570,#2665,#1436,.T.);
#3374=EDGE_CURVE('',#2590,#2666,#1437,.T.);
#3375=EDGE_CURVE('',#2664,#2666,#299,.T.);
#3376=EDGE_CURVE('',#2587,#2667,#1438,.T.);
#3377=EDGE_CURVE('',#2667,#2668,#300,.T.);
#3378=EDGE_CURVE('',#2668,#2588,#1439,.T.);
#3379=EDGE_CURVE('',#2669,#2670,#301,.T.);
#3380=EDGE_CURVE('',#2670,#2668,#108,.T.);
#3381=EDGE_CURVE('',#2667,#2669,#109,.T.);
#3382=EDGE_CURVE('',#2671,#2672,#302,.T.);
#3383=EDGE_CURVE('',#2672,#2670,#303,.T.);
#3384=EDGE_CURVE('',#2669,#2671,#304,.T.);
#3385=EDGE_CURVE('',#2673,#2674,#305,.T.);
#3386=EDGE_CURVE('',#2674,#2672,#1440,.T.);
#3387=EDGE_CURVE('',#2671,#2673,#1441,.T.);
#3388=EDGE_CURVE('',#2675,#2676,#306,.T.);
#3389=EDGE_CURVE('',#2676,#2674,#307,.T.);
#3390=EDGE_CURVE('',#2673,#2675,#308,.T.);
#3391=EDGE_CURVE('',#2677,#2678,#309,.T.);
#3392=EDGE_CURVE('',#2678,#2676,#1442,.T.);
#3393=EDGE_CURVE('',#2675,#2677,#1443,.T.);
#3394=EDGE_CURVE('',#2677,#2553,#1444,.T.);
#3395=EDGE_CURVE('',#2554,#2675,#1445,.T.);
#3396=EDGE_CURVE('',#2555,#2673,#1446,.T.);
#3397=EDGE_CURVE('',#2556,#2669,#1447,.T.);
#3398=EDGE_CURVE('',#2557,#2667,#1448,.T.);
#3399=EDGE_CURVE('',#2679,#2680,#310,.T.);
#3400=EDGE_CURVE('',#2680,#2681,#1449,.T.);
#3401=EDGE_CURVE('',#2681,#2682,#311,.T.);
#3402=EDGE_CURVE('',#2682,#2679,#1450,.T.);
#3403=EDGE_CURVE('',#2683,#2684,#312,.T.);
#3404=EDGE_CURVE('',#2684,#2682,#313,.T.);
#3405=EDGE_CURVE('',#2681,#2683,#314,.T.);
#3406=EDGE_CURVE('',#2685,#2686,#315,.T.);
#3407=EDGE_CURVE('',#2686,#2684,#1451,.T.);
#3408=EDGE_CURVE('',#2683,#2685,#1452,.T.);
#3409=EDGE_CURVE('',#2687,#2688,#316,.T.);
#3410=EDGE_CURVE('',#2688,#2686,#317,.T.);
#3411=EDGE_CURVE('',#2685,#2687,#318,.T.);
#3412=EDGE_CURVE('',#2689,#2690,#319,.T.);
#3413=EDGE_CURVE('',#2690,#2688,#1453,.T.);
#3414=EDGE_CURVE('',#2687,#2689,#1454,.T.);
#3415=EDGE_CURVE('',#2679,#2678,#1455,.T.);
#3416=EDGE_CURVE('',#2691,#2690,#1456,.T.);
#3417=EDGE_CURVE('',#2692,#2691,#1457,.T.);
#3418=EDGE_CURVE('',#2693,#2692,#1458,.T.);
#3419=EDGE_CURVE('',#2672,#2693,#1459,.T.);
#3420=EDGE_CURVE('',#2544,#2694,#1460,.T.);
#3421=EDGE_CURVE('',#2695,#2694,#320,.T.);
#3422=EDGE_CURVE('',#2695,#2696,#1461,.T.);
#3423=EDGE_CURVE('',#2691,#2696,#321,.T.);
#3424=EDGE_CURVE('',#2689,#2548,#1462,.T.);
#3425=EDGE_CURVE('',#2572,#2697,#1463,.T.);
#3426=EDGE_CURVE('',#2697,#2565,#322,.T.);
#3427=EDGE_CURVE('',#2698,#2566,#323,.T.);
#3428=EDGE_CURVE('',#2697,#2698,#324,.T.);
#3429=EDGE_CURVE('',#2699,#2700,#325,.T.);
#3430=EDGE_CURVE('',#2700,#2566,#1464,.T.);
#3431=EDGE_CURVE('',#2698,#2699,#1465,.T.);
#3432=EDGE_CURVE('',#2701,#2702,#326,.T.);
#3433=EDGE_CURVE('',#2702,#2700,#327,.T.);
#3434=EDGE_CURVE('',#2699,#2701,#328,.T.);
#3435=EDGE_CURVE('',#2694,#2702,#1466,.T.);
#3436=EDGE_CURVE('',#2701,#2695,#1467,.T.);
#3437=EDGE_CURVE('',#2542,#2700,#1468,.T.);
#3438=EDGE_CURVE('',#2543,#2702,#1469,.T.);
#3439=EDGE_CURVE('',#2665,#2703,#329,.T.);
#3440=EDGE_CURVE('',#2703,#2704,#330,.T.);
#3441=EDGE_CURVE('',#2704,#2705,#331,.T.);
#3442=EDGE_CURVE('',#2705,#2665,#332,.T.);
#3443=EDGE_CURVE('',#2706,#2707,#333,.T.);
#3444=EDGE_CURVE('',#2707,#2705,#1470,.T.);
#3445=EDGE_CURVE('',#2704,#2706,#1471,.T.);
#3446=EDGE_CURVE('',#2708,#2692,#334,.T.);
#3447=EDGE_CURVE('',#2692,#2707,#335,.T.);
#3448=EDGE_CURVE('',#2706,#2708,#336,.T.);
#3449=EDGE_CURVE('',#2709,#2693,#337,.T.);
#3450=EDGE_CURVE('',#2708,#2709,#1472,.T.);
#3451=EDGE_CURVE('',#2710,#2711,#338,.T.);
#3452=EDGE_CURVE('',#2711,#2693,#339,.T.);
#3453=EDGE_CURVE('',#2709,#2710,#340,.T.);
#3454=EDGE_CURVE('',#2712,#2666,#341,.T.);
#3455=EDGE_CURVE('',#2666,#2711,#1473,.T.);
#3456=EDGE_CURVE('',#2710,#2712,#1474,.T.);
#3457=EDGE_CURVE('',#2713,#2664,#342,.T.);
#3458=EDGE_CURVE('',#2712,#2713,#343,.T.);
#3459=EDGE_CURVE('',#2713,#2703,#1475,.T.);
#3460=EDGE_CURVE('',#2711,#2589,#1476,.T.);
#3461=EDGE_CURVE('',#2705,#2571,#1477,.T.);
#3462=EDGE_CURVE('',#2547,#2687,#1478,.T.);
#3463=EDGE_CURVE('',#2549,#2685,#1479,.T.);
#3464=EDGE_CURVE('',#2550,#2683,#1480,.T.);
#3465=EDGE_CURVE('',#2551,#2681,#1481,.T.);
#3466=EDGE_CURVE('',#2552,#2680,#1482,.T.);
#3467=EDGE_CURVE('',#2696,#2707,#1483,.T.);
#3468=EDGE_CURVE('',#2714,#2562,#1484,.T.);
#3469=EDGE_CURVE('',#2594,#2714,#1485,.T.);
#3470=EDGE_CURVE('',#2714,#2593,#1486,.T.);
#3471=EDGE_CURVE('',#2715,#2716,#1487,.T.);
#3472=EDGE_CURVE('',#2716,#2717,#1488,.T.);
#3473=EDGE_CURVE('',#2718,#2717,#1489,.T.);
#3474=EDGE_CURVE('',#2715,#2718,#1490,.T.);
#3475=EDGE_CURVE('',#2719,#2715,#1491,.T.);
#3476=EDGE_CURVE('',#2720,#2718,#1492,.T.);
#3477=EDGE_CURVE('',#2719,#2720,#1493,.T.);
#3478=EDGE_CURVE('',#2721,#2719,#1494,.T.);
#3479=EDGE_CURVE('',#2722,#2720,#1495,.T.);
#3480=EDGE_CURVE('',#2721,#2722,#1496,.T.);
#3481=EDGE_CURVE('',#2716,#2721,#1497,.T.);
#3482=EDGE_CURVE('',#2717,#2722,#1498,.T.);
#3483=EDGE_CURVE('',#2723,#2724,#1499,.T.);
#3484=EDGE_CURVE('',#2724,#2725,#1500,.T.);
#3485=EDGE_CURVE('',#2726,#2725,#1501,.T.);
#3486=EDGE_CURVE('',#2723,#2726,#1502,.T.);
#3487=EDGE_CURVE('',#2727,#2723,#1503,.T.);
#3488=EDGE_CURVE('',#2728,#2726,#1504,.T.);
#3489=EDGE_CURVE('',#2727,#2728,#1505,.T.);
#3490=EDGE_CURVE('',#2729,#2727,#1506,.T.);
#3491=EDGE_CURVE('',#2730,#2728,#1507,.T.);
#3492=EDGE_CURVE('',#2729,#2730,#1508,.T.);
#3493=EDGE_CURVE('',#2724,#2729,#1509,.T.);
#3494=EDGE_CURVE('',#2725,#2730,#1510,.T.);
#3495=EDGE_CURVE('',#2731,#2732,#1511,.T.);
#3496=EDGE_CURVE('',#2732,#2733,#1512,.T.);
#3497=EDGE_CURVE('',#2734,#2733,#1513,.T.);
#3498=EDGE_CURVE('',#2731,#2734,#1514,.T.);
#3499=EDGE_CURVE('',#2735,#2731,#1515,.T.);
#3500=EDGE_CURVE('',#2736,#2734,#1516,.T.);
#3501=EDGE_CURVE('',#2735,#2736,#1517,.T.);
#3502=EDGE_CURVE('',#2737,#2735,#1518,.T.);
#3503=EDGE_CURVE('',#2738,#2736,#1519,.T.);
#3504=EDGE_CURVE('',#2737,#2738,#1520,.T.);
#3505=EDGE_CURVE('',#2739,#2737,#1521,.T.);
#3506=EDGE_CURVE('',#2740,#2738,#1522,.T.);
#3507=EDGE_CURVE('',#2739,#2740,#1523,.T.);
#3508=EDGE_CURVE('',#2741,#2739,#1524,.T.);
#3509=EDGE_CURVE('',#2742,#2740,#1525,.T.);
#3510=EDGE_CURVE('',#2741,#2742,#1526,.T.);
#3511=EDGE_CURVE('',#2732,#2741,#1527,.T.);
#3512=EDGE_CURVE('',#2733,#2742,#1528,.T.);
#3513=EDGE_CURVE('',#2743,#2744,#1529,.T.);
#3514=EDGE_CURVE('',#2744,#2745,#1530,.T.);
#3515=EDGE_CURVE('',#2746,#2745,#1531,.T.);
#3516=EDGE_CURVE('',#2743,#2746,#1532,.T.);
#3517=EDGE_CURVE('',#2747,#2743,#1533,.T.);
#3518=EDGE_CURVE('',#2748,#2746,#1534,.T.);
#3519=EDGE_CURVE('',#2747,#2748,#1535,.T.);
#3520=EDGE_CURVE('',#2749,#2747,#1536,.T.);
#3521=EDGE_CURVE('',#2750,#2748,#1537,.T.);
#3522=EDGE_CURVE('',#2749,#2750,#1538,.T.);
#3523=EDGE_CURVE('',#2744,#2749,#1539,.T.);
#3524=EDGE_CURVE('',#2745,#2750,#1540,.T.);
#3525=EDGE_CURVE('',#2751,#2752,#1541,.T.);
#3526=EDGE_CURVE('',#2752,#2753,#1542,.T.);
#3527=EDGE_CURVE('',#2754,#2753,#1543,.T.);
#3528=EDGE_CURVE('',#2751,#2754,#1544,.T.);
#3529=EDGE_CURVE('',#2755,#2751,#1545,.T.);
#3530=EDGE_CURVE('',#2756,#2754,#1546,.T.);
#3531=EDGE_CURVE('',#2755,#2756,#1547,.T.);
#3532=EDGE_CURVE('',#2757,#2755,#1548,.T.);
#3533=EDGE_CURVE('',#2758,#2756,#1549,.T.);
#3534=EDGE_CURVE('',#2757,#2758,#1550,.T.);
#3535=EDGE_CURVE('',#2752,#2757,#1551,.T.);
#3536=EDGE_CURVE('',#2753,#2758,#1552,.T.);
#3537=EDGE_CURVE('',#2759,#2760,#1553,.T.);
#3538=EDGE_CURVE('',#2760,#2761,#1554,.T.);
#3539=EDGE_CURVE('',#2762,#2761,#1555,.T.);
#3540=EDGE_CURVE('',#2759,#2762,#1556,.T.);
#3541=EDGE_CURVE('',#2763,#2759,#1557,.T.);
#3542=EDGE_CURVE('',#2764,#2762,#1558,.T.);
#3543=EDGE_CURVE('',#2763,#2764,#1559,.T.);
#3544=EDGE_CURVE('',#2765,#2763,#1560,.T.);
#3545=EDGE_CURVE('',#2766,#2764,#1561,.T.);
#3546=EDGE_CURVE('',#2765,#2766,#1562,.T.);
#3547=EDGE_CURVE('',#2760,#2765,#1563,.T.);
#3548=EDGE_CURVE('',#2761,#2766,#1564,.T.);
#3549=EDGE_CURVE('',#2767,#2768,#1565,.T.);
#3550=EDGE_CURVE('',#2768,#2769,#1566,.T.);
#3551=EDGE_CURVE('',#2770,#2769,#1567,.T.);
#3552=EDGE_CURVE('',#2767,#2770,#1568,.T.);
#3553=EDGE_CURVE('',#2771,#2767,#1569,.T.);
#3554=EDGE_CURVE('',#2772,#2770,#1570,.T.);
#3555=EDGE_CURVE('',#2771,#2772,#1571,.T.);
#3556=EDGE_CURVE('',#2773,#2771,#1572,.T.);
#3557=EDGE_CURVE('',#2774,#2772,#1573,.T.);
#3558=EDGE_CURVE('',#2773,#2774,#1574,.T.);
#3559=EDGE_CURVE('',#2768,#2773,#1575,.T.);
#3560=EDGE_CURVE('',#2769,#2774,#1576,.T.);
#3561=EDGE_CURVE('',#2775,#2776,#1577,.T.);
#3562=EDGE_CURVE('',#2776,#2777,#1578,.T.);
#3563=EDGE_CURVE('',#2777,#2778,#1579,.T.);
#3564=EDGE_CURVE('',#2778,#2775,#1580,.T.);
#3565=EDGE_CURVE('',#2779,#2780,#1581,.T.);
#3566=EDGE_CURVE('',#2780,#2775,#1582,.T.);
#3567=EDGE_CURVE('',#2779,#2778,#1583,.T.);
#3568=EDGE_CURVE('',#2781,#2779,#1584,.T.);
#3569=EDGE_CURVE('',#2781,#2777,#1585,.T.);
#3570=EDGE_CURVE('',#2782,#2781,#1586,.T.);
#3571=EDGE_CURVE('',#2782,#2776,#1587,.T.);
#3572=EDGE_CURVE('',#2780,#2782,#1588,.T.);
#3573=EDGE_CURVE('',#2783,#2784,#1589,.T.);
#3574=EDGE_CURVE('',#2784,#2785,#1590,.T.);
#3575=EDGE_CURVE('',#2785,#2786,#1591,.T.);
#3576=EDGE_CURVE('',#2786,#2783,#1592,.T.);
#3577=EDGE_CURVE('',#2787,#2788,#1593,.T.);
#3578=EDGE_CURVE('',#2788,#2783,#1594,.T.);
#3579=EDGE_CURVE('',#2787,#2786,#1595,.T.);
#3580=EDGE_CURVE('',#2789,#2787,#1596,.T.);
#3581=EDGE_CURVE('',#2789,#2785,#1597,.T.);
#3582=EDGE_CURVE('',#2790,#2789,#1598,.T.);
#3583=EDGE_CURVE('',#2790,#2784,#1599,.T.);
#3584=EDGE_CURVE('',#2788,#2790,#1600,.T.);
#3585=EDGE_CURVE('',#2791,#2792,#1601,.T.);
#3586=EDGE_CURVE('',#2792,#2793,#1602,.T.);
#3587=EDGE_CURVE('',#2793,#2794,#1603,.T.);
#3588=EDGE_CURVE('',#2794,#2791,#1604,.T.);
#3589=EDGE_CURVE('',#2795,#2796,#1605,.T.);
#3590=EDGE_CURVE('',#2796,#2791,#1606,.T.);
#3591=EDGE_CURVE('',#2795,#2794,#1607,.T.);
#3592=EDGE_CURVE('',#2797,#2795,#1608,.T.);
#3593=EDGE_CURVE('',#2797,#2793,#1609,.T.);
#3594=EDGE_CURVE('',#2798,#2797,#1610,.T.);
#3595=EDGE_CURVE('',#2798,#2792,#1611,.T.);
#3596=EDGE_CURVE('',#2796,#2798,#1612,.T.);
#3597=EDGE_CURVE('',#2799,#2800,#1613,.T.);
#3598=EDGE_CURVE('',#2800,#2801,#1614,.T.);
#3599=EDGE_CURVE('',#2801,#2802,#1615,.T.);
#3600=EDGE_CURVE('',#2802,#2799,#1616,.T.);
#3601=EDGE_CURVE('',#2803,#2804,#1617,.T.);
#3602=EDGE_CURVE('',#2804,#2799,#1618,.T.);
#3603=EDGE_CURVE('',#2803,#2802,#1619,.T.);
#3604=EDGE_CURVE('',#2805,#2803,#1620,.T.);
#3605=EDGE_CURVE('',#2805,#2801,#1621,.T.);
#3606=EDGE_CURVE('',#2806,#2805,#1622,.T.);
#3607=EDGE_CURVE('',#2806,#2800,#1623,.T.);
#3608=EDGE_CURVE('',#2804,#2806,#1624,.T.);
#3609=EDGE_CURVE('',#2807,#2808,#1625,.T.);
#3610=EDGE_CURVE('',#2808,#2809,#1626,.T.);
#3611=EDGE_CURVE('',#2809,#2810,#1627,.T.);
#3612=EDGE_CURVE('',#2810,#2811,#1628,.T.);
#3613=EDGE_CURVE('',#2811,#2812,#1629,.T.);
#3614=EDGE_CURVE('',#2812,#2807,#1630,.T.);
#3615=EDGE_CURVE('',#2813,#2814,#1631,.T.);
#3616=EDGE_CURVE('',#2814,#2807,#1632,.T.);
#3617=EDGE_CURVE('',#2813,#2812,#1633,.T.);
#3618=EDGE_CURVE('',#2815,#2813,#1634,.T.);
#3619=EDGE_CURVE('',#2815,#2811,#1635,.T.);
#3620=EDGE_CURVE('',#2816,#2815,#1636,.T.);
#3621=EDGE_CURVE('',#2816,#2810,#1637,.T.);
#3622=EDGE_CURVE('',#2817,#2816,#1638,.T.);
#3623=EDGE_CURVE('',#2817,#2809,#1639,.T.);
#3624=EDGE_CURVE('',#2818,#2817,#1640,.T.);
#3625=EDGE_CURVE('',#2818,#2808,#1641,.T.);
#3626=EDGE_CURVE('',#2814,#2818,#1642,.T.);
#3627=EDGE_CURVE('',#2819,#2820,#1643,.T.);
#3628=EDGE_CURVE('',#2820,#2821,#1644,.T.);
#3629=EDGE_CURVE('',#2821,#2822,#1645,.T.);
#3630=EDGE_CURVE('',#2822,#2819,#1646,.T.);
#3631=EDGE_CURVE('',#2823,#2824,#1647,.T.);
#3632=EDGE_CURVE('',#2824,#2819,#1648,.T.);
#3633=EDGE_CURVE('',#2823,#2822,#1649,.T.);
#3634=EDGE_CURVE('',#2825,#2823,#1650,.T.);
#3635=EDGE_CURVE('',#2825,#2821,#1651,.T.);
#3636=EDGE_CURVE('',#2826,#2825,#1652,.T.);
#3637=EDGE_CURVE('',#2826,#2820,#1653,.T.);
#3638=EDGE_CURVE('',#2824,#2826,#1654,.T.);
#3639=EDGE_CURVE('',#2827,#2828,#1655,.T.);
#3640=EDGE_CURVE('',#2828,#2829,#1656,.T.);
#3641=EDGE_CURVE('',#2829,#2830,#1657,.T.);
#3642=EDGE_CURVE('',#2830,#2827,#1658,.T.);
#3643=EDGE_CURVE('',#2831,#2832,#1659,.T.);
#3644=EDGE_CURVE('',#2832,#2827,#1660,.T.);
#3645=EDGE_CURVE('',#2831,#2830,#1661,.T.);
#3646=EDGE_CURVE('',#2833,#2831,#1662,.T.);
#3647=EDGE_CURVE('',#2833,#2829,#1663,.T.);
#3648=EDGE_CURVE('',#2834,#2833,#1664,.T.);
#3649=EDGE_CURVE('',#2834,#2828,#1665,.T.);
#3650=EDGE_CURVE('',#2832,#2834,#1666,.T.);
#3651=ORIENTED_EDGE('',*,*,#2835,.F.);
#3652=ORIENTED_EDGE('',*,*,#2836,.T.);
#3653=ORIENTED_EDGE('',*,*,#2837,.F.);
#3654=ORIENTED_EDGE('',*,*,#2838,.F.);
#3655=ORIENTED_EDGE('',*,*,#2837,.T.);
#3656=ORIENTED_EDGE('',*,*,#2839,.T.);
#3657=ORIENTED_EDGE('',*,*,#2840,.T.);
#3658=ORIENTED_EDGE('',*,*,#2841,.T.);
#3659=ORIENTED_EDGE('',*,*,#2835,.T.);
#3660=ORIENTED_EDGE('',*,*,#2842,.T.);
#3661=ORIENTED_EDGE('',*,*,#2843,.F.);
#3662=ORIENTED_EDGE('',*,*,#2844,.T.);
#3663=ORIENTED_EDGE('',*,*,#2845,.F.);
#3664=ORIENTED_EDGE('',*,*,#2846,.T.);
#3665=ORIENTED_EDGE('',*,*,#2847,.F.);
#3666=ORIENTED_EDGE('',*,*,#2848,.T.);
#3667=ORIENTED_EDGE('',*,*,#2849,.F.);
#3668=ORIENTED_EDGE('',*,*,#2850,.F.);
#3669=ORIENTED_EDGE('',*,*,#2851,.F.);
#3670=ORIENTED_EDGE('',*,*,#2850,.T.);
#3671=ORIENTED_EDGE('',*,*,#2852,.F.);
#3672=ORIENTED_EDGE('',*,*,#2853,.F.);
#3673=ORIENTED_EDGE('',*,*,#2854,.T.);
#3674=ORIENTED_EDGE('',*,*,#2852,.T.);
#3675=ORIENTED_EDGE('',*,*,#2849,.T.);
#3676=ORIENTED_EDGE('',*,*,#2855,.T.);
#3677=ORIENTED_EDGE('',*,*,#2856,.T.);
#3678=ORIENTED_EDGE('',*,*,#2857,.T.);
#3679=ORIENTED_EDGE('',*,*,#2847,.T.);
#3680=ORIENTED_EDGE('',*,*,#2851,.T.);
#3681=ORIENTED_EDGE('',*,*,#2858,.T.);
#3682=ORIENTED_EDGE('',*,*,#2859,.F.);
#3683=ORIENTED_EDGE('',*,*,#2860,.T.);
#3684=ORIENTED_EDGE('',*,*,#2861,.F.);
#3685=ORIENTED_EDGE('',*,*,#2862,.T.);
#3686=ORIENTED_EDGE('',*,*,#2863,.F.);
#3687=ORIENTED_EDGE('',*,*,#2864,.T.);
#3688=ORIENTED_EDGE('',*,*,#2865,.F.);
#3689=ORIENTED_EDGE('',*,*,#2866,.T.);
#3690=ORIENTED_EDGE('',*,*,#2867,.F.);
#3691=ORIENTED_EDGE('',*,*,#2868,.F.);
#3692=ORIENTED_EDGE('',*,*,#2869,.F.);
#3693=ORIENTED_EDGE('',*,*,#2868,.T.);
#3694=ORIENTED_EDGE('',*,*,#2870,.F.);
#3695=ORIENTED_EDGE('',*,*,#2871,.F.);
#3696=ORIENTED_EDGE('',*,*,#2872,.F.);
#3697=ORIENTED_EDGE('',*,*,#2873,.T.);
#3698=ORIENTED_EDGE('',*,*,#2874,.F.);
#3699=ORIENTED_EDGE('',*,*,#2866,.F.);
#3700=ORIENTED_EDGE('',*,*,#2874,.T.);
#3701=ORIENTED_EDGE('',*,*,#2875,.T.);
#3702=ORIENTED_EDGE('',*,*,#2876,.T.);
#3703=ORIENTED_EDGE('',*,*,#2877,.T.);
#3704=ORIENTED_EDGE('',*,*,#2878,.T.);
#3705=ORIENTED_EDGE('',*,*,#2879,.T.);
#3706=ORIENTED_EDGE('',*,*,#2870,.T.);
#3707=ORIENTED_EDGE('',*,*,#2867,.T.);
#3708=ORIENTED_EDGE('',*,*,#2880,.F.);
#3709=ORIENTED_EDGE('',*,*,#2881,.T.);
#3710=ORIENTED_EDGE('',*,*,#2882,.F.);
#3711=ORIENTED_EDGE('',*,*,#2883,.F.);
#3712=ORIENTED_EDGE('',*,*,#2884,.F.);
#3713=ORIENTED_EDGE('',*,*,#2885,.T.);
#3714=ORIENTED_EDGE('',*,*,#2886,.F.);
#3715=ORIENTED_EDGE('',*,*,#2881,.F.);
#3716=ORIENTED_EDGE('',*,*,#2886,.T.);
#3717=ORIENTED_EDGE('',*,*,#2887,.T.);
#3718=ORIENTED_EDGE('',*,*,#2888,.T.);
#3719=ORIENTED_EDGE('',*,*,#2889,.T.);
#3720=ORIENTED_EDGE('',*,*,#2890,.T.);
#3721=ORIENTED_EDGE('',*,*,#2882,.T.);
#3722=ORIENTED_EDGE('',*,*,#2884,.T.);
#3723=ORIENTED_EDGE('',*,*,#2880,.T.);
#3724=ORIENTED_EDGE('',*,*,#2891,.T.);
#3725=ORIENTED_EDGE('',*,*,#2892,.F.);
#3726=ORIENTED_EDGE('',*,*,#2893,.T.);
#3727=ORIENTED_EDGE('',*,*,#2894,.F.);
#3728=ORIENTED_EDGE('',*,*,#2895,.T.);
#3729=ORIENTED_EDGE('',*,*,#2896,.F.);
#3730=ORIENTED_EDGE('',*,*,#2897,.T.);
#3731=ORIENTED_EDGE('',*,*,#2898,.F.);
#3732=ORIENTED_EDGE('',*,*,#2899,.T.);
#3733=ORIENTED_EDGE('',*,*,#2900,.F.);
#3734=ORIENTED_EDGE('',*,*,#2901,.F.);
#3735=ORIENTED_EDGE('',*,*,#2900,.T.);
#3736=ORIENTED_EDGE('',*,*,#2902,.T.);
#3737=ORIENTED_EDGE('',*,*,#2903,.T.);
#3738=ORIENTED_EDGE('',*,*,#2904,.T.);
#3739=ORIENTED_EDGE('',*,*,#2898,.T.);
#3740=ORIENTED_EDGE('',*,*,#2905,.T.);
#3741=ORIENTED_EDGE('',*,*,#2906,.F.);
#3742=ORIENTED_EDGE('',*,*,#2907,.T.);
#3743=ORIENTED_EDGE('',*,*,#2908,.F.);
#3744=ORIENTED_EDGE('',*,*,#2909,.T.);
#3745=ORIENTED_EDGE('',*,*,#2910,.F.);
#3746=ORIENTED_EDGE('',*,*,#2911,.F.);
#3747=ORIENTED_EDGE('',*,*,#2912,.F.);
#3748=ORIENTED_EDGE('',*,*,#2913,.T.);
#3749=ORIENTED_EDGE('',*,*,#2914,.F.);
#3750=ORIENTED_EDGE('',*,*,#2913,.F.);
#3751=ORIENTED_EDGE('',*,*,#2915,.F.);
#3752=ORIENTED_EDGE('',*,*,#2916,.T.);
#3753=ORIENTED_EDGE('',*,*,#2917,.F.);
#3754=ORIENTED_EDGE('',*,*,#2916,.F.);
#3755=ORIENTED_EDGE('',*,*,#2918,.F.);
#3756=ORIENTED_EDGE('',*,*,#2919,.T.);
#3757=ORIENTED_EDGE('',*,*,#2920,.F.);
#3758=ORIENTED_EDGE('',*,*,#2919,.F.);
#3759=ORIENTED_EDGE('',*,*,#2921,.F.);
#3760=ORIENTED_EDGE('',*,*,#2911,.T.);
#3761=ORIENTED_EDGE('',*,*,#2922,.F.);
#3762=ORIENTED_EDGE('',*,*,#2923,.F.);
#3763=ORIENTED_EDGE('',*,*,#2924,.F.);
#3764=ORIENTED_EDGE('',*,*,#2925,.T.);
#3765=ORIENTED_EDGE('',*,*,#2926,.F.);
#3766=ORIENTED_EDGE('',*,*,#2925,.F.);
#3767=ORIENTED_EDGE('',*,*,#2927,.F.);
#3768=ORIENTED_EDGE('',*,*,#2928,.T.);
#3769=ORIENTED_EDGE('',*,*,#2929,.F.);
#3770=ORIENTED_EDGE('',*,*,#2928,.F.);
#3771=ORIENTED_EDGE('',*,*,#2930,.F.);
#3772=ORIENTED_EDGE('',*,*,#2931,.T.);
#3773=ORIENTED_EDGE('',*,*,#2932,.F.);
#3774=ORIENTED_EDGE('',*,*,#2931,.F.);
#3775=ORIENTED_EDGE('',*,*,#2933,.F.);
#3776=ORIENTED_EDGE('',*,*,#2923,.T.);
#3777=ORIENTED_EDGE('',*,*,#2934,.F.);
#3778=ORIENTED_EDGE('',*,*,#2935,.F.);
#3779=ORIENTED_EDGE('',*,*,#2936,.F.);
#3780=ORIENTED_EDGE('',*,*,#2937,.T.);
#3781=ORIENTED_EDGE('',*,*,#2938,.F.);
#3782=ORIENTED_EDGE('',*,*,#2937,.F.);
#3783=ORIENTED_EDGE('',*,*,#2939,.F.);
#3784=ORIENTED_EDGE('',*,*,#2940,.T.);
#3785=ORIENTED_EDGE('',*,*,#2941,.F.);
#3786=ORIENTED_EDGE('',*,*,#2940,.F.);
#3787=ORIENTED_EDGE('',*,*,#2942,.F.);
#3788=ORIENTED_EDGE('',*,*,#2943,.T.);
#3789=ORIENTED_EDGE('',*,*,#2944,.F.);
#3790=ORIENTED_EDGE('',*,*,#2943,.F.);
#3791=ORIENTED_EDGE('',*,*,#2945,.F.);
#3792=ORIENTED_EDGE('',*,*,#2946,.T.);
#3793=ORIENTED_EDGE('',*,*,#2947,.F.);
#3794=ORIENTED_EDGE('',*,*,#2946,.F.);
#3795=ORIENTED_EDGE('',*,*,#2948,.F.);
#3796=ORIENTED_EDGE('',*,*,#2949,.T.);
#3797=ORIENTED_EDGE('',*,*,#2950,.F.);
#3798=ORIENTED_EDGE('',*,*,#2949,.F.);
#3799=ORIENTED_EDGE('',*,*,#2951,.F.);
#3800=ORIENTED_EDGE('',*,*,#2935,.T.);
#3801=ORIENTED_EDGE('',*,*,#2952,.F.);
#3802=ORIENTED_EDGE('',*,*,#2953,.F.);
#3803=ORIENTED_EDGE('',*,*,#2954,.F.);
#3804=ORIENTED_EDGE('',*,*,#2955,.T.);
#3805=ORIENTED_EDGE('',*,*,#2956,.F.);
#3806=ORIENTED_EDGE('',*,*,#2955,.F.);
#3807=ORIENTED_EDGE('',*,*,#2957,.F.);
#3808=ORIENTED_EDGE('',*,*,#2958,.T.);
#3809=ORIENTED_EDGE('',*,*,#2959,.F.);
#3810=ORIENTED_EDGE('',*,*,#2958,.F.);
#3811=ORIENTED_EDGE('',*,*,#2960,.F.);
#3812=ORIENTED_EDGE('',*,*,#2961,.T.);
#3813=ORIENTED_EDGE('',*,*,#2962,.F.);
#3814=ORIENTED_EDGE('',*,*,#2961,.F.);
#3815=ORIENTED_EDGE('',*,*,#2963,.F.);
#3816=ORIENTED_EDGE('',*,*,#2953,.T.);
#3817=ORIENTED_EDGE('',*,*,#2964,.F.);
#3818=ORIENTED_EDGE('',*,*,#2965,.F.);
#3819=ORIENTED_EDGE('',*,*,#2966,.F.);
#3820=ORIENTED_EDGE('',*,*,#2967,.T.);
#3821=ORIENTED_EDGE('',*,*,#2968,.F.);
#3822=ORIENTED_EDGE('',*,*,#2967,.F.);
#3823=ORIENTED_EDGE('',*,*,#2969,.F.);
#3824=ORIENTED_EDGE('',*,*,#2970,.T.);
#3825=ORIENTED_EDGE('',*,*,#2971,.F.);
#3826=ORIENTED_EDGE('',*,*,#2970,.F.);
#3827=ORIENTED_EDGE('',*,*,#2972,.F.);
#3828=ORIENTED_EDGE('',*,*,#2973,.T.);
#3829=ORIENTED_EDGE('',*,*,#2974,.F.);
#3830=ORIENTED_EDGE('',*,*,#2973,.F.);
#3831=ORIENTED_EDGE('',*,*,#2975,.F.);
#3832=ORIENTED_EDGE('',*,*,#2965,.T.);
#3833=ORIENTED_EDGE('',*,*,#2976,.F.);
#3834=ORIENTED_EDGE('',*,*,#2977,.F.);
#3835=ORIENTED_EDGE('',*,*,#2978,.F.);
#3836=ORIENTED_EDGE('',*,*,#2979,.T.);
#3837=ORIENTED_EDGE('',*,*,#2980,.F.);
#3838=ORIENTED_EDGE('',*,*,#2979,.F.);
#3839=ORIENTED_EDGE('',*,*,#2981,.F.);
#3840=ORIENTED_EDGE('',*,*,#2982,.T.);
#3841=ORIENTED_EDGE('',*,*,#2983,.F.);
#3842=ORIENTED_EDGE('',*,*,#2982,.F.);
#3843=ORIENTED_EDGE('',*,*,#2984,.F.);
#3844=ORIENTED_EDGE('',*,*,#2985,.T.);
#3845=ORIENTED_EDGE('',*,*,#2986,.F.);
#3846=ORIENTED_EDGE('',*,*,#2985,.F.);
#3847=ORIENTED_EDGE('',*,*,#2987,.F.);
#3848=ORIENTED_EDGE('',*,*,#2977,.T.);
#3849=ORIENTED_EDGE('',*,*,#2988,.F.);
#3850=ORIENTED_EDGE('',*,*,#2989,.F.);
#3851=ORIENTED_EDGE('',*,*,#2990,.F.);
#3852=ORIENTED_EDGE('',*,*,#2991,.T.);
#3853=ORIENTED_EDGE('',*,*,#2992,.F.);
#3854=ORIENTED_EDGE('',*,*,#2991,.F.);
#3855=ORIENTED_EDGE('',*,*,#2993,.F.);
#3856=ORIENTED_EDGE('',*,*,#2994,.T.);
#3857=ORIENTED_EDGE('',*,*,#2995,.F.);
#3858=ORIENTED_EDGE('',*,*,#2994,.F.);
#3859=ORIENTED_EDGE('',*,*,#2996,.F.);
#3860=ORIENTED_EDGE('',*,*,#2997,.T.);
#3861=ORIENTED_EDGE('',*,*,#2998,.F.);
#3862=ORIENTED_EDGE('',*,*,#2997,.F.);
#3863=ORIENTED_EDGE('',*,*,#2999,.F.);
#3864=ORIENTED_EDGE('',*,*,#2989,.T.);
#3865=ORIENTED_EDGE('',*,*,#3000,.T.);
#3866=ORIENTED_EDGE('',*,*,#3001,.T.);
#3867=ORIENTED_EDGE('',*,*,#3002,.T.);
#3868=ORIENTED_EDGE('',*,*,#3003,.T.);
#3869=ORIENTED_EDGE('',*,*,#3004,.T.);
#3870=ORIENTED_EDGE('',*,*,#3005,.T.);
#3871=ORIENTED_EDGE('',*,*,#3002,.F.);
#3872=ORIENTED_EDGE('',*,*,#3006,.T.);
#3873=ORIENTED_EDGE('',*,*,#3007,.T.);
#3874=ORIENTED_EDGE('',*,*,#3008,.T.);
#3875=ORIENTED_EDGE('',*,*,#3004,.F.);
#3876=ORIENTED_EDGE('',*,*,#3009,.T.);
#3877=ORIENTED_EDGE('',*,*,#3010,.T.);
#3878=ORIENTED_EDGE('',*,*,#3011,.T.);
#3879=ORIENTED_EDGE('',*,*,#3007,.F.);
#3880=ORIENTED_EDGE('',*,*,#3012,.T.);
#3881=ORIENTED_EDGE('',*,*,#3013,.T.);
#3882=ORIENTED_EDGE('',*,*,#3014,.T.);
#3883=ORIENTED_EDGE('',*,*,#3010,.F.);
#3884=ORIENTED_EDGE('',*,*,#3015,.T.);
#3885=ORIENTED_EDGE('',*,*,#2908,.T.);
#3886=ORIENTED_EDGE('',*,*,#3016,.T.);
#3887=ORIENTED_EDGE('',*,*,#3013,.F.);
#3888=ORIENTED_EDGE('',*,*,#3017,.T.);
#3889=ORIENTED_EDGE('',*,*,#3015,.F.);
#3890=ORIENTED_EDGE('',*,*,#3018,.F.);
#3891=ORIENTED_EDGE('',*,*,#3019,.F.);
#3892=ORIENTED_EDGE('',*,*,#3020,.T.);
#3893=ORIENTED_EDGE('',*,*,#3012,.F.);
#3894=ORIENTED_EDGE('',*,*,#3009,.F.);
#3895=ORIENTED_EDGE('',*,*,#3021,.F.);
#3896=ORIENTED_EDGE('',*,*,#3022,.F.);
#3897=ORIENTED_EDGE('',*,*,#3018,.T.);
#3898=ORIENTED_EDGE('',*,*,#3006,.F.);
#3899=ORIENTED_EDGE('',*,*,#3023,.F.);
#3900=ORIENTED_EDGE('',*,*,#3024,.F.);
#3901=ORIENTED_EDGE('',*,*,#3021,.T.);
#3902=ORIENTED_EDGE('',*,*,#3001,.F.);
#3903=ORIENTED_EDGE('',*,*,#3025,.F.);
#3904=ORIENTED_EDGE('',*,*,#2871,.T.);
#3905=ORIENTED_EDGE('',*,*,#2879,.F.);
#3906=ORIENTED_EDGE('',*,*,#3026,.F.);
#3907=ORIENTED_EDGE('',*,*,#3023,.T.);
#3908=ORIENTED_EDGE('',*,*,#2869,.T.);
#3909=ORIENTED_EDGE('',*,*,#3025,.T.);
#3910=ORIENTED_EDGE('',*,*,#3000,.F.);
#3911=ORIENTED_EDGE('',*,*,#3027,.F.);
#3912=ORIENTED_EDGE('',*,*,#3028,.T.);
#3913=ORIENTED_EDGE('',*,*,#3029,.F.);
#3914=ORIENTED_EDGE('',*,*,#3030,.F.);
#3915=ORIENTED_EDGE('',*,*,#3031,.T.);
#3916=ORIENTED_EDGE('',*,*,#2872,.T.);
#3917=ORIENTED_EDGE('',*,*,#2865,.T.);
#3918=ORIENTED_EDGE('',*,*,#2906,.T.);
#3919=ORIENTED_EDGE('',*,*,#3032,.T.);
#3920=ORIENTED_EDGE('',*,*,#3033,.T.);
#3921=ORIENTED_EDGE('',*,*,#3034,.T.);
#3922=ORIENTED_EDGE('',*,*,#3035,.T.);
#3923=ORIENTED_EDGE('',*,*,#3036,.T.);
#3924=ORIENTED_EDGE('',*,*,#3033,.F.);
#3925=ORIENTED_EDGE('',*,*,#3037,.T.);
#3926=ORIENTED_EDGE('',*,*,#3038,.T.);
#3927=ORIENTED_EDGE('',*,*,#3039,.T.);
#3928=ORIENTED_EDGE('',*,*,#3035,.F.);
#3929=ORIENTED_EDGE('',*,*,#3040,.T.);
#3930=ORIENTED_EDGE('',*,*,#3041,.T.);
#3931=ORIENTED_EDGE('',*,*,#3042,.T.);
#3932=ORIENTED_EDGE('',*,*,#3038,.F.);
#3933=ORIENTED_EDGE('',*,*,#3043,.T.);
#3934=ORIENTED_EDGE('',*,*,#2863,.T.);
#3935=ORIENTED_EDGE('',*,*,#3044,.T.);
#3936=ORIENTED_EDGE('',*,*,#3041,.F.);
#3937=ORIENTED_EDGE('',*,*,#3045,.T.);
#3938=ORIENTED_EDGE('',*,*,#3016,.F.);
#3939=ORIENTED_EDGE('',*,*,#2907,.F.);
#3940=ORIENTED_EDGE('',*,*,#3034,.F.);
#3941=ORIENTED_EDGE('',*,*,#3036,.F.);
#3942=ORIENTED_EDGE('',*,*,#3039,.F.);
#3943=ORIENTED_EDGE('',*,*,#3042,.F.);
#3944=ORIENTED_EDGE('',*,*,#3044,.F.);
#3945=ORIENTED_EDGE('',*,*,#2862,.F.);
#3946=ORIENTED_EDGE('',*,*,#3046,.F.);
#3947=ORIENTED_EDGE('',*,*,#3047,.F.);
#3948=ORIENTED_EDGE('',*,*,#3048,.F.);
#3949=ORIENTED_EDGE('',*,*,#3011,.F.);
#3950=ORIENTED_EDGE('',*,*,#3014,.F.);
#3951=ORIENTED_EDGE('',*,*,#2843,.T.);
#3952=ORIENTED_EDGE('',*,*,#3049,.T.);
#3953=ORIENTED_EDGE('',*,*,#3050,.T.);
#3954=ORIENTED_EDGE('',*,*,#3051,.T.);
#3955=ORIENTED_EDGE('',*,*,#3052,.T.);
#3956=ORIENTED_EDGE('',*,*,#3053,.T.);
#3957=ORIENTED_EDGE('',*,*,#3050,.F.);
#3958=ORIENTED_EDGE('',*,*,#3054,.T.);
#3959=ORIENTED_EDGE('',*,*,#3055,.T.);
#3960=ORIENTED_EDGE('',*,*,#3056,.T.);
#3961=ORIENTED_EDGE('',*,*,#3052,.F.);
#3962=ORIENTED_EDGE('',*,*,#3057,.T.);
#3963=ORIENTED_EDGE('',*,*,#3058,.T.);
#3964=ORIENTED_EDGE('',*,*,#3059,.T.);
#3965=ORIENTED_EDGE('',*,*,#3055,.F.);
#3966=ORIENTED_EDGE('',*,*,#3060,.T.);
#3967=ORIENTED_EDGE('',*,*,#3061,.T.);
#3968=ORIENTED_EDGE('',*,*,#3062,.T.);
#3969=ORIENTED_EDGE('',*,*,#3058,.F.);
#3970=ORIENTED_EDGE('',*,*,#3063,.T.);
#3971=ORIENTED_EDGE('',*,*,#3030,.T.);
#3972=ORIENTED_EDGE('',*,*,#3064,.T.);
#3973=ORIENTED_EDGE('',*,*,#3061,.F.);
#3974=ORIENTED_EDGE('',*,*,#3065,.T.);
#3975=ORIENTED_EDGE('',*,*,#3063,.F.);
#3976=ORIENTED_EDGE('',*,*,#3066,.F.);
#3977=ORIENTED_EDGE('',*,*,#3067,.F.);
#3978=ORIENTED_EDGE('',*,*,#3068,.T.);
#3979=ORIENTED_EDGE('',*,*,#3060,.F.);
#3980=ORIENTED_EDGE('',*,*,#3057,.F.);
#3981=ORIENTED_EDGE('',*,*,#3069,.F.);
#3982=ORIENTED_EDGE('',*,*,#3070,.F.);
#3983=ORIENTED_EDGE('',*,*,#3066,.T.);
#3984=ORIENTED_EDGE('',*,*,#3054,.F.);
#3985=ORIENTED_EDGE('',*,*,#3071,.F.);
#3986=ORIENTED_EDGE('',*,*,#3072,.F.);
#3987=ORIENTED_EDGE('',*,*,#3069,.T.);
#3988=ORIENTED_EDGE('',*,*,#3049,.F.);
#3989=ORIENTED_EDGE('',*,*,#2842,.F.);
#3990=ORIENTED_EDGE('',*,*,#2838,.T.);
#3991=ORIENTED_EDGE('',*,*,#2841,.F.);
#3992=ORIENTED_EDGE('',*,*,#3073,.F.);
#3993=ORIENTED_EDGE('',*,*,#3071,.T.);
#3994=ORIENTED_EDGE('',*,*,#2892,.T.);
#3995=ORIENTED_EDGE('',*,*,#3074,.T.);
#3996=ORIENTED_EDGE('',*,*,#3075,.T.);
#3997=ORIENTED_EDGE('',*,*,#3076,.T.);
#3998=ORIENTED_EDGE('',*,*,#3077,.T.);
#3999=ORIENTED_EDGE('',*,*,#3078,.T.);
#4000=ORIENTED_EDGE('',*,*,#3075,.F.);
#4001=ORIENTED_EDGE('',*,*,#3079,.T.);
#4002=ORIENTED_EDGE('',*,*,#3080,.T.);
#4003=ORIENTED_EDGE('',*,*,#3081,.T.);
#4004=ORIENTED_EDGE('',*,*,#3077,.F.);
#4005=ORIENTED_EDGE('',*,*,#3082,.T.);
#4006=ORIENTED_EDGE('',*,*,#3083,.T.);
#4007=ORIENTED_EDGE('',*,*,#3084,.T.);
#4008=ORIENTED_EDGE('',*,*,#3080,.F.);
#4009=ORIENTED_EDGE('',*,*,#3085,.T.);
#4010=ORIENTED_EDGE('',*,*,#2845,.T.);
#4011=ORIENTED_EDGE('',*,*,#3086,.T.);
#4012=ORIENTED_EDGE('',*,*,#3083,.F.);
#4013=ORIENTED_EDGE('',*,*,#3087,.T.);
#4014=ORIENTED_EDGE('',*,*,#3087,.F.);
#4015=ORIENTED_EDGE('',*,*,#3088,.F.);
#4016=ORIENTED_EDGE('',*,*,#3089,.F.);
#4017=ORIENTED_EDGE('',*,*,#2839,.F.);
#4018=ORIENTED_EDGE('',*,*,#2836,.F.);
#4019=ORIENTED_EDGE('',*,*,#2846,.F.);
#4020=ORIENTED_EDGE('',*,*,#3085,.F.);
#4021=ORIENTED_EDGE('',*,*,#3090,.F.);
#4022=ORIENTED_EDGE('',*,*,#3091,.F.);
#4023=ORIENTED_EDGE('',*,*,#3088,.T.);
#4024=ORIENTED_EDGE('',*,*,#3082,.F.);
#4025=ORIENTED_EDGE('',*,*,#3092,.F.);
#4026=ORIENTED_EDGE('',*,*,#3093,.F.);
#4027=ORIENTED_EDGE('',*,*,#3090,.T.);
#4028=ORIENTED_EDGE('',*,*,#3079,.F.);
#4029=ORIENTED_EDGE('',*,*,#3094,.F.);
#4030=ORIENTED_EDGE('',*,*,#3095,.F.);
#4031=ORIENTED_EDGE('',*,*,#3092,.T.);
#4032=ORIENTED_EDGE('',*,*,#3074,.F.);
#4033=ORIENTED_EDGE('',*,*,#2891,.F.);
#4034=ORIENTED_EDGE('',*,*,#2883,.T.);
#4035=ORIENTED_EDGE('',*,*,#2890,.F.);
#4036=ORIENTED_EDGE('',*,*,#3096,.F.);
#4037=ORIENTED_EDGE('',*,*,#3094,.T.);
#4038=ORIENTED_EDGE('',*,*,#2896,.T.);
#4039=ORIENTED_EDGE('',*,*,#3097,.T.);
#4040=ORIENTED_EDGE('',*,*,#3098,.T.);
#4041=ORIENTED_EDGE('',*,*,#3099,.T.);
#4042=ORIENTED_EDGE('',*,*,#3100,.T.);
#4043=ORIENTED_EDGE('',*,*,#3101,.T.);
#4044=ORIENTED_EDGE('',*,*,#3098,.F.);
#4045=ORIENTED_EDGE('',*,*,#3102,.T.);
#4046=ORIENTED_EDGE('',*,*,#3103,.T.);
#4047=ORIENTED_EDGE('',*,*,#3104,.T.);
#4048=ORIENTED_EDGE('',*,*,#3100,.F.);
#4049=ORIENTED_EDGE('',*,*,#3105,.T.);
#4050=ORIENTED_EDGE('',*,*,#3106,.T.);
#4051=ORIENTED_EDGE('',*,*,#3107,.T.);
#4052=ORIENTED_EDGE('',*,*,#3103,.F.);
#4053=ORIENTED_EDGE('',*,*,#3108,.T.);
#4054=ORIENTED_EDGE('',*,*,#2859,.T.);
#4055=ORIENTED_EDGE('',*,*,#3109,.T.);
#4056=ORIENTED_EDGE('',*,*,#3106,.F.);
#4057=ORIENTED_EDGE('',*,*,#3110,.T.);
#4058=ORIENTED_EDGE('',*,*,#3110,.F.);
#4059=ORIENTED_EDGE('',*,*,#3108,.F.);
#4060=ORIENTED_EDGE('',*,*,#3105,.F.);
#4061=ORIENTED_EDGE('',*,*,#3102,.F.);
#4062=ORIENTED_EDGE('',*,*,#3097,.F.);
#4063=ORIENTED_EDGE('',*,*,#2895,.F.);
#4064=ORIENTED_EDGE('',*,*,#3111,.F.);
#4065=ORIENTED_EDGE('',*,*,#3112,.F.);
#4066=ORIENTED_EDGE('',*,*,#3113,.F.);
#4067=ORIENTED_EDGE('',*,*,#2860,.F.);
#4068=ORIENTED_EDGE('',*,*,#3114,.T.);
#4069=ORIENTED_EDGE('',*,*,#3115,.T.);
#4070=ORIENTED_EDGE('',*,*,#3116,.T.);
#4071=ORIENTED_EDGE('',*,*,#3117,.T.);
#4072=ORIENTED_EDGE('',*,*,#3118,.T.);
#4073=ORIENTED_EDGE('',*,*,#3112,.T.);
#4074=ORIENTED_EDGE('',*,*,#3116,.F.);
#4075=ORIENTED_EDGE('',*,*,#3119,.T.);
#4076=ORIENTED_EDGE('',*,*,#3120,.T.);
#4077=ORIENTED_EDGE('',*,*,#3121,.T.);
#4078=ORIENTED_EDGE('',*,*,#3118,.F.);
#4079=ORIENTED_EDGE('',*,*,#3122,.T.);
#4080=ORIENTED_EDGE('',*,*,#3123,.T.);
#4081=ORIENTED_EDGE('',*,*,#3047,.T.);
#4082=ORIENTED_EDGE('',*,*,#3120,.F.);
#4083=ORIENTED_EDGE('',*,*,#3124,.T.);
#4084=ORIENTED_EDGE('',*,*,#3125,.T.);
#4085=ORIENTED_EDGE('',*,*,#3126,.T.);
#4086=ORIENTED_EDGE('',*,*,#3123,.F.);
#4087=ORIENTED_EDGE('',*,*,#3127,.T.);
#4088=ORIENTED_EDGE('',*,*,#3128,.T.);
#4089=ORIENTED_EDGE('',*,*,#3129,.T.);
#4090=ORIENTED_EDGE('',*,*,#3125,.F.);
#4091=ORIENTED_EDGE('',*,*,#3130,.T.);
#4092=ORIENTED_EDGE('',*,*,#3131,.T.);
#4093=ORIENTED_EDGE('',*,*,#3132,.T.);
#4094=ORIENTED_EDGE('',*,*,#3128,.F.);
#4095=ORIENTED_EDGE('',*,*,#3133,.T.);
#4096=ORIENTED_EDGE('',*,*,#3131,.F.);
#4097=ORIENTED_EDGE('',*,*,#3134,.T.);
#4098=ORIENTED_EDGE('',*,*,#3114,.F.);
#4099=ORIENTED_EDGE('',*,*,#3135,.T.);
#4100=ORIENTED_EDGE('',*,*,#3129,.F.);
#4101=ORIENTED_EDGE('',*,*,#3136,.F.);
#4102=ORIENTED_EDGE('',*,*,#3028,.F.);
#4103=ORIENTED_EDGE('',*,*,#3137,.F.);
#4104=ORIENTED_EDGE('',*,*,#3064,.F.);
#4105=ORIENTED_EDGE('',*,*,#3029,.T.);
#4106=ORIENTED_EDGE('',*,*,#3136,.T.);
#4107=ORIENTED_EDGE('',*,*,#3132,.F.);
#4108=ORIENTED_EDGE('',*,*,#3138,.T.);
#4109=ORIENTED_EDGE('',*,*,#3059,.F.);
#4110=ORIENTED_EDGE('',*,*,#3062,.F.);
#4111=ORIENTED_EDGE('',*,*,#3056,.F.);
#4112=ORIENTED_EDGE('',*,*,#3138,.F.);
#4113=ORIENTED_EDGE('',*,*,#3135,.F.);
#4114=ORIENTED_EDGE('',*,*,#3139,.F.);
#4115=ORIENTED_EDGE('',*,*,#2893,.F.);
#4116=ORIENTED_EDGE('',*,*,#3076,.F.);
#4117=ORIENTED_EDGE('',*,*,#3078,.F.);
#4118=ORIENTED_EDGE('',*,*,#3081,.F.);
#4119=ORIENTED_EDGE('',*,*,#3084,.F.);
#4120=ORIENTED_EDGE('',*,*,#3086,.F.);
#4121=ORIENTED_EDGE('',*,*,#2844,.F.);
#4122=ORIENTED_EDGE('',*,*,#3051,.F.);
#4123=ORIENTED_EDGE('',*,*,#3053,.F.);
#4124=ORIENTED_EDGE('',*,*,#3117,.F.);
#4125=ORIENTED_EDGE('',*,*,#3111,.T.);
#4126=ORIENTED_EDGE('',*,*,#2894,.T.);
#4127=ORIENTED_EDGE('',*,*,#3139,.T.);
#4128=ORIENTED_EDGE('',*,*,#3115,.F.);
#4129=ORIENTED_EDGE('',*,*,#3134,.F.);
#4130=ORIENTED_EDGE('',*,*,#3133,.F.);
#4131=ORIENTED_EDGE('',*,*,#3130,.F.);
#4132=ORIENTED_EDGE('',*,*,#3127,.F.);
#4133=ORIENTED_EDGE('',*,*,#3124,.F.);
#4134=ORIENTED_EDGE('',*,*,#3122,.F.);
#4135=ORIENTED_EDGE('',*,*,#3119,.F.);
#4136=ORIENTED_EDGE('',*,*,#2996,.T.);
#4137=ORIENTED_EDGE('',*,*,#2993,.T.);
#4138=ORIENTED_EDGE('',*,*,#2990,.T.);
#4139=ORIENTED_EDGE('',*,*,#2999,.T.);
#4140=ORIENTED_EDGE('',*,*,#2984,.T.);
#4141=ORIENTED_EDGE('',*,*,#2981,.T.);
#4142=ORIENTED_EDGE('',*,*,#2978,.T.);
#4143=ORIENTED_EDGE('',*,*,#2987,.T.);
#4144=ORIENTED_EDGE('',*,*,#2972,.T.);
#4145=ORIENTED_EDGE('',*,*,#2969,.T.);
#4146=ORIENTED_EDGE('',*,*,#2966,.T.);
#4147=ORIENTED_EDGE('',*,*,#2975,.T.);
#4148=ORIENTED_EDGE('',*,*,#2960,.T.);
#4149=ORIENTED_EDGE('',*,*,#2957,.T.);
#4150=ORIENTED_EDGE('',*,*,#2954,.T.);
#4151=ORIENTED_EDGE('',*,*,#2963,.T.);
#4152=ORIENTED_EDGE('',*,*,#2945,.T.);
#4153=ORIENTED_EDGE('',*,*,#2942,.T.);
#4154=ORIENTED_EDGE('',*,*,#2939,.T.);
#4155=ORIENTED_EDGE('',*,*,#2936,.T.);
#4156=ORIENTED_EDGE('',*,*,#2951,.T.);
#4157=ORIENTED_EDGE('',*,*,#2948,.T.);
#4158=ORIENTED_EDGE('',*,*,#2930,.T.);
#4159=ORIENTED_EDGE('',*,*,#2927,.T.);
#4160=ORIENTED_EDGE('',*,*,#2924,.T.);
#4161=ORIENTED_EDGE('',*,*,#2933,.T.);
#4162=ORIENTED_EDGE('',*,*,#2918,.T.);
#4163=ORIENTED_EDGE('',*,*,#2915,.T.);
#4164=ORIENTED_EDGE('',*,*,#2912,.T.);
#4165=ORIENTED_EDGE('',*,*,#2921,.T.);
#4166=ORIENTED_EDGE('',*,*,#3017,.F.);
#4167=ORIENTED_EDGE('',*,*,#3020,.F.);
#4168=ORIENTED_EDGE('',*,*,#3140,.F.);
#4169=ORIENTED_EDGE('',*,*,#2902,.F.);
#4170=ORIENTED_EDGE('',*,*,#2899,.F.);
#4171=ORIENTED_EDGE('',*,*,#2909,.F.);
#4172=ORIENTED_EDGE('',*,*,#3008,.F.);
#4173=ORIENTED_EDGE('',*,*,#3048,.T.);
#4174=ORIENTED_EDGE('',*,*,#3126,.F.);
#4175=ORIENTED_EDGE('',*,*,#3137,.T.);
#4176=ORIENTED_EDGE('',*,*,#3027,.T.);
#4177=ORIENTED_EDGE('',*,*,#3003,.F.);
#4178=ORIENTED_EDGE('',*,*,#3005,.F.);
#4179=ORIENTED_EDGE('',*,*,#3121,.F.);
#4180=ORIENTED_EDGE('',*,*,#3046,.T.);
#4181=ORIENTED_EDGE('',*,*,#2861,.T.);
#4182=ORIENTED_EDGE('',*,*,#3113,.T.);
#4183=ORIENTED_EDGE('',*,*,#3099,.F.);
#4184=ORIENTED_EDGE('',*,*,#3141,.F.);
#4185=ORIENTED_EDGE('',*,*,#3142,.F.);
#4186=ORIENTED_EDGE('',*,*,#2887,.F.);
#4187=ORIENTED_EDGE('',*,*,#2885,.F.);
#4188=ORIENTED_EDGE('',*,*,#2897,.F.);
#4189=ORIENTED_EDGE('',*,*,#3109,.F.);
#4190=ORIENTED_EDGE('',*,*,#2858,.F.);
#4191=ORIENTED_EDGE('',*,*,#2853,.T.);
#4192=ORIENTED_EDGE('',*,*,#2854,.F.);
#4193=ORIENTED_EDGE('',*,*,#3143,.F.);
#4194=ORIENTED_EDGE('',*,*,#3144,.T.);
#4195=ORIENTED_EDGE('',*,*,#3107,.F.);
#4196=ORIENTED_EDGE('',*,*,#3144,.F.);
#4197=ORIENTED_EDGE('',*,*,#3145,.F.);
#4198=ORIENTED_EDGE('',*,*,#3146,.T.);
#4199=ORIENTED_EDGE('',*,*,#3104,.F.);
#4200=ORIENTED_EDGE('',*,*,#3146,.F.);
#4201=ORIENTED_EDGE('',*,*,#3147,.F.);
#4202=ORIENTED_EDGE('',*,*,#3148,.T.);
#4203=ORIENTED_EDGE('',*,*,#3101,.F.);
#4204=ORIENTED_EDGE('',*,*,#3148,.F.);
#4205=ORIENTED_EDGE('',*,*,#3149,.F.);
#4206=ORIENTED_EDGE('',*,*,#3141,.T.);
#4207=ORIENTED_EDGE('',*,*,#3142,.T.);
#4208=ORIENTED_EDGE('',*,*,#3149,.T.);
#4209=ORIENTED_EDGE('',*,*,#3147,.T.);
#4210=ORIENTED_EDGE('',*,*,#3145,.T.);
#4211=ORIENTED_EDGE('',*,*,#3143,.T.);
#4212=ORIENTED_EDGE('',*,*,#2857,.F.);
#4213=ORIENTED_EDGE('',*,*,#3150,.F.);
#4214=ORIENTED_EDGE('',*,*,#3151,.T.);
#4215=ORIENTED_EDGE('',*,*,#3152,.T.);
#4216=ORIENTED_EDGE('',*,*,#2888,.F.);
#4217=ORIENTED_EDGE('',*,*,#3153,.F.);
#4218=ORIENTED_EDGE('',*,*,#3154,.F.);
#4219=ORIENTED_EDGE('',*,*,#3151,.F.);
#4220=ORIENTED_EDGE('',*,*,#3155,.F.);
#4221=ORIENTED_EDGE('',*,*,#2995,.T.);
#4222=ORIENTED_EDGE('',*,*,#2998,.T.);
#4223=ORIENTED_EDGE('',*,*,#2988,.T.);
#4224=ORIENTED_EDGE('',*,*,#2992,.T.);
#4225=ORIENTED_EDGE('',*,*,#2983,.T.);
#4226=ORIENTED_EDGE('',*,*,#2986,.T.);
#4227=ORIENTED_EDGE('',*,*,#2976,.T.);
#4228=ORIENTED_EDGE('',*,*,#2980,.T.);
#4229=ORIENTED_EDGE('',*,*,#2971,.T.);
#4230=ORIENTED_EDGE('',*,*,#2974,.T.);
#4231=ORIENTED_EDGE('',*,*,#2964,.T.);
#4232=ORIENTED_EDGE('',*,*,#2968,.T.);
#4233=ORIENTED_EDGE('',*,*,#2959,.T.);
#4234=ORIENTED_EDGE('',*,*,#2962,.T.);
#4235=ORIENTED_EDGE('',*,*,#2952,.T.);
#4236=ORIENTED_EDGE('',*,*,#2956,.T.);
#4237=ORIENTED_EDGE('',*,*,#2944,.T.);
#4238=ORIENTED_EDGE('',*,*,#2947,.T.);
#4239=ORIENTED_EDGE('',*,*,#2950,.T.);
#4240=ORIENTED_EDGE('',*,*,#2934,.T.);
#4241=ORIENTED_EDGE('',*,*,#2938,.T.);
#4242=ORIENTED_EDGE('',*,*,#2941,.T.);
#4243=ORIENTED_EDGE('',*,*,#2929,.T.);
#4244=ORIENTED_EDGE('',*,*,#2932,.T.);
#4245=ORIENTED_EDGE('',*,*,#2922,.T.);
#4246=ORIENTED_EDGE('',*,*,#2926,.T.);
#4247=ORIENTED_EDGE('',*,*,#2917,.T.);
#4248=ORIENTED_EDGE('',*,*,#2920,.T.);
#4249=ORIENTED_EDGE('',*,*,#2910,.T.);
#4250=ORIENTED_EDGE('',*,*,#2914,.T.);
#4251=ORIENTED_EDGE('',*,*,#3156,.T.);
#4252=ORIENTED_EDGE('',*,*,#3153,.T.);
#4253=ORIENTED_EDGE('',*,*,#3157,.T.);
#4254=ORIENTED_EDGE('',*,*,#2877,.F.);
#4255=ORIENTED_EDGE('',*,*,#3158,.T.);
#4256=ORIENTED_EDGE('',*,*,#3067,.T.);
#4257=ORIENTED_EDGE('',*,*,#3070,.T.);
#4258=ORIENTED_EDGE('',*,*,#3072,.T.);
#4259=ORIENTED_EDGE('',*,*,#3073,.T.);
#4260=ORIENTED_EDGE('',*,*,#2840,.F.);
#4261=ORIENTED_EDGE('',*,*,#3089,.T.);
#4262=ORIENTED_EDGE('',*,*,#3091,.T.);
#4263=ORIENTED_EDGE('',*,*,#3093,.T.);
#4264=ORIENTED_EDGE('',*,*,#3095,.T.);
#4265=ORIENTED_EDGE('',*,*,#3096,.T.);
#4266=ORIENTED_EDGE('',*,*,#2889,.F.);
#4267=ORIENTED_EDGE('',*,*,#3152,.F.);
#4268=ORIENTED_EDGE('',*,*,#3154,.T.);
#4269=ORIENTED_EDGE('',*,*,#3156,.F.);
#4270=ORIENTED_EDGE('',*,*,#2876,.F.);
#4271=ORIENTED_EDGE('',*,*,#3065,.F.);
#4272=ORIENTED_EDGE('',*,*,#3068,.F.);
#4273=ORIENTED_EDGE('',*,*,#3158,.F.);
#4274=ORIENTED_EDGE('',*,*,#2875,.F.);
#4275=ORIENTED_EDGE('',*,*,#2873,.F.);
#4276=ORIENTED_EDGE('',*,*,#3031,.F.);
#4277=ORIENTED_EDGE('',*,*,#3159,.T.);
#4278=ORIENTED_EDGE('',*,*,#3160,.T.);
#4279=ORIENTED_EDGE('',*,*,#3161,.T.);
#4280=ORIENTED_EDGE('',*,*,#3162,.T.);
#4281=ORIENTED_EDGE('',*,*,#3163,.T.);
#4282=ORIENTED_EDGE('',*,*,#2903,.F.);
#4283=ORIENTED_EDGE('',*,*,#3140,.T.);
#4284=ORIENTED_EDGE('',*,*,#3019,.T.);
#4285=ORIENTED_EDGE('',*,*,#3022,.T.);
#4286=ORIENTED_EDGE('',*,*,#3024,.T.);
#4287=ORIENTED_EDGE('',*,*,#3026,.T.);
#4288=ORIENTED_EDGE('',*,*,#2878,.F.);
#4289=ORIENTED_EDGE('',*,*,#3157,.F.);
#4290=ORIENTED_EDGE('',*,*,#3155,.T.);
#4291=ORIENTED_EDGE('',*,*,#3150,.T.);
#4292=ORIENTED_EDGE('',*,*,#2856,.F.);
#4293=ORIENTED_EDGE('',*,*,#3040,.F.);
#4294=ORIENTED_EDGE('',*,*,#3164,.F.);
#4295=ORIENTED_EDGE('',*,*,#3161,.F.);
#4296=ORIENTED_EDGE('',*,*,#3165,.T.);
#4297=ORIENTED_EDGE('',*,*,#3037,.F.);
#4298=ORIENTED_EDGE('',*,*,#3166,.F.);
#4299=ORIENTED_EDGE('',*,*,#3162,.F.);
#4300=ORIENTED_EDGE('',*,*,#3164,.T.);
#4301=ORIENTED_EDGE('',*,*,#3032,.F.);
#4302=ORIENTED_EDGE('',*,*,#2905,.F.);
#4303=ORIENTED_EDGE('',*,*,#2901,.T.);
#4304=ORIENTED_EDGE('',*,*,#2904,.F.);
#4305=ORIENTED_EDGE('',*,*,#3163,.F.);
#4306=ORIENTED_EDGE('',*,*,#3166,.T.);
#4307=ORIENTED_EDGE('',*,*,#3043,.F.);
#4308=ORIENTED_EDGE('',*,*,#3165,.F.);
#4309=ORIENTED_EDGE('',*,*,#3160,.F.);
#4310=ORIENTED_EDGE('',*,*,#3167,.T.);
#4311=ORIENTED_EDGE('',*,*,#3045,.F.);
#4312=ORIENTED_EDGE('',*,*,#3167,.F.);
#4313=ORIENTED_EDGE('',*,*,#3159,.F.);
#4314=ORIENTED_EDGE('',*,*,#2855,.F.);
#4315=ORIENTED_EDGE('',*,*,#2848,.F.);
#4316=ORIENTED_EDGE('',*,*,#2864,.F.);
#4317=ORIENTED_EDGE('',*,*,#3168,.F.);
#4318=ORIENTED_EDGE('',*,*,#3169,.F.);
#4319=ORIENTED_EDGE('',*,*,#3170,.T.);
#4320=ORIENTED_EDGE('',*,*,#3171,.T.);
#4321=ORIENTED_EDGE('',*,*,#3172,.F.);
#4322=ORIENTED_EDGE('',*,*,#3173,.F.);
#4323=ORIENTED_EDGE('',*,*,#3174,.F.);
#4324=ORIENTED_EDGE('',*,*,#3175,.F.);
#4325=ORIENTED_EDGE('',*,*,#3176,.F.);
#4326=ORIENTED_EDGE('',*,*,#3177,.F.);
#4327=ORIENTED_EDGE('',*,*,#3178,.F.);
#4328=ORIENTED_EDGE('',*,*,#3179,.F.);
#4329=ORIENTED_EDGE('',*,*,#3180,.F.);
#4330=ORIENTED_EDGE('',*,*,#3181,.F.);
#4331=ORIENTED_EDGE('',*,*,#3182,.F.);
#4332=ORIENTED_EDGE('',*,*,#3183,.F.);
#4333=ORIENTED_EDGE('',*,*,#3184,.F.);
#4334=ORIENTED_EDGE('',*,*,#3185,.F.);
#4335=ORIENTED_EDGE('',*,*,#3186,.F.);
#4336=ORIENTED_EDGE('',*,*,#3187,.F.);
#4337=ORIENTED_EDGE('',*,*,#3188,.F.);
#4338=ORIENTED_EDGE('',*,*,#3189,.F.);
#4339=ORIENTED_EDGE('',*,*,#3190,.T.);
#4340=ORIENTED_EDGE('',*,*,#3191,.T.);
#4341=ORIENTED_EDGE('',*,*,#3170,.F.);
#4342=ORIENTED_EDGE('',*,*,#3192,.F.);
#4343=ORIENTED_EDGE('',*,*,#3193,.F.);
#4344=ORIENTED_EDGE('',*,*,#3194,.F.);
#4345=ORIENTED_EDGE('',*,*,#3195,.F.);
#4346=ORIENTED_EDGE('',*,*,#3196,.F.);
#4347=ORIENTED_EDGE('',*,*,#3197,.F.);
#4348=ORIENTED_EDGE('',*,*,#3198,.F.);
#4349=ORIENTED_EDGE('',*,*,#3199,.F.);
#4350=ORIENTED_EDGE('',*,*,#3200,.F.);
#4351=ORIENTED_EDGE('',*,*,#3201,.F.);
#4352=ORIENTED_EDGE('',*,*,#3202,.F.);
#4353=ORIENTED_EDGE('',*,*,#3203,.F.);
#4354=ORIENTED_EDGE('',*,*,#3204,.F.);
#4355=ORIENTED_EDGE('',*,*,#3205,.T.);
#4356=ORIENTED_EDGE('',*,*,#3206,.T.);
#4357=ORIENTED_EDGE('',*,*,#3190,.F.);
#4358=ORIENTED_EDGE('',*,*,#3207,.F.);
#4359=ORIENTED_EDGE('',*,*,#3208,.F.);
#4360=ORIENTED_EDGE('',*,*,#3172,.T.);
#4361=ORIENTED_EDGE('',*,*,#3209,.T.);
#4362=ORIENTED_EDGE('',*,*,#3205,.F.);
#4363=ORIENTED_EDGE('',*,*,#3209,.F.);
#4364=ORIENTED_EDGE('',*,*,#3171,.F.);
#4365=ORIENTED_EDGE('',*,*,#3191,.F.);
#4366=ORIENTED_EDGE('',*,*,#3206,.F.);
#4367=ORIENTED_EDGE('',*,*,#3210,.F.);
#4368=ORIENTED_EDGE('',*,*,#3211,.F.);
#4369=ORIENTED_EDGE('',*,*,#3212,.F.);
#4370=ORIENTED_EDGE('',*,*,#3213,.F.);
#4371=ORIENTED_EDGE('',*,*,#3185,.T.);
#4372=ORIENTED_EDGE('',*,*,#3214,.T.);
#4373=ORIENTED_EDGE('',*,*,#3215,.F.);
#4374=ORIENTED_EDGE('',*,*,#3216,.F.);
#4375=ORIENTED_EDGE('',*,*,#3184,.T.);
#4376=ORIENTED_EDGE('',*,*,#3217,.F.);
#4377=ORIENTED_EDGE('',*,*,#3218,.F.);
#4378=ORIENTED_EDGE('',*,*,#3214,.F.);
#4379=ORIENTED_EDGE('',*,*,#3192,.T.);
#4380=ORIENTED_EDGE('',*,*,#3169,.T.);
#4381=ORIENTED_EDGE('',*,*,#3219,.T.);
#4382=ORIENTED_EDGE('',*,*,#3220,.F.);
#4383=ORIENTED_EDGE('',*,*,#3221,.T.);
#4384=ORIENTED_EDGE('',*,*,#3222,.F.);
#4385=ORIENTED_EDGE('',*,*,#3223,.T.);
#4386=ORIENTED_EDGE('',*,*,#3224,.F.);
#4387=ORIENTED_EDGE('',*,*,#3217,.T.);
#4388=ORIENTED_EDGE('',*,*,#3168,.T.);
#4389=ORIENTED_EDGE('',*,*,#3225,.T.);
#4390=ORIENTED_EDGE('',*,*,#3226,.F.);
#4391=ORIENTED_EDGE('',*,*,#3219,.F.);
#4392=ORIENTED_EDGE('',*,*,#3183,.T.);
#4393=ORIENTED_EDGE('',*,*,#3227,.T.);
#4394=ORIENTED_EDGE('',*,*,#3228,.F.);
#4395=ORIENTED_EDGE('',*,*,#3225,.F.);
#4396=ORIENTED_EDGE('',*,*,#3182,.T.);
#4397=ORIENTED_EDGE('',*,*,#3229,.T.);
#4398=ORIENTED_EDGE('',*,*,#3230,.F.);
#4399=ORIENTED_EDGE('',*,*,#3227,.F.);
#4400=ORIENTED_EDGE('',*,*,#3181,.T.);
#4401=ORIENTED_EDGE('',*,*,#3231,.T.);
#4402=ORIENTED_EDGE('',*,*,#3232,.F.);
#4403=ORIENTED_EDGE('',*,*,#3229,.F.);
#4404=ORIENTED_EDGE('',*,*,#3180,.T.);
#4405=ORIENTED_EDGE('',*,*,#3233,.F.);
#4406=ORIENTED_EDGE('',*,*,#3234,.F.);
#4407=ORIENTED_EDGE('',*,*,#3231,.F.);
#4408=ORIENTED_EDGE('',*,*,#3179,.T.);
#4409=ORIENTED_EDGE('',*,*,#3235,.T.);
#4410=ORIENTED_EDGE('',*,*,#3236,.F.);
#4411=ORIENTED_EDGE('',*,*,#3237,.T.);
#4412=ORIENTED_EDGE('',*,*,#3238,.F.);
#4413=ORIENTED_EDGE('',*,*,#3233,.T.);
#4414=ORIENTED_EDGE('',*,*,#3178,.T.);
#4415=ORIENTED_EDGE('',*,*,#3239,.T.);
#4416=ORIENTED_EDGE('',*,*,#3240,.F.);
#4417=ORIENTED_EDGE('',*,*,#3235,.F.);
#4418=ORIENTED_EDGE('',*,*,#3177,.T.);
#4419=ORIENTED_EDGE('',*,*,#3241,.T.);
#4420=ORIENTED_EDGE('',*,*,#3242,.F.);
#4421=ORIENTED_EDGE('',*,*,#3239,.F.);
#4422=ORIENTED_EDGE('',*,*,#3176,.T.);
#4423=ORIENTED_EDGE('',*,*,#3243,.T.);
#4424=ORIENTED_EDGE('',*,*,#3244,.F.);
#4425=ORIENTED_EDGE('',*,*,#3245,.F.);
#4426=ORIENTED_EDGE('',*,*,#3241,.F.);
#4427=ORIENTED_EDGE('',*,*,#3175,.T.);
#4428=ORIENTED_EDGE('',*,*,#3246,.T.);
#4429=ORIENTED_EDGE('',*,*,#3247,.F.);
#4430=ORIENTED_EDGE('',*,*,#3243,.F.);
#4431=ORIENTED_EDGE('',*,*,#3174,.T.);
#4432=ORIENTED_EDGE('',*,*,#3248,.F.);
#4433=ORIENTED_EDGE('',*,*,#3249,.F.);
#4434=ORIENTED_EDGE('',*,*,#3246,.F.);
#4435=ORIENTED_EDGE('',*,*,#3173,.T.);
#4436=ORIENTED_EDGE('',*,*,#3208,.T.);
#4437=ORIENTED_EDGE('',*,*,#3204,.T.);
#4438=ORIENTED_EDGE('',*,*,#3250,.T.);
#4439=ORIENTED_EDGE('',*,*,#3251,.F.);
#4440=ORIENTED_EDGE('',*,*,#3252,.F.);
#4441=ORIENTED_EDGE('',*,*,#3253,.T.);
#4442=ORIENTED_EDGE('',*,*,#3254,.F.);
#4443=ORIENTED_EDGE('',*,*,#3255,.F.);
#4444=ORIENTED_EDGE('',*,*,#3248,.T.);
#4445=ORIENTED_EDGE('',*,*,#3212,.T.);
#4446=ORIENTED_EDGE('',*,*,#3256,.F.);
#4447=ORIENTED_EDGE('',*,*,#3257,.F.);
#4448=ORIENTED_EDGE('',*,*,#3258,.T.);
#4449=ORIENTED_EDGE('',*,*,#3211,.T.);
#4450=ORIENTED_EDGE('',*,*,#3259,.F.);
#4451=ORIENTED_EDGE('',*,*,#3260,.F.);
#4452=ORIENTED_EDGE('',*,*,#3256,.T.);
#4453=ORIENTED_EDGE('',*,*,#3261,.F.);
#4454=ORIENTED_EDGE('',*,*,#3262,.F.);
#4455=ORIENTED_EDGE('',*,*,#3263,.F.);
#4456=ORIENTED_EDGE('',*,*,#3264,.T.);
#4457=ORIENTED_EDGE('',*,*,#3265,.F.);
#4458=ORIENTED_EDGE('',*,*,#3264,.F.);
#4459=ORIENTED_EDGE('',*,*,#3266,.F.);
#4460=ORIENTED_EDGE('',*,*,#3267,.T.);
#4461=ORIENTED_EDGE('',*,*,#3268,.F.);
#4462=ORIENTED_EDGE('',*,*,#3267,.F.);
#4463=ORIENTED_EDGE('',*,*,#3269,.F.);
#4464=ORIENTED_EDGE('',*,*,#3270,.T.);
#4465=ORIENTED_EDGE('',*,*,#3271,.F.);
#4466=ORIENTED_EDGE('',*,*,#3270,.F.);
#4467=ORIENTED_EDGE('',*,*,#3272,.F.);
#4468=ORIENTED_EDGE('',*,*,#3262,.T.);
#4469=ORIENTED_EDGE('',*,*,#3273,.F.);
#4470=ORIENTED_EDGE('',*,*,#3274,.F.);
#4471=ORIENTED_EDGE('',*,*,#3275,.F.);
#4472=ORIENTED_EDGE('',*,*,#3276,.T.);
#4473=ORIENTED_EDGE('',*,*,#3277,.F.);
#4474=ORIENTED_EDGE('',*,*,#3276,.F.);
#4475=ORIENTED_EDGE('',*,*,#3278,.F.);
#4476=ORIENTED_EDGE('',*,*,#3279,.T.);
#4477=ORIENTED_EDGE('',*,*,#3280,.F.);
#4478=ORIENTED_EDGE('',*,*,#3279,.F.);
#4479=ORIENTED_EDGE('',*,*,#3281,.F.);
#4480=ORIENTED_EDGE('',*,*,#3282,.T.);
#4481=ORIENTED_EDGE('',*,*,#3283,.F.);
#4482=ORIENTED_EDGE('',*,*,#3282,.F.);
#4483=ORIENTED_EDGE('',*,*,#3284,.F.);
#4484=ORIENTED_EDGE('',*,*,#3285,.T.);
#4485=ORIENTED_EDGE('',*,*,#3286,.F.);
#4486=ORIENTED_EDGE('',*,*,#3285,.F.);
#4487=ORIENTED_EDGE('',*,*,#3287,.F.);
#4488=ORIENTED_EDGE('',*,*,#3288,.T.);
#4489=ORIENTED_EDGE('',*,*,#3289,.F.);
#4490=ORIENTED_EDGE('',*,*,#3288,.F.);
#4491=ORIENTED_EDGE('',*,*,#3290,.F.);
#4492=ORIENTED_EDGE('',*,*,#3274,.T.);
#4493=ORIENTED_EDGE('',*,*,#3291,.F.);
#4494=ORIENTED_EDGE('',*,*,#3292,.F.);
#4495=ORIENTED_EDGE('',*,*,#3293,.F.);
#4496=ORIENTED_EDGE('',*,*,#3294,.T.);
#4497=ORIENTED_EDGE('',*,*,#3295,.F.);
#4498=ORIENTED_EDGE('',*,*,#3294,.F.);
#4499=ORIENTED_EDGE('',*,*,#3296,.F.);
#4500=ORIENTED_EDGE('',*,*,#3297,.T.);
#4501=ORIENTED_EDGE('',*,*,#3298,.F.);
#4502=ORIENTED_EDGE('',*,*,#3297,.F.);
#4503=ORIENTED_EDGE('',*,*,#3299,.F.);
#4504=ORIENTED_EDGE('',*,*,#3300,.T.);
#4505=ORIENTED_EDGE('',*,*,#3301,.F.);
#4506=ORIENTED_EDGE('',*,*,#3300,.F.);
#4507=ORIENTED_EDGE('',*,*,#3302,.F.);
#4508=ORIENTED_EDGE('',*,*,#3292,.T.);
#4509=ORIENTED_EDGE('',*,*,#3303,.F.);
#4510=ORIENTED_EDGE('',*,*,#3304,.F.);
#4511=ORIENTED_EDGE('',*,*,#3305,.F.);
#4512=ORIENTED_EDGE('',*,*,#3306,.T.);
#4513=ORIENTED_EDGE('',*,*,#3307,.F.);
#4514=ORIENTED_EDGE('',*,*,#3306,.F.);
#4515=ORIENTED_EDGE('',*,*,#3308,.F.);
#4516=ORIENTED_EDGE('',*,*,#3309,.T.);
#4517=ORIENTED_EDGE('',*,*,#3310,.F.);
#4518=ORIENTED_EDGE('',*,*,#3309,.F.);
#4519=ORIENTED_EDGE('',*,*,#3311,.F.);
#4520=ORIENTED_EDGE('',*,*,#3312,.T.);
#4521=ORIENTED_EDGE('',*,*,#3313,.F.);
#4522=ORIENTED_EDGE('',*,*,#3312,.F.);
#4523=ORIENTED_EDGE('',*,*,#3314,.F.);
#4524=ORIENTED_EDGE('',*,*,#3304,.T.);
#4525=ORIENTED_EDGE('',*,*,#3315,.F.);
#4526=ORIENTED_EDGE('',*,*,#3316,.F.);
#4527=ORIENTED_EDGE('',*,*,#3317,.F.);
#4528=ORIENTED_EDGE('',*,*,#3318,.T.);
#4529=ORIENTED_EDGE('',*,*,#3319,.F.);
#4530=ORIENTED_EDGE('',*,*,#3318,.F.);
#4531=ORIENTED_EDGE('',*,*,#3320,.F.);
#4532=ORIENTED_EDGE('',*,*,#3321,.T.);
#4533=ORIENTED_EDGE('',*,*,#3322,.F.);
#4534=ORIENTED_EDGE('',*,*,#3321,.F.);
#4535=ORIENTED_EDGE('',*,*,#3323,.F.);
#4536=ORIENTED_EDGE('',*,*,#3324,.T.);
#4537=ORIENTED_EDGE('',*,*,#3325,.F.);
#4538=ORIENTED_EDGE('',*,*,#3324,.F.);
#4539=ORIENTED_EDGE('',*,*,#3326,.F.);
#4540=ORIENTED_EDGE('',*,*,#3316,.T.);
#4541=ORIENTED_EDGE('',*,*,#3327,.F.);
#4542=ORIENTED_EDGE('',*,*,#3328,.F.);
#4543=ORIENTED_EDGE('',*,*,#3329,.F.);
#4544=ORIENTED_EDGE('',*,*,#3330,.T.);
#4545=ORIENTED_EDGE('',*,*,#3331,.F.);
#4546=ORIENTED_EDGE('',*,*,#3330,.F.);
#4547=ORIENTED_EDGE('',*,*,#3332,.F.);
#4548=ORIENTED_EDGE('',*,*,#3333,.T.);
#4549=ORIENTED_EDGE('',*,*,#3334,.F.);
#4550=ORIENTED_EDGE('',*,*,#3333,.F.);
#4551=ORIENTED_EDGE('',*,*,#3335,.F.);
#4552=ORIENTED_EDGE('',*,*,#3336,.T.);
#4553=ORIENTED_EDGE('',*,*,#3337,.F.);
#4554=ORIENTED_EDGE('',*,*,#3336,.F.);
#4555=ORIENTED_EDGE('',*,*,#3338,.F.);
#4556=ORIENTED_EDGE('',*,*,#3328,.T.);
#4557=ORIENTED_EDGE('',*,*,#3339,.F.);
#4558=ORIENTED_EDGE('',*,*,#3340,.F.);
#4559=ORIENTED_EDGE('',*,*,#3341,.F.);
#4560=ORIENTED_EDGE('',*,*,#3342,.T.);
#4561=ORIENTED_EDGE('',*,*,#3343,.F.);
#4562=ORIENTED_EDGE('',*,*,#3342,.F.);
#4563=ORIENTED_EDGE('',*,*,#3344,.F.);
#4564=ORIENTED_EDGE('',*,*,#3345,.T.);
#4565=ORIENTED_EDGE('',*,*,#3346,.F.);
#4566=ORIENTED_EDGE('',*,*,#3345,.F.);
#4567=ORIENTED_EDGE('',*,*,#3347,.F.);
#4568=ORIENTED_EDGE('',*,*,#3348,.T.);
#4569=ORIENTED_EDGE('',*,*,#3349,.F.);
#4570=ORIENTED_EDGE('',*,*,#3348,.F.);
#4571=ORIENTED_EDGE('',*,*,#3350,.F.);
#4572=ORIENTED_EDGE('',*,*,#3340,.T.);
#4573=ORIENTED_EDGE('',*,*,#3220,.T.);
#4574=ORIENTED_EDGE('',*,*,#3226,.T.);
#4575=ORIENTED_EDGE('',*,*,#3351,.T.);
#4576=ORIENTED_EDGE('',*,*,#3352,.T.);
#4577=ORIENTED_EDGE('',*,*,#3353,.T.);
#4578=ORIENTED_EDGE('',*,*,#3354,.T.);
#4579=ORIENTED_EDGE('',*,*,#3351,.F.);
#4580=ORIENTED_EDGE('',*,*,#3228,.T.);
#4581=ORIENTED_EDGE('',*,*,#3355,.T.);
#4582=ORIENTED_EDGE('',*,*,#3356,.T.);
#4583=ORIENTED_EDGE('',*,*,#3353,.F.);
#4584=ORIENTED_EDGE('',*,*,#3230,.T.);
#4585=ORIENTED_EDGE('',*,*,#3357,.T.);
#4586=ORIENTED_EDGE('',*,*,#3358,.T.);
#4587=ORIENTED_EDGE('',*,*,#3355,.F.);
#4588=ORIENTED_EDGE('',*,*,#3232,.T.);
#4589=ORIENTED_EDGE('',*,*,#3238,.T.);
#4590=ORIENTED_EDGE('',*,*,#3359,.T.);
#4591=ORIENTED_EDGE('',*,*,#3357,.F.);
#4592=ORIENTED_EDGE('',*,*,#3234,.T.);
#4593=ORIENTED_EDGE('',*,*,#3236,.T.);
#4594=ORIENTED_EDGE('',*,*,#3240,.T.);
#4595=ORIENTED_EDGE('',*,*,#3360,.T.);
#4596=ORIENTED_EDGE('',*,*,#3361,.T.);
#4597=ORIENTED_EDGE('',*,*,#3362,.T.);
#4598=ORIENTED_EDGE('',*,*,#3363,.T.);
#4599=ORIENTED_EDGE('',*,*,#3360,.F.);
#4600=ORIENTED_EDGE('',*,*,#3242,.T.);
#4601=ORIENTED_EDGE('',*,*,#3364,.T.);
#4602=ORIENTED_EDGE('',*,*,#3365,.T.);
#4603=ORIENTED_EDGE('',*,*,#3362,.F.);
#4604=ORIENTED_EDGE('',*,*,#3245,.T.);
#4605=ORIENTED_EDGE('',*,*,#3366,.T.);
#4606=ORIENTED_EDGE('',*,*,#3367,.T.);
#4607=ORIENTED_EDGE('',*,*,#3364,.F.);
#4608=ORIENTED_EDGE('',*,*,#3244,.T.);
#4609=ORIENTED_EDGE('',*,*,#3368,.T.);
#4610=ORIENTED_EDGE('',*,*,#3369,.T.);
#4611=ORIENTED_EDGE('',*,*,#3366,.F.);
#4612=ORIENTED_EDGE('',*,*,#3247,.T.);
#4613=ORIENTED_EDGE('',*,*,#3255,.T.);
#4614=ORIENTED_EDGE('',*,*,#3370,.T.);
#4615=ORIENTED_EDGE('',*,*,#3368,.F.);
#4616=ORIENTED_EDGE('',*,*,#3249,.T.);
#4617=ORIENTED_EDGE('',*,*,#3359,.F.);
#4618=ORIENTED_EDGE('',*,*,#3237,.F.);
#4619=ORIENTED_EDGE('',*,*,#3361,.F.);
#4620=ORIENTED_EDGE('',*,*,#3363,.F.);
#4621=ORIENTED_EDGE('',*,*,#3365,.F.);
#4622=ORIENTED_EDGE('',*,*,#3371,.F.);
#4623=ORIENTED_EDGE('',*,*,#3372,.F.);
#4624=ORIENTED_EDGE('',*,*,#3373,.F.);
#4625=ORIENTED_EDGE('',*,*,#3221,.F.);
#4626=ORIENTED_EDGE('',*,*,#3352,.F.);
#4627=ORIENTED_EDGE('',*,*,#3354,.F.);
#4628=ORIENTED_EDGE('',*,*,#3356,.F.);
#4629=ORIENTED_EDGE('',*,*,#3358,.F.);
#4630=ORIENTED_EDGE('',*,*,#3367,.F.);
#4631=ORIENTED_EDGE('',*,*,#3369,.F.);
#4632=ORIENTED_EDGE('',*,*,#3370,.F.);
#4633=ORIENTED_EDGE('',*,*,#3254,.T.);
#4634=ORIENTED_EDGE('',*,*,#3374,.T.);
#4635=ORIENTED_EDGE('',*,*,#3375,.F.);
#4636=ORIENTED_EDGE('',*,*,#3371,.T.);
#4637=ORIENTED_EDGE('',*,*,#3251,.T.);
#4638=ORIENTED_EDGE('',*,*,#3376,.T.);
#4639=ORIENTED_EDGE('',*,*,#3377,.T.);
#4640=ORIENTED_EDGE('',*,*,#3378,.T.);
#4641=ORIENTED_EDGE('',*,*,#3379,.T.);
#4642=ORIENTED_EDGE('',*,*,#3380,.T.);
#4643=ORIENTED_EDGE('',*,*,#3377,.F.);
#4644=ORIENTED_EDGE('',*,*,#3381,.T.);
#4645=ORIENTED_EDGE('',*,*,#3382,.T.);
#4646=ORIENTED_EDGE('',*,*,#3383,.T.);
#4647=ORIENTED_EDGE('',*,*,#3379,.F.);
#4648=ORIENTED_EDGE('',*,*,#3384,.T.);
#4649=ORIENTED_EDGE('',*,*,#3385,.T.);
#4650=ORIENTED_EDGE('',*,*,#3386,.T.);
#4651=ORIENTED_EDGE('',*,*,#3382,.F.);
#4652=ORIENTED_EDGE('',*,*,#3387,.T.);
#4653=ORIENTED_EDGE('',*,*,#3388,.T.);
#4654=ORIENTED_EDGE('',*,*,#3389,.T.);
#4655=ORIENTED_EDGE('',*,*,#3385,.F.);
#4656=ORIENTED_EDGE('',*,*,#3390,.T.);
#4657=ORIENTED_EDGE('',*,*,#3391,.T.);
#4658=ORIENTED_EDGE('',*,*,#3392,.T.);
#4659=ORIENTED_EDGE('',*,*,#3388,.F.);
#4660=ORIENTED_EDGE('',*,*,#3393,.T.);
#4661=ORIENTED_EDGE('',*,*,#3199,.T.);
#4662=ORIENTED_EDGE('',*,*,#3394,.F.);
#4663=ORIENTED_EDGE('',*,*,#3393,.F.);
#4664=ORIENTED_EDGE('',*,*,#3395,.F.);
#4665=ORIENTED_EDGE('',*,*,#3200,.T.);
#4666=ORIENTED_EDGE('',*,*,#3395,.T.);
#4667=ORIENTED_EDGE('',*,*,#3390,.F.);
#4668=ORIENTED_EDGE('',*,*,#3396,.F.);
#4669=ORIENTED_EDGE('',*,*,#3201,.T.);
#4670=ORIENTED_EDGE('',*,*,#3396,.T.);
#4671=ORIENTED_EDGE('',*,*,#3387,.F.);
#4672=ORIENTED_EDGE('',*,*,#3384,.F.);
#4673=ORIENTED_EDGE('',*,*,#3397,.F.);
#4674=ORIENTED_EDGE('',*,*,#3202,.T.);
#4675=ORIENTED_EDGE('',*,*,#3397,.T.);
#4676=ORIENTED_EDGE('',*,*,#3381,.F.);
#4677=ORIENTED_EDGE('',*,*,#3398,.F.);
#4678=ORIENTED_EDGE('',*,*,#3203,.T.);
#4679=ORIENTED_EDGE('',*,*,#3398,.T.);
#4680=ORIENTED_EDGE('',*,*,#3376,.F.);
#4681=ORIENTED_EDGE('',*,*,#3250,.F.);
#4682=ORIENTED_EDGE('',*,*,#3399,.T.);
#4683=ORIENTED_EDGE('',*,*,#3400,.T.);
#4684=ORIENTED_EDGE('',*,*,#3401,.T.);
#4685=ORIENTED_EDGE('',*,*,#3402,.T.);
#4686=ORIENTED_EDGE('',*,*,#3403,.T.);
#4687=ORIENTED_EDGE('',*,*,#3404,.T.);
#4688=ORIENTED_EDGE('',*,*,#3401,.F.);
#4689=ORIENTED_EDGE('',*,*,#3405,.T.);
#4690=ORIENTED_EDGE('',*,*,#3406,.T.);
#4691=ORIENTED_EDGE('',*,*,#3407,.T.);
#4692=ORIENTED_EDGE('',*,*,#3403,.F.);
#4693=ORIENTED_EDGE('',*,*,#3408,.T.);
#4694=ORIENTED_EDGE('',*,*,#3409,.T.);
#4695=ORIENTED_EDGE('',*,*,#3410,.T.);
#4696=ORIENTED_EDGE('',*,*,#3406,.F.);
#4697=ORIENTED_EDGE('',*,*,#3411,.T.);
#4698=ORIENTED_EDGE('',*,*,#3412,.T.);
#4699=ORIENTED_EDGE('',*,*,#3413,.T.);
#4700=ORIENTED_EDGE('',*,*,#3409,.F.);
#4701=ORIENTED_EDGE('',*,*,#3414,.T.);
#4702=ORIENTED_EDGE('',*,*,#3392,.F.);
#4703=ORIENTED_EDGE('',*,*,#3415,.F.);
#4704=ORIENTED_EDGE('',*,*,#3402,.F.);
#4705=ORIENTED_EDGE('',*,*,#3404,.F.);
#4706=ORIENTED_EDGE('',*,*,#3407,.F.);
#4707=ORIENTED_EDGE('',*,*,#3410,.F.);
#4708=ORIENTED_EDGE('',*,*,#3413,.F.);
#4709=ORIENTED_EDGE('',*,*,#3416,.F.);
#4710=ORIENTED_EDGE('',*,*,#3417,.F.);
#4711=ORIENTED_EDGE('',*,*,#3418,.F.);
#4712=ORIENTED_EDGE('',*,*,#3419,.F.);
#4713=ORIENTED_EDGE('',*,*,#3386,.F.);
#4714=ORIENTED_EDGE('',*,*,#3389,.F.);
#4715=ORIENTED_EDGE('',*,*,#3189,.T.);
#4716=ORIENTED_EDGE('',*,*,#3420,.T.);
#4717=ORIENTED_EDGE('',*,*,#3421,.F.);
#4718=ORIENTED_EDGE('',*,*,#3422,.T.);
#4719=ORIENTED_EDGE('',*,*,#3423,.F.);
#4720=ORIENTED_EDGE('',*,*,#3416,.T.);
#4721=ORIENTED_EDGE('',*,*,#3412,.F.);
#4722=ORIENTED_EDGE('',*,*,#3424,.T.);
#4723=ORIENTED_EDGE('',*,*,#3207,.T.);
#4724=ORIENTED_EDGE('',*,*,#3224,.T.);
#4725=ORIENTED_EDGE('',*,*,#3425,.T.);
#4726=ORIENTED_EDGE('',*,*,#3426,.T.);
#4727=ORIENTED_EDGE('',*,*,#3218,.T.);
#4728=ORIENTED_EDGE('',*,*,#3427,.T.);
#4729=ORIENTED_EDGE('',*,*,#3215,.T.);
#4730=ORIENTED_EDGE('',*,*,#3426,.F.);
#4731=ORIENTED_EDGE('',*,*,#3428,.T.);
#4732=ORIENTED_EDGE('',*,*,#3429,.T.);
#4733=ORIENTED_EDGE('',*,*,#3430,.T.);
#4734=ORIENTED_EDGE('',*,*,#3427,.F.);
#4735=ORIENTED_EDGE('',*,*,#3431,.T.);
#4736=ORIENTED_EDGE('',*,*,#3432,.T.);
#4737=ORIENTED_EDGE('',*,*,#3433,.T.);
#4738=ORIENTED_EDGE('',*,*,#3429,.F.);
#4739=ORIENTED_EDGE('',*,*,#3434,.T.);
#4740=ORIENTED_EDGE('',*,*,#3421,.T.);
#4741=ORIENTED_EDGE('',*,*,#3435,.T.);
#4742=ORIENTED_EDGE('',*,*,#3432,.F.);
#4743=ORIENTED_EDGE('',*,*,#3436,.T.);
#4744=ORIENTED_EDGE('',*,*,#3186,.T.);
#4745=ORIENTED_EDGE('',*,*,#3216,.T.);
#4746=ORIENTED_EDGE('',*,*,#3430,.F.);
#4747=ORIENTED_EDGE('',*,*,#3437,.F.);
#4748=ORIENTED_EDGE('',*,*,#3187,.T.);
#4749=ORIENTED_EDGE('',*,*,#3437,.T.);
#4750=ORIENTED_EDGE('',*,*,#3433,.F.);
#4751=ORIENTED_EDGE('',*,*,#3438,.F.);
#4752=ORIENTED_EDGE('',*,*,#3188,.T.);
#4753=ORIENTED_EDGE('',*,*,#3438,.T.);
#4754=ORIENTED_EDGE('',*,*,#3435,.F.);
#4755=ORIENTED_EDGE('',*,*,#3420,.F.);
#4756=ORIENTED_EDGE('',*,*,#3439,.T.);
#4757=ORIENTED_EDGE('',*,*,#3440,.T.);
#4758=ORIENTED_EDGE('',*,*,#3441,.T.);
#4759=ORIENTED_EDGE('',*,*,#3442,.T.);
#4760=ORIENTED_EDGE('',*,*,#3443,.T.);
#4761=ORIENTED_EDGE('',*,*,#3444,.T.);
#4762=ORIENTED_EDGE('',*,*,#3441,.F.);
#4763=ORIENTED_EDGE('',*,*,#3445,.T.);
#4764=ORIENTED_EDGE('',*,*,#3446,.T.);
#4765=ORIENTED_EDGE('',*,*,#3447,.T.);
#4766=ORIENTED_EDGE('',*,*,#3443,.F.);
#4767=ORIENTED_EDGE('',*,*,#3448,.T.);
#4768=ORIENTED_EDGE('',*,*,#3449,.T.);
#4769=ORIENTED_EDGE('',*,*,#3418,.T.);
#4770=ORIENTED_EDGE('',*,*,#3446,.F.);
#4771=ORIENTED_EDGE('',*,*,#3450,.T.);
#4772=ORIENTED_EDGE('',*,*,#3451,.T.);
#4773=ORIENTED_EDGE('',*,*,#3452,.T.);
#4774=ORIENTED_EDGE('',*,*,#3449,.F.);
#4775=ORIENTED_EDGE('',*,*,#3453,.T.);
#4776=ORIENTED_EDGE('',*,*,#3454,.T.);
#4777=ORIENTED_EDGE('',*,*,#3455,.T.);
#4778=ORIENTED_EDGE('',*,*,#3451,.F.);
#4779=ORIENTED_EDGE('',*,*,#3456,.T.);
#4780=ORIENTED_EDGE('',*,*,#3457,.T.);
#4781=ORIENTED_EDGE('',*,*,#3375,.T.);
#4782=ORIENTED_EDGE('',*,*,#3454,.F.);
#4783=ORIENTED_EDGE('',*,*,#3458,.T.);
#4784=ORIENTED_EDGE('',*,*,#3457,.F.);
#4785=ORIENTED_EDGE('',*,*,#3459,.T.);
#4786=ORIENTED_EDGE('',*,*,#3439,.F.);
#4787=ORIENTED_EDGE('',*,*,#3372,.T.);
#4788=ORIENTED_EDGE('',*,*,#3455,.F.);
#4789=ORIENTED_EDGE('',*,*,#3374,.F.);
#4790=ORIENTED_EDGE('',*,*,#3253,.F.);
#4791=ORIENTED_EDGE('',*,*,#3460,.F.);
#4792=ORIENTED_EDGE('',*,*,#3442,.F.);
#4793=ORIENTED_EDGE('',*,*,#3461,.T.);
#4794=ORIENTED_EDGE('',*,*,#3222,.T.);
#4795=ORIENTED_EDGE('',*,*,#3373,.T.);
#4796=ORIENTED_EDGE('',*,*,#3440,.F.);
#4797=ORIENTED_EDGE('',*,*,#3459,.F.);
#4798=ORIENTED_EDGE('',*,*,#3458,.F.);
#4799=ORIENTED_EDGE('',*,*,#3456,.F.);
#4800=ORIENTED_EDGE('',*,*,#3453,.F.);
#4801=ORIENTED_EDGE('',*,*,#3450,.F.);
#4802=ORIENTED_EDGE('',*,*,#3448,.F.);
#4803=ORIENTED_EDGE('',*,*,#3445,.F.);
#4804=ORIENTED_EDGE('',*,*,#3346,.T.);
#4805=ORIENTED_EDGE('',*,*,#3349,.T.);
#4806=ORIENTED_EDGE('',*,*,#3339,.T.);
#4807=ORIENTED_EDGE('',*,*,#3343,.T.);
#4808=ORIENTED_EDGE('',*,*,#3334,.T.);
#4809=ORIENTED_EDGE('',*,*,#3337,.T.);
#4810=ORIENTED_EDGE('',*,*,#3327,.T.);
#4811=ORIENTED_EDGE('',*,*,#3331,.T.);
#4812=ORIENTED_EDGE('',*,*,#3322,.T.);
#4813=ORIENTED_EDGE('',*,*,#3325,.T.);
#4814=ORIENTED_EDGE('',*,*,#3315,.T.);
#4815=ORIENTED_EDGE('',*,*,#3319,.T.);
#4816=ORIENTED_EDGE('',*,*,#3310,.T.);
#4817=ORIENTED_EDGE('',*,*,#3313,.T.);
#4818=ORIENTED_EDGE('',*,*,#3303,.T.);
#4819=ORIENTED_EDGE('',*,*,#3307,.T.);
#4820=ORIENTED_EDGE('',*,*,#3298,.T.);
#4821=ORIENTED_EDGE('',*,*,#3301,.T.);
#4822=ORIENTED_EDGE('',*,*,#3291,.T.);
#4823=ORIENTED_EDGE('',*,*,#3295,.T.);
#4824=ORIENTED_EDGE('',*,*,#3283,.T.);
#4825=ORIENTED_EDGE('',*,*,#3286,.T.);
#4826=ORIENTED_EDGE('',*,*,#3289,.T.);
#4827=ORIENTED_EDGE('',*,*,#3273,.T.);
#4828=ORIENTED_EDGE('',*,*,#3277,.T.);
#4829=ORIENTED_EDGE('',*,*,#3280,.T.);
#4830=ORIENTED_EDGE('',*,*,#3268,.T.);
#4831=ORIENTED_EDGE('',*,*,#3271,.T.);
#4832=ORIENTED_EDGE('',*,*,#3261,.T.);
#4833=ORIENTED_EDGE('',*,*,#3265,.T.);
#4834=ORIENTED_EDGE('',*,*,#3194,.T.);
#4835=ORIENTED_EDGE('',*,*,#3462,.T.);
#4836=ORIENTED_EDGE('',*,*,#3411,.F.);
#4837=ORIENTED_EDGE('',*,*,#3463,.F.);
#4838=ORIENTED_EDGE('',*,*,#3195,.T.);
#4839=ORIENTED_EDGE('',*,*,#3463,.T.);
#4840=ORIENTED_EDGE('',*,*,#3408,.F.);
#4841=ORIENTED_EDGE('',*,*,#3464,.F.);
#4842=ORIENTED_EDGE('',*,*,#3197,.T.);
#4843=ORIENTED_EDGE('',*,*,#3465,.T.);
#4844=ORIENTED_EDGE('',*,*,#3400,.F.);
#4845=ORIENTED_EDGE('',*,*,#3466,.F.);
#4846=ORIENTED_EDGE('',*,*,#3196,.T.);
#4847=ORIENTED_EDGE('',*,*,#3464,.T.);
#4848=ORIENTED_EDGE('',*,*,#3405,.F.);
#4849=ORIENTED_EDGE('',*,*,#3465,.F.);
#4850=ORIENTED_EDGE('',*,*,#3193,.T.);
#4851=ORIENTED_EDGE('',*,*,#3424,.F.);
#4852=ORIENTED_EDGE('',*,*,#3414,.F.);
#4853=ORIENTED_EDGE('',*,*,#3462,.F.);
#4854=ORIENTED_EDGE('',*,*,#3425,.F.);
#4855=ORIENTED_EDGE('',*,*,#3223,.F.);
#4856=ORIENTED_EDGE('',*,*,#3461,.F.);
#4857=ORIENTED_EDGE('',*,*,#3444,.F.);
#4858=ORIENTED_EDGE('',*,*,#3467,.F.);
#4859=ORIENTED_EDGE('',*,*,#3422,.F.);
#4860=ORIENTED_EDGE('',*,*,#3436,.F.);
#4861=ORIENTED_EDGE('',*,*,#3434,.F.);
#4862=ORIENTED_EDGE('',*,*,#3431,.F.);
#4863=ORIENTED_EDGE('',*,*,#3428,.F.);
#4864=ORIENTED_EDGE('',*,*,#3447,.F.);
#4865=ORIENTED_EDGE('',*,*,#3417,.T.);
#4866=ORIENTED_EDGE('',*,*,#3423,.T.);
#4867=ORIENTED_EDGE('',*,*,#3467,.T.);
#4868=ORIENTED_EDGE('',*,*,#3210,.T.);
#4869=ORIENTED_EDGE('',*,*,#3468,.F.);
#4870=ORIENTED_EDGE('',*,*,#3469,.F.);
#4871=ORIENTED_EDGE('',*,*,#3259,.T.);
#4872=ORIENTED_EDGE('',*,*,#3470,.T.);
#4873=ORIENTED_EDGE('',*,*,#3257,.T.);
#4874=ORIENTED_EDGE('',*,*,#3260,.T.);
#4875=ORIENTED_EDGE('',*,*,#3469,.T.);
#4876=ORIENTED_EDGE('',*,*,#3347,.T.);
#4877=ORIENTED_EDGE('',*,*,#3344,.T.);
#4878=ORIENTED_EDGE('',*,*,#3341,.T.);
#4879=ORIENTED_EDGE('',*,*,#3350,.T.);
#4880=ORIENTED_EDGE('',*,*,#3335,.T.);
#4881=ORIENTED_EDGE('',*,*,#3332,.T.);
#4882=ORIENTED_EDGE('',*,*,#3329,.T.);
#4883=ORIENTED_EDGE('',*,*,#3338,.T.);
#4884=ORIENTED_EDGE('',*,*,#3323,.T.);
#4885=ORIENTED_EDGE('',*,*,#3320,.T.);
#4886=ORIENTED_EDGE('',*,*,#3317,.T.);
#4887=ORIENTED_EDGE('',*,*,#3326,.T.);
#4888=ORIENTED_EDGE('',*,*,#3311,.T.);
#4889=ORIENTED_EDGE('',*,*,#3308,.T.);
#4890=ORIENTED_EDGE('',*,*,#3305,.T.);
#4891=ORIENTED_EDGE('',*,*,#3314,.T.);
#4892=ORIENTED_EDGE('',*,*,#3299,.T.);
#4893=ORIENTED_EDGE('',*,*,#3296,.T.);
#4894=ORIENTED_EDGE('',*,*,#3293,.T.);
#4895=ORIENTED_EDGE('',*,*,#3302,.T.);
#4896=ORIENTED_EDGE('',*,*,#3284,.T.);
#4897=ORIENTED_EDGE('',*,*,#3281,.T.);
#4898=ORIENTED_EDGE('',*,*,#3278,.T.);
#4899=ORIENTED_EDGE('',*,*,#3275,.T.);
#4900=ORIENTED_EDGE('',*,*,#3290,.T.);
#4901=ORIENTED_EDGE('',*,*,#3287,.T.);
#4902=ORIENTED_EDGE('',*,*,#3269,.T.);
#4903=ORIENTED_EDGE('',*,*,#3266,.T.);
#4904=ORIENTED_EDGE('',*,*,#3263,.T.);
#4905=ORIENTED_EDGE('',*,*,#3272,.T.);
#4906=ORIENTED_EDGE('',*,*,#3198,.T.);
#4907=ORIENTED_EDGE('',*,*,#3466,.T.);
#4908=ORIENTED_EDGE('',*,*,#3399,.F.);
#4909=ORIENTED_EDGE('',*,*,#3415,.T.);
#4910=ORIENTED_EDGE('',*,*,#3391,.F.);
#4911=ORIENTED_EDGE('',*,*,#3394,.T.);
#4912=ORIENTED_EDGE('',*,*,#3383,.F.);
#4913=ORIENTED_EDGE('',*,*,#3419,.T.);
#4914=ORIENTED_EDGE('',*,*,#3452,.F.);
#4915=ORIENTED_EDGE('',*,*,#3460,.T.);
#4916=ORIENTED_EDGE('',*,*,#3252,.T.);
#4917=ORIENTED_EDGE('',*,*,#3378,.F.);
#4918=ORIENTED_EDGE('',*,*,#3380,.F.);
#4919=ORIENTED_EDGE('',*,*,#3213,.T.);
#4920=ORIENTED_EDGE('',*,*,#3258,.F.);
#4921=ORIENTED_EDGE('',*,*,#3470,.F.);
#4922=ORIENTED_EDGE('',*,*,#3468,.T.);
#4923=ORIENTED_EDGE('',*,*,#3471,.T.);
#4924=ORIENTED_EDGE('',*,*,#3472,.T.);
#4925=ORIENTED_EDGE('',*,*,#3473,.F.);
#4926=ORIENTED_EDGE('',*,*,#3474,.F.);
#4927=ORIENTED_EDGE('',*,*,#3475,.T.);
#4928=ORIENTED_EDGE('',*,*,#3474,.T.);
#4929=ORIENTED_EDGE('',*,*,#3476,.F.);
#4930=ORIENTED_EDGE('',*,*,#3477,.F.);
#4931=ORIENTED_EDGE('',*,*,#3478,.T.);
#4932=ORIENTED_EDGE('',*,*,#3477,.T.);
#4933=ORIENTED_EDGE('',*,*,#3479,.F.);
#4934=ORIENTED_EDGE('',*,*,#3480,.F.);
#4935=ORIENTED_EDGE('',*,*,#3481,.T.);
#4936=ORIENTED_EDGE('',*,*,#3480,.T.);
#4937=ORIENTED_EDGE('',*,*,#3482,.F.);
#4938=ORIENTED_EDGE('',*,*,#3472,.F.);
#4939=ORIENTED_EDGE('',*,*,#3481,.F.);
#4940=ORIENTED_EDGE('',*,*,#3471,.F.);
#4941=ORIENTED_EDGE('',*,*,#3475,.F.);
#4942=ORIENTED_EDGE('',*,*,#3478,.F.);
#4943=ORIENTED_EDGE('',*,*,#3482,.T.);
#4944=ORIENTED_EDGE('',*,*,#3479,.T.);
#4945=ORIENTED_EDGE('',*,*,#3476,.T.);
#4946=ORIENTED_EDGE('',*,*,#3473,.T.);
#4947=ORIENTED_EDGE('',*,*,#3483,.T.);
#4948=ORIENTED_EDGE('',*,*,#3484,.T.);
#4949=ORIENTED_EDGE('',*,*,#3485,.F.);
#4950=ORIENTED_EDGE('',*,*,#3486,.F.);
#4951=ORIENTED_EDGE('',*,*,#3487,.T.);
#4952=ORIENTED_EDGE('',*,*,#3486,.T.);
#4953=ORIENTED_EDGE('',*,*,#3488,.F.);
#4954=ORIENTED_EDGE('',*,*,#3489,.F.);
#4955=ORIENTED_EDGE('',*,*,#3490,.T.);
#4956=ORIENTED_EDGE('',*,*,#3489,.T.);
#4957=ORIENTED_EDGE('',*,*,#3491,.F.);
#4958=ORIENTED_EDGE('',*,*,#3492,.F.);
#4959=ORIENTED_EDGE('',*,*,#3493,.T.);
#4960=ORIENTED_EDGE('',*,*,#3492,.T.);
#4961=ORIENTED_EDGE('',*,*,#3494,.F.);
#4962=ORIENTED_EDGE('',*,*,#3484,.F.);
#4963=ORIENTED_EDGE('',*,*,#3493,.F.);
#4964=ORIENTED_EDGE('',*,*,#3483,.F.);
#4965=ORIENTED_EDGE('',*,*,#3487,.F.);
#4966=ORIENTED_EDGE('',*,*,#3490,.F.);
#4967=ORIENTED_EDGE('',*,*,#3494,.T.);
#4968=ORIENTED_EDGE('',*,*,#3491,.T.);
#4969=ORIENTED_EDGE('',*,*,#3488,.T.);
#4970=ORIENTED_EDGE('',*,*,#3485,.T.);
#4971=ORIENTED_EDGE('',*,*,#3495,.T.);
#4972=ORIENTED_EDGE('',*,*,#3496,.T.);
#4973=ORIENTED_EDGE('',*,*,#3497,.F.);
#4974=ORIENTED_EDGE('',*,*,#3498,.F.);
#4975=ORIENTED_EDGE('',*,*,#3499,.T.);
#4976=ORIENTED_EDGE('',*,*,#3498,.T.);
#4977=ORIENTED_EDGE('',*,*,#3500,.F.);
#4978=ORIENTED_EDGE('',*,*,#3501,.F.);
#4979=ORIENTED_EDGE('',*,*,#3502,.T.);
#4980=ORIENTED_EDGE('',*,*,#3501,.T.);
#4981=ORIENTED_EDGE('',*,*,#3503,.F.);
#4982=ORIENTED_EDGE('',*,*,#3504,.F.);
#4983=ORIENTED_EDGE('',*,*,#3505,.T.);
#4984=ORIENTED_EDGE('',*,*,#3504,.T.);
#4985=ORIENTED_EDGE('',*,*,#3506,.F.);
#4986=ORIENTED_EDGE('',*,*,#3507,.F.);
#4987=ORIENTED_EDGE('',*,*,#3508,.T.);
#4988=ORIENTED_EDGE('',*,*,#3507,.T.);
#4989=ORIENTED_EDGE('',*,*,#3509,.F.);
#4990=ORIENTED_EDGE('',*,*,#3510,.F.);
#4991=ORIENTED_EDGE('',*,*,#3511,.T.);
#4992=ORIENTED_EDGE('',*,*,#3510,.T.);
#4993=ORIENTED_EDGE('',*,*,#3512,.F.);
#4994=ORIENTED_EDGE('',*,*,#3496,.F.);
#4995=ORIENTED_EDGE('',*,*,#3511,.F.);
#4996=ORIENTED_EDGE('',*,*,#3495,.F.);
#4997=ORIENTED_EDGE('',*,*,#3499,.F.);
#4998=ORIENTED_EDGE('',*,*,#3502,.F.);
#4999=ORIENTED_EDGE('',*,*,#3505,.F.);
#5000=ORIENTED_EDGE('',*,*,#3508,.F.);
#5001=ORIENTED_EDGE('',*,*,#3512,.T.);
#5002=ORIENTED_EDGE('',*,*,#3509,.T.);
#5003=ORIENTED_EDGE('',*,*,#3506,.T.);
#5004=ORIENTED_EDGE('',*,*,#3503,.T.);
#5005=ORIENTED_EDGE('',*,*,#3500,.T.);
#5006=ORIENTED_EDGE('',*,*,#3497,.T.);
#5007=ORIENTED_EDGE('',*,*,#3513,.T.);
#5008=ORIENTED_EDGE('',*,*,#3514,.T.);
#5009=ORIENTED_EDGE('',*,*,#3515,.F.);
#5010=ORIENTED_EDGE('',*,*,#3516,.F.);
#5011=ORIENTED_EDGE('',*,*,#3517,.T.);
#5012=ORIENTED_EDGE('',*,*,#3516,.T.);
#5013=ORIENTED_EDGE('',*,*,#3518,.F.);
#5014=ORIENTED_EDGE('',*,*,#3519,.F.);
#5015=ORIENTED_EDGE('',*,*,#3520,.T.);
#5016=ORIENTED_EDGE('',*,*,#3519,.T.);
#5017=ORIENTED_EDGE('',*,*,#3521,.F.);
#5018=ORIENTED_EDGE('',*,*,#3522,.F.);
#5019=ORIENTED_EDGE('',*,*,#3523,.T.);
#5020=ORIENTED_EDGE('',*,*,#3522,.T.);
#5021=ORIENTED_EDGE('',*,*,#3524,.F.);
#5022=ORIENTED_EDGE('',*,*,#3514,.F.);
#5023=ORIENTED_EDGE('',*,*,#3523,.F.);
#5024=ORIENTED_EDGE('',*,*,#3513,.F.);
#5025=ORIENTED_EDGE('',*,*,#3517,.F.);
#5026=ORIENTED_EDGE('',*,*,#3520,.F.);
#5027=ORIENTED_EDGE('',*,*,#3524,.T.);
#5028=ORIENTED_EDGE('',*,*,#3521,.T.);
#5029=ORIENTED_EDGE('',*,*,#3518,.T.);
#5030=ORIENTED_EDGE('',*,*,#3515,.T.);
#5031=ORIENTED_EDGE('',*,*,#3525,.T.);
#5032=ORIENTED_EDGE('',*,*,#3526,.T.);
#5033=ORIENTED_EDGE('',*,*,#3527,.F.);
#5034=ORIENTED_EDGE('',*,*,#3528,.F.);
#5035=ORIENTED_EDGE('',*,*,#3529,.T.);
#5036=ORIENTED_EDGE('',*,*,#3528,.T.);
#5037=ORIENTED_EDGE('',*,*,#3530,.F.);
#5038=ORIENTED_EDGE('',*,*,#3531,.F.);
#5039=ORIENTED_EDGE('',*,*,#3532,.T.);
#5040=ORIENTED_EDGE('',*,*,#3531,.T.);
#5041=ORIENTED_EDGE('',*,*,#3533,.F.);
#5042=ORIENTED_EDGE('',*,*,#3534,.F.);
#5043=ORIENTED_EDGE('',*,*,#3535,.T.);
#5044=ORIENTED_EDGE('',*,*,#3534,.T.);
#5045=ORIENTED_EDGE('',*,*,#3536,.F.);
#5046=ORIENTED_EDGE('',*,*,#3526,.F.);
#5047=ORIENTED_EDGE('',*,*,#3535,.F.);
#5048=ORIENTED_EDGE('',*,*,#3525,.F.);
#5049=ORIENTED_EDGE('',*,*,#3529,.F.);
#5050=ORIENTED_EDGE('',*,*,#3532,.F.);
#5051=ORIENTED_EDGE('',*,*,#3536,.T.);
#5052=ORIENTED_EDGE('',*,*,#3533,.T.);
#5053=ORIENTED_EDGE('',*,*,#3530,.T.);
#5054=ORIENTED_EDGE('',*,*,#3527,.T.);
#5055=ORIENTED_EDGE('',*,*,#3537,.T.);
#5056=ORIENTED_EDGE('',*,*,#3538,.T.);
#5057=ORIENTED_EDGE('',*,*,#3539,.F.);
#5058=ORIENTED_EDGE('',*,*,#3540,.F.);
#5059=ORIENTED_EDGE('',*,*,#3541,.T.);
#5060=ORIENTED_EDGE('',*,*,#3540,.T.);
#5061=ORIENTED_EDGE('',*,*,#3542,.F.);
#5062=ORIENTED_EDGE('',*,*,#3543,.F.);
#5063=ORIENTED_EDGE('',*,*,#3544,.T.);
#5064=ORIENTED_EDGE('',*,*,#3543,.T.);
#5065=ORIENTED_EDGE('',*,*,#3545,.F.);
#5066=ORIENTED_EDGE('',*,*,#3546,.F.);
#5067=ORIENTED_EDGE('',*,*,#3547,.T.);
#5068=ORIENTED_EDGE('',*,*,#3546,.T.);
#5069=ORIENTED_EDGE('',*,*,#3548,.F.);
#5070=ORIENTED_EDGE('',*,*,#3538,.F.);
#5071=ORIENTED_EDGE('',*,*,#3547,.F.);
#5072=ORIENTED_EDGE('',*,*,#3537,.F.);
#5073=ORIENTED_EDGE('',*,*,#3541,.F.);
#5074=ORIENTED_EDGE('',*,*,#3544,.F.);
#5075=ORIENTED_EDGE('',*,*,#3548,.T.);
#5076=ORIENTED_EDGE('',*,*,#3545,.T.);
#5077=ORIENTED_EDGE('',*,*,#3542,.T.);
#5078=ORIENTED_EDGE('',*,*,#3539,.T.);
#5079=ORIENTED_EDGE('',*,*,#3549,.T.);
#5080=ORIENTED_EDGE('',*,*,#3550,.T.);
#5081=ORIENTED_EDGE('',*,*,#3551,.F.);
#5082=ORIENTED_EDGE('',*,*,#3552,.F.);
#5083=ORIENTED_EDGE('',*,*,#3553,.T.);
#5084=ORIENTED_EDGE('',*,*,#3552,.T.);
#5085=ORIENTED_EDGE('',*,*,#3554,.F.);
#5086=ORIENTED_EDGE('',*,*,#3555,.F.);
#5087=ORIENTED_EDGE('',*,*,#3556,.T.);
#5088=ORIENTED_EDGE('',*,*,#3555,.T.);
#5089=ORIENTED_EDGE('',*,*,#3557,.F.);
#5090=ORIENTED_EDGE('',*,*,#3558,.F.);
#5091=ORIENTED_EDGE('',*,*,#3559,.T.);
#5092=ORIENTED_EDGE('',*,*,#3558,.T.);
#5093=ORIENTED_EDGE('',*,*,#3560,.F.);
#5094=ORIENTED_EDGE('',*,*,#3550,.F.);
#5095=ORIENTED_EDGE('',*,*,#3559,.F.);
#5096=ORIENTED_EDGE('',*,*,#3549,.F.);
#5097=ORIENTED_EDGE('',*,*,#3553,.F.);
#5098=ORIENTED_EDGE('',*,*,#3556,.F.);
#5099=ORIENTED_EDGE('',*,*,#3560,.T.);
#5100=ORIENTED_EDGE('',*,*,#3557,.T.);
#5101=ORIENTED_EDGE('',*,*,#3554,.T.);
#5102=ORIENTED_EDGE('',*,*,#3551,.T.);
#5103=ORIENTED_EDGE('',*,*,#3561,.T.);
#5104=ORIENTED_EDGE('',*,*,#3562,.T.);
#5105=ORIENTED_EDGE('',*,*,#3563,.T.);
#5106=ORIENTED_EDGE('',*,*,#3564,.T.);
#5107=ORIENTED_EDGE('',*,*,#3565,.T.);
#5108=ORIENTED_EDGE('',*,*,#3566,.T.);
#5109=ORIENTED_EDGE('',*,*,#3564,.F.);
#5110=ORIENTED_EDGE('',*,*,#3567,.F.);
#5111=ORIENTED_EDGE('',*,*,#3568,.T.);
#5112=ORIENTED_EDGE('',*,*,#3567,.T.);
#5113=ORIENTED_EDGE('',*,*,#3563,.F.);
#5114=ORIENTED_EDGE('',*,*,#3569,.F.);
#5115=ORIENTED_EDGE('',*,*,#3570,.T.);
#5116=ORIENTED_EDGE('',*,*,#3569,.T.);
#5117=ORIENTED_EDGE('',*,*,#3562,.F.);
#5118=ORIENTED_EDGE('',*,*,#3571,.F.);
#5119=ORIENTED_EDGE('',*,*,#3572,.T.);
#5120=ORIENTED_EDGE('',*,*,#3571,.T.);
#5121=ORIENTED_EDGE('',*,*,#3561,.F.);
#5122=ORIENTED_EDGE('',*,*,#3566,.F.);
#5123=ORIENTED_EDGE('',*,*,#3572,.F.);
#5124=ORIENTED_EDGE('',*,*,#3565,.F.);
#5125=ORIENTED_EDGE('',*,*,#3568,.F.);
#5126=ORIENTED_EDGE('',*,*,#3570,.F.);
#5127=ORIENTED_EDGE('',*,*,#3573,.T.);
#5128=ORIENTED_EDGE('',*,*,#3574,.T.);
#5129=ORIENTED_EDGE('',*,*,#3575,.T.);
#5130=ORIENTED_EDGE('',*,*,#3576,.T.);
#5131=ORIENTED_EDGE('',*,*,#3577,.T.);
#5132=ORIENTED_EDGE('',*,*,#3578,.T.);
#5133=ORIENTED_EDGE('',*,*,#3576,.F.);
#5134=ORIENTED_EDGE('',*,*,#3579,.F.);
#5135=ORIENTED_EDGE('',*,*,#3580,.T.);
#5136=ORIENTED_EDGE('',*,*,#3579,.T.);
#5137=ORIENTED_EDGE('',*,*,#3575,.F.);
#5138=ORIENTED_EDGE('',*,*,#3581,.F.);
#5139=ORIENTED_EDGE('',*,*,#3582,.T.);
#5140=ORIENTED_EDGE('',*,*,#3581,.T.);
#5141=ORIENTED_EDGE('',*,*,#3574,.F.);
#5142=ORIENTED_EDGE('',*,*,#3583,.F.);
#5143=ORIENTED_EDGE('',*,*,#3584,.T.);
#5144=ORIENTED_EDGE('',*,*,#3583,.T.);
#5145=ORIENTED_EDGE('',*,*,#3573,.F.);
#5146=ORIENTED_EDGE('',*,*,#3578,.F.);
#5147=ORIENTED_EDGE('',*,*,#3584,.F.);
#5148=ORIENTED_EDGE('',*,*,#3577,.F.);
#5149=ORIENTED_EDGE('',*,*,#3580,.F.);
#5150=ORIENTED_EDGE('',*,*,#3582,.F.);
#5151=ORIENTED_EDGE('',*,*,#3585,.T.);
#5152=ORIENTED_EDGE('',*,*,#3586,.T.);
#5153=ORIENTED_EDGE('',*,*,#3587,.T.);
#5154=ORIENTED_EDGE('',*,*,#3588,.T.);
#5155=ORIENTED_EDGE('',*,*,#3589,.T.);
#5156=ORIENTED_EDGE('',*,*,#3590,.T.);
#5157=ORIENTED_EDGE('',*,*,#3588,.F.);
#5158=ORIENTED_EDGE('',*,*,#3591,.F.);
#5159=ORIENTED_EDGE('',*,*,#3592,.T.);
#5160=ORIENTED_EDGE('',*,*,#3591,.T.);
#5161=ORIENTED_EDGE('',*,*,#3587,.F.);
#5162=ORIENTED_EDGE('',*,*,#3593,.F.);
#5163=ORIENTED_EDGE('',*,*,#3594,.T.);
#5164=ORIENTED_EDGE('',*,*,#3593,.T.);
#5165=ORIENTED_EDGE('',*,*,#3586,.F.);
#5166=ORIENTED_EDGE('',*,*,#3595,.F.);
#5167=ORIENTED_EDGE('',*,*,#3596,.T.);
#5168=ORIENTED_EDGE('',*,*,#3595,.T.);
#5169=ORIENTED_EDGE('',*,*,#3585,.F.);
#5170=ORIENTED_EDGE('',*,*,#3590,.F.);
#5171=ORIENTED_EDGE('',*,*,#3596,.F.);
#5172=ORIENTED_EDGE('',*,*,#3589,.F.);
#5173=ORIENTED_EDGE('',*,*,#3592,.F.);
#5174=ORIENTED_EDGE('',*,*,#3594,.F.);
#5175=ORIENTED_EDGE('',*,*,#3597,.T.);
#5176=ORIENTED_EDGE('',*,*,#3598,.T.);
#5177=ORIENTED_EDGE('',*,*,#3599,.T.);
#5178=ORIENTED_EDGE('',*,*,#3600,.T.);
#5179=ORIENTED_EDGE('',*,*,#3601,.T.);
#5180=ORIENTED_EDGE('',*,*,#3602,.T.);
#5181=ORIENTED_EDGE('',*,*,#3600,.F.);
#5182=ORIENTED_EDGE('',*,*,#3603,.F.);
#5183=ORIENTED_EDGE('',*,*,#3604,.T.);
#5184=ORIENTED_EDGE('',*,*,#3603,.T.);
#5185=ORIENTED_EDGE('',*,*,#3599,.F.);
#5186=ORIENTED_EDGE('',*,*,#3605,.F.);
#5187=ORIENTED_EDGE('',*,*,#3606,.T.);
#5188=ORIENTED_EDGE('',*,*,#3605,.T.);
#5189=ORIENTED_EDGE('',*,*,#3598,.F.);
#5190=ORIENTED_EDGE('',*,*,#3607,.F.);
#5191=ORIENTED_EDGE('',*,*,#3608,.T.);
#5192=ORIENTED_EDGE('',*,*,#3607,.T.);
#5193=ORIENTED_EDGE('',*,*,#3597,.F.);
#5194=ORIENTED_EDGE('',*,*,#3602,.F.);
#5195=ORIENTED_EDGE('',*,*,#3608,.F.);
#5196=ORIENTED_EDGE('',*,*,#3601,.F.);
#5197=ORIENTED_EDGE('',*,*,#3604,.F.);
#5198=ORIENTED_EDGE('',*,*,#3606,.F.);
#5199=ORIENTED_EDGE('',*,*,#3609,.T.);
#5200=ORIENTED_EDGE('',*,*,#3610,.T.);
#5201=ORIENTED_EDGE('',*,*,#3611,.T.);
#5202=ORIENTED_EDGE('',*,*,#3612,.T.);
#5203=ORIENTED_EDGE('',*,*,#3613,.T.);
#5204=ORIENTED_EDGE('',*,*,#3614,.T.);
#5205=ORIENTED_EDGE('',*,*,#3615,.T.);
#5206=ORIENTED_EDGE('',*,*,#3616,.T.);
#5207=ORIENTED_EDGE('',*,*,#3614,.F.);
#5208=ORIENTED_EDGE('',*,*,#3617,.F.);
#5209=ORIENTED_EDGE('',*,*,#3618,.T.);
#5210=ORIENTED_EDGE('',*,*,#3617,.T.);
#5211=ORIENTED_EDGE('',*,*,#3613,.F.);
#5212=ORIENTED_EDGE('',*,*,#3619,.F.);
#5213=ORIENTED_EDGE('',*,*,#3620,.T.);
#5214=ORIENTED_EDGE('',*,*,#3619,.T.);
#5215=ORIENTED_EDGE('',*,*,#3612,.F.);
#5216=ORIENTED_EDGE('',*,*,#3621,.F.);
#5217=ORIENTED_EDGE('',*,*,#3622,.T.);
#5218=ORIENTED_EDGE('',*,*,#3621,.T.);
#5219=ORIENTED_EDGE('',*,*,#3611,.F.);
#5220=ORIENTED_EDGE('',*,*,#3623,.F.);
#5221=ORIENTED_EDGE('',*,*,#3624,.T.);
#5222=ORIENTED_EDGE('',*,*,#3623,.T.);
#5223=ORIENTED_EDGE('',*,*,#3610,.F.);
#5224=ORIENTED_EDGE('',*,*,#3625,.F.);
#5225=ORIENTED_EDGE('',*,*,#3626,.T.);
#5226=ORIENTED_EDGE('',*,*,#3625,.T.);
#5227=ORIENTED_EDGE('',*,*,#3609,.F.);
#5228=ORIENTED_EDGE('',*,*,#3616,.F.);
#5229=ORIENTED_EDGE('',*,*,#3626,.F.);
#5230=ORIENTED_EDGE('',*,*,#3615,.F.);
#5231=ORIENTED_EDGE('',*,*,#3618,.F.);
#5232=ORIENTED_EDGE('',*,*,#3620,.F.);
#5233=ORIENTED_EDGE('',*,*,#3622,.F.);
#5234=ORIENTED_EDGE('',*,*,#3624,.F.);
#5235=ORIENTED_EDGE('',*,*,#3627,.T.);
#5236=ORIENTED_EDGE('',*,*,#3628,.T.);
#5237=ORIENTED_EDGE('',*,*,#3629,.T.);
#5238=ORIENTED_EDGE('',*,*,#3630,.T.);
#5239=ORIENTED_EDGE('',*,*,#3631,.T.);
#5240=ORIENTED_EDGE('',*,*,#3632,.T.);
#5241=ORIENTED_EDGE('',*,*,#3630,.F.);
#5242=ORIENTED_EDGE('',*,*,#3633,.F.);
#5243=ORIENTED_EDGE('',*,*,#3634,.T.);
#5244=ORIENTED_EDGE('',*,*,#3633,.T.);
#5245=ORIENTED_EDGE('',*,*,#3629,.F.);
#5246=ORIENTED_EDGE('',*,*,#3635,.F.);
#5247=ORIENTED_EDGE('',*,*,#3636,.T.);
#5248=ORIENTED_EDGE('',*,*,#3635,.T.);
#5249=ORIENTED_EDGE('',*,*,#3628,.F.);
#5250=ORIENTED_EDGE('',*,*,#3637,.F.);
#5251=ORIENTED_EDGE('',*,*,#3638,.T.);
#5252=ORIENTED_EDGE('',*,*,#3637,.T.);
#5253=ORIENTED_EDGE('',*,*,#3627,.F.);
#5254=ORIENTED_EDGE('',*,*,#3632,.F.);
#5255=ORIENTED_EDGE('',*,*,#3638,.F.);
#5256=ORIENTED_EDGE('',*,*,#3631,.F.);
#5257=ORIENTED_EDGE('',*,*,#3634,.F.);
#5258=ORIENTED_EDGE('',*,*,#3636,.F.);
#5259=ORIENTED_EDGE('',*,*,#3639,.T.);
#5260=ORIENTED_EDGE('',*,*,#3640,.T.);
#5261=ORIENTED_EDGE('',*,*,#3641,.T.);
#5262=ORIENTED_EDGE('',*,*,#3642,.T.);
#5263=ORIENTED_EDGE('',*,*,#3643,.T.);
#5264=ORIENTED_EDGE('',*,*,#3644,.T.);
#5265=ORIENTED_EDGE('',*,*,#3642,.F.);
#5266=ORIENTED_EDGE('',*,*,#3645,.F.);
#5267=ORIENTED_EDGE('',*,*,#3646,.T.);
#5268=ORIENTED_EDGE('',*,*,#3645,.T.);
#5269=ORIENTED_EDGE('',*,*,#3641,.F.);
#5270=ORIENTED_EDGE('',*,*,#3647,.F.);
#5271=ORIENTED_EDGE('',*,*,#3648,.T.);
#5272=ORIENTED_EDGE('',*,*,#3647,.T.);
#5273=ORIENTED_EDGE('',*,*,#3640,.F.);
#5274=ORIENTED_EDGE('',*,*,#3649,.F.);
#5275=ORIENTED_EDGE('',*,*,#3650,.T.);
#5276=ORIENTED_EDGE('',*,*,#3649,.T.);
#5277=ORIENTED_EDGE('',*,*,#3639,.F.);
#5278=ORIENTED_EDGE('',*,*,#3644,.F.);
#5279=ORIENTED_EDGE('',*,*,#3650,.F.);
#5280=ORIENTED_EDGE('',*,*,#3643,.F.);
#5281=ORIENTED_EDGE('',*,*,#3646,.F.);
#5282=ORIENTED_EDGE('',*,*,#3648,.F.);
#5283=PLANE('',#5864);
#5284=PLANE('',#5865);
#5285=PLANE('',#5866);
#5286=PLANE('',#5869);
#5287=PLANE('',#5870);
#5288=PLANE('',#5871);
#5289=PLANE('',#5872);
#5290=PLANE('',#5876);
#5291=PLANE('',#5877);
#5292=PLANE('',#5878);
#5293=PLANE('',#5879);
#5294=PLANE('',#5880);
#5295=PLANE('',#5881);
#5296=PLANE('',#5882);
#5297=PLANE('',#5883);
#5298=PLANE('',#5887);
#5299=PLANE('',#5888);
#5300=PLANE('',#5889);
#5301=PLANE('',#5892);
#5302=PLANE('',#5893);
#5303=PLANE('',#5894);
#5304=PLANE('',#5895);
#5305=PLANE('',#5896);
#5306=PLANE('',#5897);
#5307=PLANE('',#5898);
#5308=PLANE('',#5899);
#5309=PLANE('',#5900);
#5310=PLANE('',#5901);
#5311=PLANE('',#5902);
#5312=PLANE('',#5903);
#5313=PLANE('',#5904);
#5314=PLANE('',#5905);
#5315=PLANE('',#5906);
#5316=PLANE('',#5907);
#5317=PLANE('',#5908);
#5318=PLANE('',#5909);
#5319=PLANE('',#5910);
#5320=PLANE('',#5911);
#5321=PLANE('',#5912);
#5322=PLANE('',#5913);
#5323=PLANE('',#5914);
#5324=PLANE('',#5915);
#5325=PLANE('',#5916);
#5326=PLANE('',#5917);
#5327=PLANE('',#5918);
#5328=PLANE('',#5919);
#5329=PLANE('',#5920);
#5330=PLANE('',#5921);
#5331=PLANE('',#5939);
#5332=PLANE('',#5942);
#5333=PLANE('',#5943);
#5334=PLANE('',#5960);
#5335=PLANE('',#5977);
#5336=PLANE('',#5980);
#5337=PLANE('',#5994);
#5338=PLANE('',#5997);
#5339=PLANE('',#6000);
#5340=PLANE('',#6014);
#5341=PLANE('',#6039);
#5342=PLANE('',#6041);
#5343=PLANE('',#6043);
#5344=PLANE('',#6044);
#5345=PLANE('',#6047);
#5346=PLANE('',#6048);
#5347=PLANE('',#6051);
#5348=PLANE('',#6054);
#5349=PLANE('',#6055);
#5350=PLANE('',#6056);
#5351=PLANE('',#6057);
#5352=PLANE('',#6058);
#5353=PLANE('',#6059);
#5354=PLANE('',#6062);
#5355=PLANE('',#6064);
#5356=PLANE('',#6066);
#5357=PLANE('',#6067);
#5358=PLANE('',#6072);
#5359=PLANE('',#6075);
#5360=PLANE('',#6080);
#5361=PLANE('',#6081);
#5362=PLANE('',#6084);
#5363=PLANE('',#6085);
#5364=PLANE('',#6089);
#5365=PLANE('',#6092);
#5366=PLANE('',#6095);
#5367=PLANE('',#6096);
#5368=PLANE('',#6099);
#5369=PLANE('',#6102);
#5370=PLANE('',#6105);
#5371=PLANE('',#6106);
#5372=PLANE('',#6111);
#5373=PLANE('',#6112);
#5374=PLANE('',#6113);
#5375=PLANE('',#6114);
#5376=PLANE('',#6115);
#5377=PLANE('',#6116);
#5378=PLANE('',#6117);
#5379=PLANE('',#6118);
#5380=PLANE('',#6119);
#5381=PLANE('',#6120);
#5382=PLANE('',#6121);
#5383=PLANE('',#6122);
#5384=PLANE('',#6123);
#5385=PLANE('',#6124);
#5386=PLANE('',#6125);
#5387=PLANE('',#6126);
#5388=PLANE('',#6127);
#5389=PLANE('',#6128);
#5390=PLANE('',#6129);
#5391=PLANE('',#6130);
#5392=PLANE('',#6131);
#5393=PLANE('',#6132);
#5394=PLANE('',#6133);
#5395=PLANE('',#6134);
#5396=PLANE('',#6135);
#5397=PLANE('',#6136);
#5398=PLANE('',#6137);
#5399=PLANE('',#6138);
#5400=PLANE('',#6139);
#5401=PLANE('',#6140);
#5402=PLANE('',#6141);
#5403=PLANE('',#6142);
#5404=PLANE('',#6166);
#5405=PLANE('',#6184);
#5406=PLANE('',#6186);
#5407=PLANE('',#6188);
#5408=PLANE('',#6204);
#5409=PLANE('',#6205);
#5410=PLANE('',#6220);
#5411=PLANE('',#6222);
#5412=PLANE('',#6246);
#5413=PLANE('',#6248);
#5414=PLANE('',#6250);
#5415=PLANE('',#6251);
#5416=PLANE('',#6253);
#5417=PLANE('',#6254);
#5418=PLANE('',#6256);
#5419=PLANE('',#6257);
#5420=PLANE('',#6258);
#5421=PLANE('',#6260);
#5422=PLANE('',#6261);
#5423=PLANE('',#6262);
#5424=PLANE('',#6263);
#5425=PLANE('',#6264);
#5426=PLANE('',#6265);
#5427=PLANE('',#6266);
#5428=PLANE('',#6267);
#5429=PLANE('',#6268);
#5430=PLANE('',#6269);
#5431=PLANE('',#6270);
#5432=PLANE('',#6271);
#5433=PLANE('',#6272);
#5434=PLANE('',#6273);
#5435=PLANE('',#6274);
#5436=PLANE('',#6275);
#5437=PLANE('',#6276);
#5438=PLANE('',#6277);
#5439=PLANE('',#6278);
#5440=PLANE('',#6279);
#5441=PLANE('',#6280);
#5442=PLANE('',#6281);
#5443=PLANE('',#6282);
#5444=PLANE('',#6283);
#5445=PLANE('',#6284);
#5446=PLANE('',#6285);
#5447=PLANE('',#6286);
#5448=PLANE('',#6287);
#5449=PLANE('',#6288);
#5450=PLANE('',#6289);
#5451=PLANE('',#6290);
#5452=PLANE('',#6291);
#5453=PLANE('',#6292);
#5454=PLANE('',#6293);
#5455=PLANE('',#6294);
#5456=PLANE('',#6295);
#5457=PLANE('',#6296);
#5458=PLANE('',#6297);
#5459=PLANE('',#6298);
#5460=PLANE('',#6299);
#5461=PLANE('',#6300);
#5462=PLANE('',#6301);
#5463=PLANE('',#6302);
#5464=PLANE('',#6303);
#5465=PLANE('',#6304);
#5466=PLANE('',#6305);
#5467=PLANE('',#6306);
#5468=PLANE('',#6307);
#5469=PLANE('',#6308);
#5470=PLANE('',#6309);
#5471=PLANE('',#6310);
#5472=PLANE('',#6311);
#5473=PLANE('',#6312);
#5474=PLANE('',#6313);
#5475=PLANE('',#6314);
#5476=PLANE('',#6315);
#5477=PLANE('',#6316);
#5478=PLANE('',#6317);
#5479=PLANE('',#6318);
#5480=PLANE('',#6319);
#5481=PLANE('',#6320);
#5482=PLANE('',#6321);
#5483=PLANE('',#6322);
#5484=PLANE('',#6323);
#5485=PLANE('',#6324);
#5486=PLANE('',#6325);
#5487=PLANE('',#6326);
#5488=PLANE('',#6327);
#5489=PLANE('',#6328);
#5490=PLANE('',#6329);
#5491=PLANE('',#6330);
#5492=PLANE('',#6331);
#5493=PLANE('',#6332);
#5494=PLANE('',#6333);
#5495=PLANE('',#6334);
#5496=PLANE('',#6335);
#5497=PLANE('',#6336);
#5498=PLANE('',#6337);
#5499=PLANE('',#6338);
#5500=PLANE('',#6339);
#5501=PLANE('',#6340);
#5502=PLANE('',#6341);
#5503=PLANE('',#6342);
#5504=PLANE('',#6343);
#5505=PLANE('',#6344);
#5506=PLANE('',#6345);
#5507=PLANE('',#6346);
#5508=PLANE('',#6347);
#5509=PLANE('',#6348);
#5510=ADVANCED_FACE('',(#344),#5283,.T.);
#5511=ADVANCED_FACE('',(#345),#5284,.T.);
#5512=ADVANCED_FACE('',(#346),#5285,.T.);
#5513=ADVANCED_FACE('',(#347),#5286,.T.);
#5514=ADVANCED_FACE('',(#348),#5287,.T.);
#5515=ADVANCED_FACE('',(#349),#5288,.T.);
#5516=ADVANCED_FACE('',(#350),#5289,.T.);
#5517=ADVANCED_FACE('',(#351),#5290,.T.);
#5518=ADVANCED_FACE('',(#352),#5291,.T.);
#5519=ADVANCED_FACE('',(#353),#5292,.T.);
#5520=ADVANCED_FACE('',(#354),#5293,.T.);
#5521=ADVANCED_FACE('',(#355),#5294,.T.);
#5522=ADVANCED_FACE('',(#356),#5295,.T.);
#5523=ADVANCED_FACE('',(#357),#5296,.T.);
#5524=ADVANCED_FACE('',(#358),#5297,.T.);
#5525=ADVANCED_FACE('',(#359),#5298,.T.);
#5526=ADVANCED_FACE('',(#360),#5299,.T.);
#5527=ADVANCED_FACE('',(#361),#5300,.T.);
#5528=ADVANCED_FACE('',(#362),#5301,.F.);
#5529=ADVANCED_FACE('',(#363),#5302,.F.);
#5530=ADVANCED_FACE('',(#364),#5303,.F.);
#5531=ADVANCED_FACE('',(#365),#5304,.F.);
#5532=ADVANCED_FACE('',(#366),#5305,.F.);
#5533=ADVANCED_FACE('',(#367),#5306,.F.);
#5534=ADVANCED_FACE('',(#368),#5307,.F.);
#5535=ADVANCED_FACE('',(#369),#5308,.F.);
#5536=ADVANCED_FACE('',(#370),#5309,.F.);
#5537=ADVANCED_FACE('',(#371),#5310,.F.);
#5538=ADVANCED_FACE('',(#372),#5311,.F.);
#5539=ADVANCED_FACE('',(#373),#5312,.F.);
#5540=ADVANCED_FACE('',(#374),#5313,.F.);
#5541=ADVANCED_FACE('',(#375),#5314,.F.);
#5542=ADVANCED_FACE('',(#376),#5315,.F.);
#5543=ADVANCED_FACE('',(#377),#5316,.F.);
#5544=ADVANCED_FACE('',(#378),#5317,.F.);
#5545=ADVANCED_FACE('',(#379),#5318,.F.);
#5546=ADVANCED_FACE('',(#380),#5319,.F.);
#5547=ADVANCED_FACE('',(#381),#5320,.F.);
#5548=ADVANCED_FACE('',(#382),#5321,.F.);
#5549=ADVANCED_FACE('',(#383),#5322,.F.);
#5550=ADVANCED_FACE('',(#384),#5323,.F.);
#5551=ADVANCED_FACE('',(#385),#5324,.F.);
#5552=ADVANCED_FACE('',(#386),#5325,.F.);
#5553=ADVANCED_FACE('',(#387),#5326,.F.);
#5554=ADVANCED_FACE('',(#388),#5327,.F.);
#5555=ADVANCED_FACE('',(#389),#5328,.F.);
#5556=ADVANCED_FACE('',(#390),#5329,.F.);
#5557=ADVANCED_FACE('',(#391),#5330,.F.);
#5558=ADVANCED_FACE('',(#392),#114,.T.);
#5559=ADVANCED_FACE('',(#393),#110,.F.);
#5560=ADVANCED_FACE('',(#394),#74,.T.);
#5561=ADVANCED_FACE('',(#395),#115,.T.);
#5562=ADVANCED_FACE('',(#396),#75,.T.);
#5563=ADVANCED_FACE('',(#397),#116,.T.);
#5564=ADVANCED_FACE('',(#398),#117,.F.);
#5565=ADVANCED_FACE('',(#399),#5331,.F.);
#5566=ADVANCED_FACE('',(#400),#118,.F.);
#5567=ADVANCED_FACE('',(#401),#5332,.F.);
#5568=ADVANCED_FACE('',(#402),#5333,.T.);
#5569=ADVANCED_FACE('',(#403),#119,.T.);
#5570=ADVANCED_FACE('',(#404),#76,.T.);
#5571=ADVANCED_FACE('',(#405),#120,.T.);
#5572=ADVANCED_FACE('',(#406),#77,.T.);
#5573=ADVANCED_FACE('',(#407),#121,.T.);
#5574=ADVANCED_FACE('',(#408),#5334,.F.);
#5575=ADVANCED_FACE('',(#409),#122,.T.);
#5576=ADVANCED_FACE('',(#410),#78,.T.);
#5577=ADVANCED_FACE('',(#411),#123,.T.);
#5578=ADVANCED_FACE('',(#412),#79,.T.);
#5579=ADVANCED_FACE('',(#413),#111,.F.);
#5580=ADVANCED_FACE('',(#414),#124,.T.);
#5581=ADVANCED_FACE('',(#415),#125,.F.);
#5582=ADVANCED_FACE('',(#416),#5335,.F.);
#5583=ADVANCED_FACE('',(#417),#126,.F.);
#5584=ADVANCED_FACE('',(#418),#5336,.F.);
#5585=ADVANCED_FACE('',(#419),#127,.T.);
#5586=ADVANCED_FACE('',(#420),#80,.T.);
#5587=ADVANCED_FACE('',(#421),#128,.T.);
#5588=ADVANCED_FACE('',(#422),#81,.T.);
#5589=ADVANCED_FACE('',(#423),#129,.T.);
#5590=ADVANCED_FACE('',(#424),#5337,.F.);
#5591=ADVANCED_FACE('',(#425),#130,.F.);
#5592=ADVANCED_FACE('',(#426),#5338,.F.);
#5593=ADVANCED_FACE('',(#427),#131,.F.);
#5594=ADVANCED_FACE('',(#428),#5339,.F.);
#5595=ADVANCED_FACE('',(#429),#132,.T.);
#5596=ADVANCED_FACE('',(#430),#82,.T.);
#5597=ADVANCED_FACE('',(#431),#133,.T.);
#5598=ADVANCED_FACE('',(#432),#83,.T.);
#5599=ADVANCED_FACE('',(#433),#134,.T.);
#5600=ADVANCED_FACE('',(#434),#5340,.T.);
#5601=ADVANCED_FACE('',(#435),#84,.T.);
#5602=ADVANCED_FACE('',(#436),#135,.T.);
#5603=ADVANCED_FACE('',(#437),#85,.T.);
#5604=ADVANCED_FACE('',(#438),#136,.T.);
#5605=ADVANCED_FACE('',(#439),#86,.T.);
#5606=ADVANCED_FACE('',(#440),#137,.T.);
#5607=ADVANCED_FACE('',(#441),#87,.T.);
#5608=ADVANCED_FACE('',(#442),#138,.T.);
#5609=ADVANCED_FACE('',(#443),#5341,.F.);
#5610=ADVANCED_FACE('',(#444),#139,.T.);
#5611=ADVANCED_FACE('',(#445),#5342,.F.);
#5612=ADVANCED_FACE('',(#446),#140,.T.);
#5613=ADVANCED_FACE('',(#447,#45,#46,#47,#48,#49,#50,#51),#5343,.T.);
#5614=ADVANCED_FACE('',(#448),#5344,.F.);
#5615=ADVANCED_FACE('',(#449),#141,.T.);
#5616=ADVANCED_FACE('',(#450),#142,.T.);
#5617=ADVANCED_FACE('',(#451),#5345,.F.);
#5618=ADVANCED_FACE('',(#452),#5346,.F.);
#5619=ADVANCED_FACE('',(#453),#143,.F.);
#5620=ADVANCED_FACE('',(#454),#5347,.F.);
#5621=ADVANCED_FACE('',(#455),#144,.F.);
#5622=ADVANCED_FACE('',(#456),#5348,.T.);
#5623=ADVANCED_FACE('',(#457,#52,#53,#54,#55,#56,#57,#58),#5349,.T.);
#5624=ADVANCED_FACE('',(#458),#5350,.T.);
#5625=ADVANCED_FACE('',(#459),#5351,.T.);
#5626=ADVANCED_FACE('',(#460),#5352,.F.);
#5627=ADVANCED_FACE('',(#461),#5353,.T.);
#5628=ADVANCED_FACE('',(#462),#5354,.F.);
#5629=ADVANCED_FACE('',(#463),#145,.F.);
#5630=ADVANCED_FACE('',(#464),#5355,.F.);
#5631=ADVANCED_FACE('',(#465),#146,.F.);
#5632=ADVANCED_FACE('',(#466),#5356,.F.);
#5633=ADVANCED_FACE('',(#467),#5357,.F.);
#5634=ADVANCED_FACE('',(#468),#5358,.F.);
#5635=ADVANCED_FACE('',(#469),#5359,.F.);
#5636=ADVANCED_FACE('',(#470),#5360,.F.);
#5637=ADVANCED_FACE('',(#471,#59),#5361,.F.);
#5638=ADVANCED_FACE('',(#472),#147,.F.);
#5639=ADVANCED_FACE('',(#473),#5362,.F.);
#5640=ADVANCED_FACE('',(#474),#5363,.F.);
#5641=ADVANCED_FACE('',(#475),#5364,.F.);
#5642=ADVANCED_FACE('',(#476),#148,.F.);
#5643=ADVANCED_FACE('',(#477),#5365,.F.);
#5644=ADVANCED_FACE('',(#478),#149,.F.);
#5645=ADVANCED_FACE('',(#479),#5366,.F.);
#5646=ADVANCED_FACE('',(#480),#5367,.F.);
#5647=ADVANCED_FACE('',(#481),#5368,.F.);
#5648=ADVANCED_FACE('',(#482),#150,.F.);
#5649=ADVANCED_FACE('',(#483),#5369,.F.);
#5650=ADVANCED_FACE('',(#484),#151,.F.);
#5651=ADVANCED_FACE('',(#485),#5370,.F.);
#5652=ADVANCED_FACE('',(#486),#5371,.F.);
#5653=ADVANCED_FACE('',(#487),#5372,.T.);
#5654=ADVANCED_FACE('',(#488),#5373,.T.);
#5655=ADVANCED_FACE('',(#489),#5374,.F.);
#5656=ADVANCED_FACE('',(#490),#5375,.F.);
#5657=ADVANCED_FACE('',(#491),#5376,.F.);
#5658=ADVANCED_FACE('',(#492),#5377,.F.);
#5659=ADVANCED_FACE('',(#493),#5378,.F.);
#5660=ADVANCED_FACE('',(#494),#5379,.F.);
#5661=ADVANCED_FACE('',(#495),#5380,.F.);
#5662=ADVANCED_FACE('',(#496),#5381,.F.);
#5663=ADVANCED_FACE('',(#497),#5382,.F.);
#5664=ADVANCED_FACE('',(#498),#5383,.F.);
#5665=ADVANCED_FACE('',(#499),#5384,.F.);
#5666=ADVANCED_FACE('',(#500),#5385,.F.);
#5667=ADVANCED_FACE('',(#501),#5386,.F.);
#5668=ADVANCED_FACE('',(#502),#5387,.F.);
#5669=ADVANCED_FACE('',(#503),#5388,.F.);
#5670=ADVANCED_FACE('',(#504),#5389,.F.);
#5671=ADVANCED_FACE('',(#505),#5390,.F.);
#5672=ADVANCED_FACE('',(#506),#5391,.F.);
#5673=ADVANCED_FACE('',(#507),#5392,.F.);
#5674=ADVANCED_FACE('',(#508),#5393,.F.);
#5675=ADVANCED_FACE('',(#509),#5394,.F.);
#5676=ADVANCED_FACE('',(#510),#5395,.F.);
#5677=ADVANCED_FACE('',(#511),#5396,.F.);
#5678=ADVANCED_FACE('',(#512),#5397,.F.);
#5679=ADVANCED_FACE('',(#513),#5398,.F.);
#5680=ADVANCED_FACE('',(#514),#5399,.F.);
#5681=ADVANCED_FACE('',(#515),#5400,.F.);
#5682=ADVANCED_FACE('',(#516),#5401,.F.);
#5683=ADVANCED_FACE('',(#517),#5402,.F.);
#5684=ADVANCED_FACE('',(#518),#5403,.F.);
#5685=ADVANCED_FACE('',(#519),#152,.T.);
#5686=ADVANCED_FACE('',(#520),#88,.T.);
#5687=ADVANCED_FACE('',(#521),#153,.T.);
#5688=ADVANCED_FACE('',(#522),#89,.T.);
#5689=ADVANCED_FACE('',(#523),#154,.T.);
#5690=ADVANCED_FACE('',(#524),#155,.T.);
#5691=ADVANCED_FACE('',(#525),#90,.T.);
#5692=ADVANCED_FACE('',(#526),#156,.T.);
#5693=ADVANCED_FACE('',(#527),#91,.T.);
#5694=ADVANCED_FACE('',(#528),#112,.F.);
#5695=ADVANCED_FACE('',(#529),#157,.T.);
#5696=ADVANCED_FACE('',(#530),#5404,.F.);
#5697=ADVANCED_FACE('',(#531),#158,.T.);
#5698=ADVANCED_FACE('',(#532),#159,.T.);
#5699=ADVANCED_FACE('',(#533),#113,.F.);
#5700=ADVANCED_FACE('',(#534),#92,.T.);
#5701=ADVANCED_FACE('',(#535),#160,.T.);
#5702=ADVANCED_FACE('',(#536),#93,.T.);
#5703=ADVANCED_FACE('',(#537),#161,.T.);
#5704=ADVANCED_FACE('',(#538),#5405,.F.);
#5705=ADVANCED_FACE('',(#539),#162,.F.);
#5706=ADVANCED_FACE('',(#540),#5406,.F.);
#5707=ADVANCED_FACE('',(#541),#163,.F.);
#5708=ADVANCED_FACE('',(#542),#5407,.F.);
#5709=ADVANCED_FACE('',(#543),#164,.T.);
#5710=ADVANCED_FACE('',(#544),#94,.T.);
#5711=ADVANCED_FACE('',(#545),#165,.T.);
#5712=ADVANCED_FACE('',(#546),#95,.T.);
#5713=ADVANCED_FACE('',(#547),#166,.T.);
#5714=ADVANCED_FACE('',(#548),#5408,.F.);
#5715=ADVANCED_FACE('',(#549),#5409,.F.);
#5716=ADVANCED_FACE('',(#550),#167,.T.);
#5717=ADVANCED_FACE('',(#551),#96,.T.);
#5718=ADVANCED_FACE('',(#552),#168,.T.);
#5719=ADVANCED_FACE('',(#553),#97,.T.);
#5720=ADVANCED_FACE('',(#554),#169,.T.);
#5721=ADVANCED_FACE('',(#555),#5410,.F.);
#5722=ADVANCED_FACE('',(#556),#170,.F.);
#5723=ADVANCED_FACE('',(#557),#5411,.F.);
#5724=ADVANCED_FACE('',(#558),#98,.T.);
#5725=ADVANCED_FACE('',(#559),#171,.T.);
#5726=ADVANCED_FACE('',(#560),#99,.T.);
#5727=ADVANCED_FACE('',(#561),#172,.T.);
#5728=ADVANCED_FACE('',(#562),#100,.T.);
#5729=ADVANCED_FACE('',(#563),#173,.T.);
#5730=ADVANCED_FACE('',(#564),#101,.T.);
#5731=ADVANCED_FACE('',(#565),#174,.T.);
#5732=ADVANCED_FACE('',(#566),#5412,.F.);
#5733=ADVANCED_FACE('',(#567),#175,.T.);
#5734=ADVANCED_FACE('',(#568,#60,#61,#62,#63,#64,#65,#66),#5413,.T.);
#5735=ADVANCED_FACE('',(#569),#176,.F.);
#5736=ADVANCED_FACE('',(#570),#5414,.F.);
#5737=ADVANCED_FACE('',(#571),#5415,.F.);
#5738=ADVANCED_FACE('',(#572),#177,.F.);
#5739=ADVANCED_FACE('',(#573),#5416,.F.);
#5740=ADVANCED_FACE('',(#574),#5417,.T.);
#5741=ADVANCED_FACE('',(#575),#178,.T.);
#5742=ADVANCED_FACE('',(#576),#5418,.T.);
#5743=ADVANCED_FACE('',(#577,#67,#68,#69,#70,#71,#72,#73),#5419,.T.);
#5744=ADVANCED_FACE('',(#578),#5420,.F.);
#5745=ADVANCED_FACE('',(#579),#179,.T.);
#5746=ADVANCED_FACE('',(#580),#5421,.T.);
#5747=ADVANCED_FACE('',(#581),#5422,.T.);
#5748=ADVANCED_FACE('',(#582),#5423,.T.);
#5749=ADVANCED_FACE('',(#583),#5424,.T.);
#5750=ADVANCED_FACE('',(#584),#5425,.T.);
#5751=ADVANCED_FACE('',(#585),#5426,.T.);
#5752=ADVANCED_FACE('',(#586),#5427,.T.);
#5753=ADVANCED_FACE('',(#587),#5428,.T.);
#5754=ADVANCED_FACE('',(#588),#5429,.T.);
#5755=ADVANCED_FACE('',(#589),#5430,.T.);
#5756=ADVANCED_FACE('',(#590),#5431,.T.);
#5757=ADVANCED_FACE('',(#591),#5432,.T.);
#5758=ADVANCED_FACE('',(#592),#5433,.T.);
#5759=ADVANCED_FACE('',(#593),#5434,.T.);
#5760=ADVANCED_FACE('',(#594),#5435,.T.);
#5761=ADVANCED_FACE('',(#595),#5436,.T.);
#5762=ADVANCED_FACE('',(#596),#5437,.T.);
#5763=ADVANCED_FACE('',(#597),#5438,.T.);
#5764=ADVANCED_FACE('',(#598),#5439,.T.);
#5765=ADVANCED_FACE('',(#599),#5440,.T.);
#5766=ADVANCED_FACE('',(#600),#5441,.T.);
#5767=ADVANCED_FACE('',(#601),#5442,.T.);
#5768=ADVANCED_FACE('',(#602),#5443,.T.);
#5769=ADVANCED_FACE('',(#603),#5444,.T.);
#5770=ADVANCED_FACE('',(#604),#5445,.T.);
#5771=ADVANCED_FACE('',(#605),#5446,.T.);
#5772=ADVANCED_FACE('',(#606),#5447,.T.);
#5773=ADVANCED_FACE('',(#607),#5448,.T.);
#5774=ADVANCED_FACE('',(#608),#5449,.T.);
#5775=ADVANCED_FACE('',(#609),#5450,.T.);
#5776=ADVANCED_FACE('',(#610),#5451,.T.);
#5777=ADVANCED_FACE('',(#611),#5452,.T.);
#5778=ADVANCED_FACE('',(#612),#5453,.T.);
#5779=ADVANCED_FACE('',(#613),#5454,.T.);
#5780=ADVANCED_FACE('',(#614),#5455,.T.);
#5781=ADVANCED_FACE('',(#615),#5456,.T.);
#5782=ADVANCED_FACE('',(#616),#5457,.T.);
#5783=ADVANCED_FACE('',(#617),#5458,.T.);
#5784=ADVANCED_FACE('',(#618),#5459,.T.);
#5785=ADVANCED_FACE('',(#619),#5460,.T.);
#5786=ADVANCED_FACE('',(#620),#5461,.T.);
#5787=ADVANCED_FACE('',(#621),#5462,.T.);
#5788=ADVANCED_FACE('',(#622),#5463,.T.);
#5789=ADVANCED_FACE('',(#623),#5464,.T.);
#5790=ADVANCED_FACE('',(#624),#5465,.T.);
#5791=ADVANCED_FACE('',(#625),#5466,.T.);
#5792=ADVANCED_FACE('',(#626),#5467,.T.);
#5793=ADVANCED_FACE('',(#627),#5468,.T.);
#5794=ADVANCED_FACE('',(#628),#5469,.T.);
#5795=ADVANCED_FACE('',(#629),#5470,.T.);
#5796=ADVANCED_FACE('',(#630),#5471,.T.);
#5797=ADVANCED_FACE('',(#631),#5472,.T.);
#5798=ADVANCED_FACE('',(#632),#5473,.T.);
#5799=ADVANCED_FACE('',(#633),#5474,.T.);
#5800=ADVANCED_FACE('',(#634),#5475,.T.);
#5801=ADVANCED_FACE('',(#635),#5476,.T.);
#5802=ADVANCED_FACE('',(#636),#5477,.T.);
#5803=ADVANCED_FACE('',(#637),#5478,.T.);
#5804=ADVANCED_FACE('',(#638),#5479,.T.);
#5805=ADVANCED_FACE('',(#639),#5480,.T.);
#5806=ADVANCED_FACE('',(#640),#5481,.T.);
#5807=ADVANCED_FACE('',(#641),#5482,.T.);
#5808=ADVANCED_FACE('',(#642),#5483,.T.);
#5809=ADVANCED_FACE('',(#643),#5484,.T.);
#5810=ADVANCED_FACE('',(#644),#5485,.T.);
#5811=ADVANCED_FACE('',(#645),#5486,.T.);
#5812=ADVANCED_FACE('',(#646),#5487,.T.);
#5813=ADVANCED_FACE('',(#647),#5488,.T.);
#5814=ADVANCED_FACE('',(#648),#5489,.T.);
#5815=ADVANCED_FACE('',(#649),#5490,.T.);
#5816=ADVANCED_FACE('',(#650),#5491,.T.);
#5817=ADVANCED_FACE('',(#651),#5492,.T.);
#5818=ADVANCED_FACE('',(#652),#5493,.T.);
#5819=ADVANCED_FACE('',(#653),#5494,.T.);
#5820=ADVANCED_FACE('',(#654),#5495,.T.);
#5821=ADVANCED_FACE('',(#655),#5496,.T.);
#5822=ADVANCED_FACE('',(#656),#5497,.T.);
#5823=ADVANCED_FACE('',(#657),#5498,.T.);
#5824=ADVANCED_FACE('',(#658),#5499,.T.);
#5825=ADVANCED_FACE('',(#659),#5500,.T.);
#5826=ADVANCED_FACE('',(#660),#5501,.T.);
#5827=ADVANCED_FACE('',(#661),#5502,.T.);
#5828=ADVANCED_FACE('',(#662),#5503,.T.);
#5829=ADVANCED_FACE('',(#663),#5504,.T.);
#5830=ADVANCED_FACE('',(#664),#5505,.T.);
#5831=ADVANCED_FACE('',(#665),#5506,.T.);
#5832=ADVANCED_FACE('',(#666),#5507,.T.);
#5833=ADVANCED_FACE('',(#667),#5508,.T.);
#5834=ADVANCED_FACE('',(#668),#5509,.T.);
#5835=CLOSED_SHELL('',(#5510,#5511,#5512,#5513,#5514,#5515,#5516,#5517,
#5518,#5519,#5520,#5521,#5522,#5523,#5524,#5525,#5526,#5527,#5528,#5529,
#5530,#5531,#5532,#5533,#5534,#5535,#5536,#5537,#5538,#5539,#5540,#5541,
#5542,#5543,#5544,#5545,#5546,#5547,#5548,#5549,#5550,#5551,#5552,#5553,
#5554,#5555,#5556,#5557,#5558,#5559,#5560,#5561,#5562,#5563,#5564,#5565,
#5566,#5567,#5568,#5569,#5570,#5571,#5572,#5573,#5574,#5575,#5576,#5577,
#5578,#5579,#5580,#5581,#5582,#5583,#5584,#5585,#5586,#5587,#5588,#5589,
#5590,#5591,#5592,#5593,#5594,#5595,#5596,#5597,#5598,#5599,#5600,#5601,
#5602,#5603,#5604,#5605,#5606,#5607,#5608,#5609,#5610,#5611,#5612,#5613,
#5614,#5615,#5616,#5617,#5618,#5619,#5620,#5621,#5622,#5623,#5624,#5625,
#5626,#5627,#5628,#5629,#5630,#5631,#5632));
#5836=CLOSED_SHELL('',(#5633,#5634,#5635,#5636,#5637,#5638,#5639,#5640,
#5641,#5642,#5643,#5644,#5645,#5646,#5647,#5648,#5649,#5650,#5651,#5652,
#5653,#5654,#5655,#5656,#5657,#5658,#5659,#5660,#5661,#5662,#5663,#5664,
#5665,#5666,#5667,#5668,#5669,#5670,#5671,#5672,#5673,#5674,#5675,#5676,
#5677,#5678,#5679,#5680,#5681,#5682,#5683,#5684,#5685,#5686,#5687,#5688,
#5689,#5690,#5691,#5692,#5693,#5694,#5695,#5696,#5697,#5698,#5699,#5700,
#5701,#5702,#5703,#5704,#5705,#5706,#5707,#5708,#5709,#5710,#5711,#5712,
#5713,#5714,#5715,#5716,#5717,#5718,#5719,#5720,#5721,#5722,#5723,#5724,
#5725,#5726,#5727,#5728,#5729,#5730,#5731,#5732,#5733,#5734,#5735,#5736,
#5737,#5738,#5739,#5740,#5741,#5742,#5743,#5744,#5745,#5746));
#5837=CLOSED_SHELL('',(#5747,#5748,#5749,#5750,#5751,#5752));
#5838=CLOSED_SHELL('',(#5753,#5754,#5755,#5756,#5757,#5758));
#5839=CLOSED_SHELL('',(#5759,#5760,#5761,#5762,#5763,#5764,#5765,#5766));
#5840=CLOSED_SHELL('',(#5767,#5768,#5769,#5770,#5771,#5772));
#5841=CLOSED_SHELL('',(#5773,#5774,#5775,#5776,#5777,#5778));
#5842=CLOSED_SHELL('',(#5779,#5780,#5781,#5782,#5783,#5784));
#5843=CLOSED_SHELL('',(#5785,#5786,#5787,#5788,#5789,#5790));
#5844=CLOSED_SHELL('',(#5791,#5792,#5793,#5794,#5795,#5796));
#5845=CLOSED_SHELL('',(#5797,#5798,#5799,#5800,#5801,#5802));
#5846=CLOSED_SHELL('',(#5803,#5804,#5805,#5806,#5807,#5808));
#5847=CLOSED_SHELL('',(#5809,#5810,#5811,#5812,#5813,#5814));
#5848=CLOSED_SHELL('',(#5815,#5816,#5817,#5818,#5819,#5820,#5821,#5822));
#5849=CLOSED_SHELL('',(#5823,#5824,#5825,#5826,#5827,#5828));
#5850=CLOSED_SHELL('',(#5829,#5830,#5831,#5832,#5833,#5834));
#5851=DERIVED_UNIT_ELEMENT(#5853,1.);
#5852=DERIVED_UNIT_ELEMENT(#9784,-3.);
#5853=(
MASS_UNIT()
NAMED_UNIT(*)
SI_UNIT(.KILO.,.GRAM.)
);
#5854=DERIVED_UNIT((#5851,#5852));
#5855=MEASURE_REPRESENTATION_ITEM('density measure',
POSITIVE_RATIO_MEASURE(7850.),#5854);
#5856=PROPERTY_DEFINITION_REPRESENTATION(#5861,#5858);
#5857=PROPERTY_DEFINITION_REPRESENTATION(#5862,#5859);
#5858=REPRESENTATION('material name',(#5860),#9781);
#5859=REPRESENTATION('density',(#5855),#9781);
#5860=DESCRIPTIVE_REPRESENTATION_ITEM('Steel','Steel');
#5861=PROPERTY_DEFINITION('material property','material name',#9791);
#5862=PROPERTY_DEFINITION('material property','density of part',#9791);
#5863=AXIS2_PLACEMENT_3D('',#7965,#6349,#6350);
#5864=AXIS2_PLACEMENT_3D('',#7966,#6351,#6352);
#5865=AXIS2_PLACEMENT_3D('',#7975,#6357,#6358);
#5866=AXIS2_PLACEMENT_3D('',#7981,#6362,#6363);
#5867=AXIS2_PLACEMENT_3D('',#7985,#6365,#6366);
#5868=AXIS2_PLACEMENT_3D('',#7989,#6368,#6369);
#5869=AXIS2_PLACEMENT_3D('',#7991,#6371,#6372);
#5870=AXIS2_PLACEMENT_3D('',#8000,#6377,#6378);
#5871=AXIS2_PLACEMENT_3D('',#8006,#6382,#6383);
#5872=AXIS2_PLACEMENT_3D('',#8014,#6388,#6389);
#5873=AXIS2_PLACEMENT_3D('',#8018,#6391,#6392);
#5874=AXIS2_PLACEMENT_3D('',#8022,#6394,#6395);
#5875=AXIS2_PLACEMENT_3D('',#8026,#6397,#6398);
#5876=AXIS2_PLACEMENT_3D('',#8028,#6400,#6401);
#5877=AXIS2_PLACEMENT_3D('',#8037,#6406,#6407);
#5878=AXIS2_PLACEMENT_3D('',#8043,#6411,#6412);
#5879=AXIS2_PLACEMENT_3D('',#8049,#6416,#6417);
#5880=AXIS2_PLACEMENT_3D('',#8059,#6423,#6424);
#5881=AXIS2_PLACEMENT_3D('',#8068,#6429,#6430);
#5882=AXIS2_PLACEMENT_3D('',#8074,#6434,#6435);
#5883=AXIS2_PLACEMENT_3D('',#8082,#6440,#6441);
#5884=AXIS2_PLACEMENT_3D('',#8086,#6443,#6444);
#5885=AXIS2_PLACEMENT_3D('',#8090,#6446,#6447);
#5886=AXIS2_PLACEMENT_3D('',#8094,#6449,#6450);
#5887=AXIS2_PLACEMENT_3D('',#8096,#6452,#6453);
#5888=AXIS2_PLACEMENT_3D('',#8105,#6458,#6459);
#5889=AXIS2_PLACEMENT_3D('',#8111,#6463,#6464);
#5890=AXIS2_PLACEMENT_3D('',#8115,#6466,#6467);
#5891=AXIS2_PLACEMENT_3D('',#8119,#6469,#6470);
#5892=AXIS2_PLACEMENT_3D('',#8121,#6472,#6473);
#5893=AXIS2_PLACEMENT_3D('',#8130,#6478,#6479);
#5894=AXIS2_PLACEMENT_3D('',#8136,#6483,#6484);
#5895=AXIS2_PLACEMENT_3D('',#8142,#6488,#6489);
#5896=AXIS2_PLACEMENT_3D('',#8145,#6492,#6493);
#5897=AXIS2_PLACEMENT_3D('',#8154,#6498,#6499);
#5898=AXIS2_PLACEMENT_3D('',#8160,#6503,#6504);
#5899=AXIS2_PLACEMENT_3D('',#8166,#6508,#6509);
#5900=AXIS2_PLACEMENT_3D('',#8169,#6512,#6513);
#5901=AXIS2_PLACEMENT_3D('',#8178,#6518,#6519);
#5902=AXIS2_PLACEMENT_3D('',#8184,#6523,#6524);
#5903=AXIS2_PLACEMENT_3D('',#8190,#6528,#6529);
#5904=AXIS2_PLACEMENT_3D('',#8196,#6533,#6534);
#5905=AXIS2_PLACEMENT_3D('',#8202,#6538,#6539);
#5906=AXIS2_PLACEMENT_3D('',#8205,#6542,#6543);
#5907=AXIS2_PLACEMENT_3D('',#8214,#6548,#6549);
#5908=AXIS2_PLACEMENT_3D('',#8220,#6553,#6554);
#5909=AXIS2_PLACEMENT_3D('',#8226,#6558,#6559);
#5910=AXIS2_PLACEMENT_3D('',#8229,#6562,#6563);
#5911=AXIS2_PLACEMENT_3D('',#8238,#6568,#6569);
#5912=AXIS2_PLACEMENT_3D('',#8244,#6573,#6574);
#5913=AXIS2_PLACEMENT_3D('',#8250,#6578,#6579);
#5914=AXIS2_PLACEMENT_3D('',#8253,#6582,#6583);
#5915=AXIS2_PLACEMENT_3D('',#8262,#6588,#6589);
#5916=AXIS2_PLACEMENT_3D('',#8268,#6593,#6594);
#5917=AXIS2_PLACEMENT_3D('',#8274,#6598,#6599);
#5918=AXIS2_PLACEMENT_3D('',#8277,#6602,#6603);
#5919=AXIS2_PLACEMENT_3D('',#8286,#6608,#6609);
#5920=AXIS2_PLACEMENT_3D('',#8292,#6613,#6614);
#5921=AXIS2_PLACEMENT_3D('',#8298,#6618,#6619);
#5922=AXIS2_PLACEMENT_3D('',#8301,#6622,#6623);
#5923=AXIS2_PLACEMENT_3D('',#8304,#6624,#6625);
#5924=AXIS2_PLACEMENT_3D('',#8308,#6627,#6628);
#5925=AXIS2_PLACEMENT_3D('',#8342,#6630,#6631);
#5926=AXIS2_PLACEMENT_3D('',#8353,#6632,#6633);
#5927=AXIS2_PLACEMENT_3D('',#8356,#6634,#6635);
#5928=AXIS2_PLACEMENT_3D('',#8357,#6636,#6637);
#5929=AXIS2_PLACEMENT_3D('',#8358,#6638,#6639);
#5930=AXIS2_PLACEMENT_3D('',#8359,#6640,#6641);
#5931=AXIS2_PLACEMENT_3D('',#8362,#6642,#6643);
#5932=AXIS2_PLACEMENT_3D('',#8365,#6646,#6647);
#5933=AXIS2_PLACEMENT_3D('',#8368,#6648,#6649);
#5934=AXIS2_PLACEMENT_3D('',#8369,#6650,#6651);
#5935=AXIS2_PLACEMENT_3D('',#8370,#6652,#6653);
#5936=AXIS2_PLACEMENT_3D('',#8371,#6654,#6655);
#5937=AXIS2_PLACEMENT_3D('',#8374,#6658,#6659);
#5938=AXIS2_PLACEMENT_3D('',#8378,#6661,#6662);
#5939=AXIS2_PLACEMENT_3D('',#8380,#6664,#6665);
#5940=AXIS2_PLACEMENT_3D('',#8384,#6668,#6669);
#5941=AXIS2_PLACEMENT_3D('',#8387,#6671,#6672);
#5942=AXIS2_PLACEMENT_3D('',#8388,#6673,#6674);
#5943=AXIS2_PLACEMENT_3D('',#8391,#6677,#6678);
#5944=AXIS2_PLACEMENT_3D('',#8393,#6679,#6680);
#5945=AXIS2_PLACEMENT_3D('',#8397,#6682,#6683);
#5946=AXIS2_PLACEMENT_3D('',#8399,#6684,#6685);
#5947=AXIS2_PLACEMENT_3D('',#8401,#6687,#6688);
#5948=AXIS2_PLACEMENT_3D('',#8405,#6690,#6691);
#5949=AXIS2_PLACEMENT_3D('',#8407,#6693,#6694);
#5950=AXIS2_PLACEMENT_3D('',#8410,#6695,#6696);
#5951=AXIS2_PLACEMENT_3D('',#8411,#6697,#6698);
#5952=AXIS2_PLACEMENT_3D('',#8412,#6699,#6700);
#5953=AXIS2_PLACEMENT_3D('',#8413,#6701,#6702);
#5954=AXIS2_PLACEMENT_3D('',#8416,#6703,#6704);
#5955=AXIS2_PLACEMENT_3D('',#8419,#6707,#6708);
#5956=AXIS2_PLACEMENT_3D('',#8422,#6709,#6710);
#5957=AXIS2_PLACEMENT_3D('',#8423,#6711,#6712);
#5958=AXIS2_PLACEMENT_3D('',#8424,#6713,#6714);
#5959=AXIS2_PLACEMENT_3D('',#8425,#6715,#6716);
#5960=AXIS2_PLACEMENT_3D('',#8428,#6719,#6720);
#5961=AXIS2_PLACEMENT_3D('',#8434,#6724,#6725);
#5962=AXIS2_PLACEMENT_3D('',#8438,#6727,#6728);
#5963=AXIS2_PLACEMENT_3D('',#8440,#6730,#6731);
#5964=AXIS2_PLACEMENT_3D('',#8443,#6732,#6733);
#5965=AXIS2_PLACEMENT_3D('',#8444,#6734,#6735);
#5966=AXIS2_PLACEMENT_3D('',#8445,#6736,#6737);
#5967=AXIS2_PLACEMENT_3D('',#8446,#6738,#6739);
#5968=AXIS2_PLACEMENT_3D('',#8449,#6740,#6741);
#5969=AXIS2_PLACEMENT_3D('',#8452,#6744,#6745);
#5970=AXIS2_PLACEMENT_3D('',#8455,#6746,#6747);
#5971=AXIS2_PLACEMENT_3D('',#8456,#6748,#6749);
#5972=AXIS2_PLACEMENT_3D('',#8457,#6750,#6751);
#5973=AXIS2_PLACEMENT_3D('',#8490,#6752,#6753);
#5974=AXIS2_PLACEMENT_3D('',#8501,#6754,#6755);
#5975=AXIS2_PLACEMENT_3D('',#8504,#6758,#6759);
#5976=AXIS2_PLACEMENT_3D('',#8508,#6761,#6762);
#5977=AXIS2_PLACEMENT_3D('',#8510,#6764,#6765);
#5978=AXIS2_PLACEMENT_3D('',#8514,#6768,#6769);
#5979=AXIS2_PLACEMENT_3D('',#8517,#6771,#6772);
#5980=AXIS2_PLACEMENT_3D('',#8518,#6773,#6774);
#5981=AXIS2_PLACEMENT_3D('',#8520,#6776,#6777);
#5982=AXIS2_PLACEMENT_3D('',#8524,#6779,#6780);
#5983=AXIS2_PLACEMENT_3D('',#8526,#6782,#6783);
#5984=AXIS2_PLACEMENT_3D('',#8529,#6784,#6785);
#5985=AXIS2_PLACEMENT_3D('',#8530,#6786,#6787);
#5986=AXIS2_PLACEMENT_3D('',#8531,#6788,#6789);
#5987=AXIS2_PLACEMENT_3D('',#8532,#6790,#6791);
#5988=AXIS2_PLACEMENT_3D('',#8535,#6792,#6793);
#5989=AXIS2_PLACEMENT_3D('',#8538,#6796,#6797);
#5990=AXIS2_PLACEMENT_3D('',#8541,#6798,#6799);
#5991=AXIS2_PLACEMENT_3D('',#8542,#6800,#6801);
#5992=AXIS2_PLACEMENT_3D('',#8543,#6802,#6803);
#5993=AXIS2_PLACEMENT_3D('',#8544,#6804,#6805);
#5994=AXIS2_PLACEMENT_3D('',#8547,#6808,#6809);
#5995=AXIS2_PLACEMENT_3D('',#8551,#6812,#6813);
#5996=AXIS2_PLACEMENT_3D('',#8554,#6815,#6816);
#5997=AXIS2_PLACEMENT_3D('',#8555,#6817,#6818);
#5998=AXIS2_PLACEMENT_3D('',#8559,#6821,#6822);
#5999=AXIS2_PLACEMENT_3D('',#8562,#6824,#6825);
#6000=AXIS2_PLACEMENT_3D('',#8563,#6826,#6827);
#6001=AXIS2_PLACEMENT_3D('',#8565,#6829,#6830);
#6002=AXIS2_PLACEMENT_3D('',#8569,#6832,#6833);
#6003=AXIS2_PLACEMENT_3D('',#8571,#6835,#6836);
#6004=AXIS2_PLACEMENT_3D('',#8574,#6837,#6838);
#6005=AXIS2_PLACEMENT_3D('',#8575,#6839,#6840);
#6006=AXIS2_PLACEMENT_3D('',#8576,#6841,#6842);
#6007=AXIS2_PLACEMENT_3D('',#8577,#6843,#6844);
#6008=AXIS2_PLACEMENT_3D('',#8580,#6845,#6846);
#6009=AXIS2_PLACEMENT_3D('',#8583,#6849,#6850);
#6010=AXIS2_PLACEMENT_3D('',#8586,#6851,#6852);
#6011=AXIS2_PLACEMENT_3D('',#8587,#6853,#6854);
#6012=AXIS2_PLACEMENT_3D('',#8588,#6855,#6856);
#6013=AXIS2_PLACEMENT_3D('',#8589,#6857,#6858);
#6014=AXIS2_PLACEMENT_3D('',#8592,#6861,#6862);
#6015=AXIS2_PLACEMENT_3D('',#8598,#6866,#6867);
#6016=AXIS2_PLACEMENT_3D('',#8601,#6868,#6869);
#6017=AXIS2_PLACEMENT_3D('',#8603,#6870,#6871);
#6018=AXIS2_PLACEMENT_3D('',#8604,#6872,#6873);
#6019=AXIS2_PLACEMENT_3D('',#8605,#6874,#6875);
#6020=AXIS2_PLACEMENT_3D('',#8606,#6876,#6877);
#6021=AXIS2_PLACEMENT_3D('',#8608,#6878,#6879);
#6022=AXIS2_PLACEMENT_3D('',#8610,#6881,#6882);
#6023=AXIS2_PLACEMENT_3D('',#8612,#6883,#6884);
#6024=AXIS2_PLACEMENT_3D('',#8613,#6885,#6886);
#6025=AXIS2_PLACEMENT_3D('',#8614,#6887,#6888);
#6026=AXIS2_PLACEMENT_3D('',#8615,#6889,#6890);
#6027=AXIS2_PLACEMENT_3D('',#8617,#6891,#6892);
#6028=AXIS2_PLACEMENT_3D('',#8619,#6894,#6895);
#6029=AXIS2_PLACEMENT_3D('',#8622,#6896,#6897);
#6030=AXIS2_PLACEMENT_3D('',#8623,#6898,#6899);
#6031=AXIS2_PLACEMENT_3D('',#8624,#6900,#6901);
#6032=AXIS2_PLACEMENT_3D('',#8625,#6902,#6903);
#6033=AXIS2_PLACEMENT_3D('',#8628,#6904,#6905);
#6034=AXIS2_PLACEMENT_3D('',#8631,#6908,#6909);
#6035=AXIS2_PLACEMENT_3D('',#8634,#6910,#6911);
#6036=AXIS2_PLACEMENT_3D('',#8635,#6912,#6913);
#6037=AXIS2_PLACEMENT_3D('',#8636,#6914,#6915);
#6038=AXIS2_PLACEMENT_3D('',#8637,#6916,#6917);
#6039=AXIS2_PLACEMENT_3D('',#8640,#6920,#6921);
#6040=AXIS2_PLACEMENT_3D('',#8643,#6924,#6925);
#6041=AXIS2_PLACEMENT_3D('',#8645,#6927,#6928);
#6042=AXIS2_PLACEMENT_3D('',#8647,#6930,#6931);
#6043=AXIS2_PLACEMENT_3D('',#8648,#6932,#6933);
#6044=AXIS2_PLACEMENT_3D('',#8649,#6934,#6935);
#6045=AXIS2_PLACEMENT_3D('',#8651,#6937,#6938);
#6046=AXIS2_PLACEMENT_3D('',#8652,#6939,#6940);
#6047=AXIS2_PLACEMENT_3D('',#8653,#6941,#6942);
#6048=AXIS2_PLACEMENT_3D('',#8657,#6945,#6946);
#6049=AXIS2_PLACEMENT_3D('',#8661,#6949,#6950);
#6050=AXIS2_PLACEMENT_3D('',#8663,#6951,#6952);
#6051=AXIS2_PLACEMENT_3D('',#8665,#6954,#6955);
#6052=AXIS2_PLACEMENT_3D('',#8669,#6958,#6959);
#6053=AXIS2_PLACEMENT_3D('',#8670,#6960,#6961);
#6054=AXIS2_PLACEMENT_3D('',#8671,#6962,#6963);
#6055=AXIS2_PLACEMENT_3D('',#8677,#6967,#6968);
#6056=AXIS2_PLACEMENT_3D('',#8683,#6972,#6973);
#6057=AXIS2_PLACEMENT_3D('',#8686,#6976,#6977);
#6058=AXIS2_PLACEMENT_3D('',#8688,#6979,#6980);
#6059=AXIS2_PLACEMENT_3D('',#8689,#6981,#6982);
#6060=AXIS2_PLACEMENT_3D('',#8693,#6984,#6985);
#6061=AXIS2_PLACEMENT_3D('',#8697,#6987,#6988);
#6062=AXIS2_PLACEMENT_3D('',#8699,#6990,#6991);
#6063=AXIS2_PLACEMENT_3D('',#8702,#6994,#6995);
#6064=AXIS2_PLACEMENT_3D('',#8704,#6997,#6998);
#6065=AXIS2_PLACEMENT_3D('',#8705,#6999,#7000);
#6066=AXIS2_PLACEMENT_3D('',#8707,#7002,#7003);
#6067=AXIS2_PLACEMENT_3D('',#8708,#7004,#7005);
#6068=AXIS2_PLACEMENT_3D('',#8725,#7013,#7014);
#6069=AXIS2_PLACEMENT_3D('',#8729,#7016,#7017);
#6070=AXIS2_PLACEMENT_3D('',#8737,#7021,#7022);
#6071=AXIS2_PLACEMENT_3D('',#8740,#7024,#7025);
#6072=AXIS2_PLACEMENT_3D('',#8741,#7026,#7027);
#6073=AXIS2_PLACEMENT_3D('',#8746,#7029,#7030);
#6074=AXIS2_PLACEMENT_3D('',#8750,#7032,#7033);
#6075=AXIS2_PLACEMENT_3D('',#8759,#7039,#7040);
#6076=AXIS2_PLACEMENT_3D('',#8764,#7042,#7043);
#6077=AXIS2_PLACEMENT_3D('',#8768,#7045,#7046);
#6078=AXIS2_PLACEMENT_3D('',#8776,#7050,#7051);
#6079=AXIS2_PLACEMENT_3D('',#8780,#7053,#7054);
#6080=AXIS2_PLACEMENT_3D('',#8789,#7060,#7061);
#6081=AXIS2_PLACEMENT_3D('',#8792,#7064,#7065);
#6082=AXIS2_PLACEMENT_3D('',#8801,#7070,#7071);
#6083=AXIS2_PLACEMENT_3D('',#8805,#7073,#7074);
#6084=AXIS2_PLACEMENT_3D('',#8807,#7076,#7077);
#6085=AXIS2_PLACEMENT_3D('',#8811,#7080,#7081);
#6086=AXIS2_PLACEMENT_3D('',#8815,#7083,#7084);
#6087=AXIS2_PLACEMENT_3D('',#8819,#7086,#7087);
#6088=AXIS2_PLACEMENT_3D('',#8822,#7089,#7090);
#6089=AXIS2_PLACEMENT_3D('',#8823,#7091,#7092);
#6090=AXIS2_PLACEMENT_3D('',#8827,#7095,#7096);
#6091=AXIS2_PLACEMENT_3D('',#8830,#7098,#7099);
#6092=AXIS2_PLACEMENT_3D('',#8831,#7100,#7101);
#6093=AXIS2_PLACEMENT_3D('',#8835,#7104,#7105);
#6094=AXIS2_PLACEMENT_3D('',#8838,#7107,#7108);
#6095=AXIS2_PLACEMENT_3D('',#8839,#7109,#7110);
#6096=AXIS2_PLACEMENT_3D('',#8843,#7113,#7114);
#6097=AXIS2_PLACEMENT_3D('',#8847,#7116,#7117);
#6098=AXIS2_PLACEMENT_3D('',#8850,#7119,#7120);
#6099=AXIS2_PLACEMENT_3D('',#8851,#7121,#7122);
#6100=AXIS2_PLACEMENT_3D('',#8855,#7125,#7126);
#6101=AXIS2_PLACEMENT_3D('',#8858,#7128,#7129);
#6102=AXIS2_PLACEMENT_3D('',#8859,#7130,#7131);
#6103=AXIS2_PLACEMENT_3D('',#8863,#7133,#7134);
#6104=AXIS2_PLACEMENT_3D('',#8865,#7136,#7137);
#6105=AXIS2_PLACEMENT_3D('',#8873,#7139,#7140);
#6106=AXIS2_PLACEMENT_3D('',#8877,#7143,#7144);
#6107=AXIS2_PLACEMENT_3D('',#8881,#7146,#7147);
#6108=AXIS2_PLACEMENT_3D('',#8883,#7148,#7149);
#6109=AXIS2_PLACEMENT_3D('',#8887,#7151,#7152);
#6110=AXIS2_PLACEMENT_3D('',#8888,#7153,#7154);
#6111=AXIS2_PLACEMENT_3D('',#8889,#7155,#7156);
#6112=AXIS2_PLACEMENT_3D('',#8895,#7160,#7161);
#6113=AXIS2_PLACEMENT_3D('',#8899,#7164,#7165);
#6114=AXIS2_PLACEMENT_3D('',#8908,#7170,#7171);
#6115=AXIS2_PLACEMENT_3D('',#8914,#7175,#7176);
#6116=AXIS2_PLACEMENT_3D('',#8920,#7180,#7181);
#6117=AXIS2_PLACEMENT_3D('',#8923,#7184,#7185);
#6118=AXIS2_PLACEMENT_3D('',#8932,#7190,#7191);
#6119=AXIS2_PLACEMENT_3D('',#8938,#7195,#7196);
#6120=AXIS2_PLACEMENT_3D('',#8944,#7200,#7201);
#6121=AXIS2_PLACEMENT_3D('',#8950,#7205,#7206);
#6122=AXIS2_PLACEMENT_3D('',#8956,#7210,#7211);
#6123=AXIS2_PLACEMENT_3D('',#8959,#7214,#7215);
#6124=AXIS2_PLACEMENT_3D('',#8968,#7220,#7221);
#6125=AXIS2_PLACEMENT_3D('',#8974,#7225,#7226);
#6126=AXIS2_PLACEMENT_3D('',#8980,#7230,#7231);
#6127=AXIS2_PLACEMENT_3D('',#8983,#7234,#7235);
#6128=AXIS2_PLACEMENT_3D('',#8992,#7240,#7241);
#6129=AXIS2_PLACEMENT_3D('',#8998,#7245,#7246);
#6130=AXIS2_PLACEMENT_3D('',#9004,#7250,#7251);
#6131=AXIS2_PLACEMENT_3D('',#9007,#7254,#7255);
#6132=AXIS2_PLACEMENT_3D('',#9016,#7260,#7261);
#6133=AXIS2_PLACEMENT_3D('',#9022,#7265,#7266);
#6134=AXIS2_PLACEMENT_3D('',#9028,#7270,#7271);
#6135=AXIS2_PLACEMENT_3D('',#9031,#7274,#7275);
#6136=AXIS2_PLACEMENT_3D('',#9040,#7280,#7281);
#6137=AXIS2_PLACEMENT_3D('',#9046,#7285,#7286);
#6138=AXIS2_PLACEMENT_3D('',#9052,#7290,#7291);
#6139=AXIS2_PLACEMENT_3D('',#9055,#7294,#7295);
#6140=AXIS2_PLACEMENT_3D('',#9064,#7300,#7301);
#6141=AXIS2_PLACEMENT_3D('',#9070,#7305,#7306);
#6142=AXIS2_PLACEMENT_3D('',#9076,#7310,#7311);
#6143=AXIS2_PLACEMENT_3D('',#9079,#7314,#7315);
#6144=AXIS2_PLACEMENT_3D('',#9081,#7316,#7317);
#6145=AXIS2_PLACEMENT_3D('',#9083,#7319,#7320);
#6146=AXIS2_PLACEMENT_3D('',#9085,#7321,#7322);
#6147=AXIS2_PLACEMENT_3D('',#9086,#7323,#7324);
#6148=AXIS2_PLACEMENT_3D('',#9087,#7325,#7326);
#6149=AXIS2_PLACEMENT_3D('',#9089,#7327,#7328);
#6150=AXIS2_PLACEMENT_3D('',#9091,#7330,#7331);
#6151=AXIS2_PLACEMENT_3D('',#9093,#7332,#7333);
#6152=AXIS2_PLACEMENT_3D('',#9094,#7334,#7335);
#6153=AXIS2_PLACEMENT_3D('',#9095,#7336,#7337);
#6154=AXIS2_PLACEMENT_3D('',#9097,#7339,#7340);
#6155=AXIS2_PLACEMENT_3D('',#9099,#7341,#7342);
#6156=AXIS2_PLACEMENT_3D('',#9101,#7344,#7345);
#6157=AXIS2_PLACEMENT_3D('',#9103,#7346,#7347);
#6158=AXIS2_PLACEMENT_3D('',#9104,#7348,#7349);
#6159=AXIS2_PLACEMENT_3D('',#9105,#7350,#7351);
#6160=AXIS2_PLACEMENT_3D('',#9107,#7352,#7353);
#6161=AXIS2_PLACEMENT_3D('',#9109,#7355,#7356);
#6162=AXIS2_PLACEMENT_3D('',#9111,#7357,#7358);
#6163=AXIS2_PLACEMENT_3D('',#9112,#7359,#7360);
#6164=AXIS2_PLACEMENT_3D('',#9144,#7361,#7362);
#6165=AXIS2_PLACEMENT_3D('',#9150,#7363,#7364);
#6166=AXIS2_PLACEMENT_3D('',#9152,#7366,#7367);
#6167=AXIS2_PLACEMENT_3D('',#9158,#7371,#7372);
#6168=AXIS2_PLACEMENT_3D('',#9161,#7374,#7375);
#6169=AXIS2_PLACEMENT_3D('',#9162,#7376,#7377);
#6170=AXIS2_PLACEMENT_3D('',#9166,#7379,#7380);
#6171=AXIS2_PLACEMENT_3D('',#9200,#7382,#7383);
#6172=AXIS2_PLACEMENT_3D('',#9211,#7384,#7385);
#6173=AXIS2_PLACEMENT_3D('',#9214,#7386,#7387);
#6174=AXIS2_PLACEMENT_3D('',#9215,#7388,#7389);
#6175=AXIS2_PLACEMENT_3D('',#9216,#7390,#7391);
#6176=AXIS2_PLACEMENT_3D('',#9217,#7392,#7393);
#6177=AXIS2_PLACEMENT_3D('',#9220,#7394,#7395);
#6178=AXIS2_PLACEMENT_3D('',#9223,#7398,#7399);
#6179=AXIS2_PLACEMENT_3D('',#9226,#7400,#7401);
#6180=AXIS2_PLACEMENT_3D('',#9227,#7402,#7403);
#6181=AXIS2_PLACEMENT_3D('',#9228,#7404,#7405);
#6182=AXIS2_PLACEMENT_3D('',#9229,#7406,#7407);
#6183=AXIS2_PLACEMENT_3D('',#9232,#7408,#7409);
#6184=AXIS2_PLACEMENT_3D('',#9235,#7412,#7413);
#6185=AXIS2_PLACEMENT_3D('',#9238,#7416,#7417);
#6186=AXIS2_PLACEMENT_3D('',#9240,#7419,#7420);
#6187=AXIS2_PLACEMENT_3D('',#9242,#7422,#7423);
#6188=AXIS2_PLACEMENT_3D('',#9244,#7425,#7426);
#6189=AXIS2_PLACEMENT_3D('',#9245,#7427,#7428);
#6190=AXIS2_PLACEMENT_3D('',#9248,#7429,#7430);
#6191=AXIS2_PLACEMENT_3D('',#9252,#7432,#7433);
#6192=AXIS2_PLACEMENT_3D('',#9254,#7435,#7436);
#6193=AXIS2_PLACEMENT_3D('',#9257,#7437,#7438);
#6194=AXIS2_PLACEMENT_3D('',#9258,#7439,#7440);
#6195=AXIS2_PLACEMENT_3D('',#9259,#7441,#7442);
#6196=AXIS2_PLACEMENT_3D('',#9260,#7443,#7444);
#6197=AXIS2_PLACEMENT_3D('',#9263,#7445,#7446);
#6198=AXIS2_PLACEMENT_3D('',#9266,#7449,#7450);
#6199=AXIS2_PLACEMENT_3D('',#9269,#7451,#7452);
#6200=AXIS2_PLACEMENT_3D('',#9270,#7453,#7454);
#6201=AXIS2_PLACEMENT_3D('',#9271,#7455,#7456);
#6202=AXIS2_PLACEMENT_3D('',#9272,#7457,#7458);
#6203=AXIS2_PLACEMENT_3D('',#9275,#7459,#7460);
#6204=AXIS2_PLACEMENT_3D('',#9278,#7463,#7464);
#6205=AXIS2_PLACEMENT_3D('',#9287,#7470,#7471);
#6206=AXIS2_PLACEMENT_3D('',#9291,#7473,#7474);
#6207=AXIS2_PLACEMENT_3D('',#9294,#7476,#7477);
#6208=AXIS2_PLACEMENT_3D('',#9296,#7479,#7480);
#6209=AXIS2_PLACEMENT_3D('',#9299,#7482,#7483);
#6210=AXIS2_PLACEMENT_3D('',#9300,#7484,#7485);
#6211=AXIS2_PLACEMENT_3D('',#9302,#7486,#7487);
#6212=AXIS2_PLACEMENT_3D('',#9303,#7488,#7489);
#6213=AXIS2_PLACEMENT_3D('',#9304,#7490,#7491);
#6214=AXIS2_PLACEMENT_3D('',#9307,#7492,#7493);
#6215=AXIS2_PLACEMENT_3D('',#9310,#7496,#7497);
#6216=AXIS2_PLACEMENT_3D('',#9313,#7498,#7499);
#6217=AXIS2_PLACEMENT_3D('',#9314,#7500,#7501);
#6218=AXIS2_PLACEMENT_3D('',#9315,#7502,#7503);
#6219=AXIS2_PLACEMENT_3D('',#9316,#7504,#7505);
#6220=AXIS2_PLACEMENT_3D('',#9319,#7508,#7509);
#6221=AXIS2_PLACEMENT_3D('',#9321,#7511,#7512);
#6222=AXIS2_PLACEMENT_3D('',#9323,#7514,#7515);
#6223=AXIS2_PLACEMENT_3D('',#9324,#7516,#7517);
#6224=AXIS2_PLACEMENT_3D('',#9326,#7518,#7519);
#6225=AXIS2_PLACEMENT_3D('',#9328,#7520,#7521);
#6226=AXIS2_PLACEMENT_3D('',#9330,#7522,#7523);
#6227=AXIS2_PLACEMENT_3D('',#9331,#7524,#7525);
#6228=AXIS2_PLACEMENT_3D('',#9332,#7526,#7527);
#6229=AXIS2_PLACEMENT_3D('',#9335,#7528,#7529);
#6230=AXIS2_PLACEMENT_3D('',#9338,#7532,#7533);
#6231=AXIS2_PLACEMENT_3D('',#9340,#7534,#7535);
#6232=AXIS2_PLACEMENT_3D('',#9341,#7536,#7537);
#6233=AXIS2_PLACEMENT_3D('',#9342,#7538,#7539);
#6234=AXIS2_PLACEMENT_3D('',#9343,#7540,#7541);
#6235=AXIS2_PLACEMENT_3D('',#9345,#7542,#7543);
#6236=AXIS2_PLACEMENT_3D('',#9347,#7545,#7546);
#6237=AXIS2_PLACEMENT_3D('',#9350,#7547,#7548);
#6238=AXIS2_PLACEMENT_3D('',#9351,#7549,#7550);
#6239=AXIS2_PLACEMENT_3D('',#9352,#7551,#7552);
#6240=AXIS2_PLACEMENT_3D('',#9353,#7553,#7554);
#6241=AXIS2_PLACEMENT_3D('',#9355,#7555,#7556);
#6242=AXIS2_PLACEMENT_3D('',#9358,#7559,#7560);
#6243=AXIS2_PLACEMENT_3D('',#9360,#7561,#7562);
#6244=AXIS2_PLACEMENT_3D('',#9361,#7563,#7564);
#6245=AXIS2_PLACEMENT_3D('',#9362,#7565,#7566);
#6246=AXIS2_PLACEMENT_3D('',#9364,#7568,#7569);
#6247=AXIS2_PLACEMENT_3D('',#9366,#7571,#7572);
#6248=AXIS2_PLACEMENT_3D('',#9368,#7574,#7575);
#6249=AXIS2_PLACEMENT_3D('',#9369,#7576,#7577);
#6250=AXIS2_PLACEMENT_3D('',#9372,#7580,#7581);
#6251=AXIS2_PLACEMENT_3D('',#9374,#7583,#7584);
#6252=AXIS2_PLACEMENT_3D('',#9377,#7587,#7588);
#6253=AXIS2_PLACEMENT_3D('',#9378,#7589,#7590);
#6254=AXIS2_PLACEMENT_3D('',#9379,#7591,#7592);
#6255=AXIS2_PLACEMENT_3D('',#9381,#7594,#7595);
#6256=AXIS2_PLACEMENT_3D('',#9382,#7596,#7597);
#6257=AXIS2_PLACEMENT_3D('',#9386,#7600,#7601);
#6258=AXIS2_PLACEMENT_3D('',#9388,#7603,#7604);
#6259=AXIS2_PLACEMENT_3D('',#9389,#7605,#7606);
#6260=AXIS2_PLACEMENT_3D('',#9390,#7607,#7608);
#6261=AXIS2_PLACEMENT_3D('',#9391,#7609,#7610);
#6262=AXIS2_PLACEMENT_3D('',#9400,#7615,#7616);
#6263=AXIS2_PLACEMENT_3D('',#9406,#7620,#7621);
#6264=AXIS2_PLACEMENT_3D('',#9412,#7625,#7626);
#6265=AXIS2_PLACEMENT_3D('',#9415,#7629,#7630);
#6266=AXIS2_PLACEMENT_3D('',#9416,#7631,#7632);
#6267=AXIS2_PLACEMENT_3D('',#9417,#7633,#7634);
#6268=AXIS2_PLACEMENT_3D('',#9426,#7639,#7640);
#6269=AXIS2_PLACEMENT_3D('',#9432,#7644,#7645);
#6270=AXIS2_PLACEMENT_3D('',#9438,#7649,#7650);
#6271=AXIS2_PLACEMENT_3D('',#9441,#7653,#7654);
#6272=AXIS2_PLACEMENT_3D('',#9442,#7655,#7656);
#6273=AXIS2_PLACEMENT_3D('',#9443,#7657,#7658);
#6274=AXIS2_PLACEMENT_3D('',#9452,#7663,#7664);
#6275=AXIS2_PLACEMENT_3D('',#9458,#7668,#7669);
#6276=AXIS2_PLACEMENT_3D('',#9464,#7673,#7674);
#6277=AXIS2_PLACEMENT_3D('',#9470,#7678,#7679);
#6278=AXIS2_PLACEMENT_3D('',#9476,#7683,#7684);
#6279=AXIS2_PLACEMENT_3D('',#9479,#7687,#7688);
#6280=AXIS2_PLACEMENT_3D('',#9480,#7689,#7690);
#6281=AXIS2_PLACEMENT_3D('',#9481,#7691,#7692);
#6282=AXIS2_PLACEMENT_3D('',#9490,#7697,#7698);
#6283=AXIS2_PLACEMENT_3D('',#9496,#7702,#7703);
#6284=AXIS2_PLACEMENT_3D('',#9502,#7707,#7708);
#6285=AXIS2_PLACEMENT_3D('',#9505,#7711,#7712);
#6286=AXIS2_PLACEMENT_3D('',#9506,#7713,#7714);
#6287=AXIS2_PLACEMENT_3D('',#9507,#7715,#7716);
#6288=AXIS2_PLACEMENT_3D('',#9516,#7721,#7722);
#6289=AXIS2_PLACEMENT_3D('',#9522,#7726,#7727);
#6290=AXIS2_PLACEMENT_3D('',#9528,#7731,#7732);
#6291=AXIS2_PLACEMENT_3D('',#9531,#7735,#7736);
#6292=AXIS2_PLACEMENT_3D('',#9532,#7737,#7738);
#6293=AXIS2_PLACEMENT_3D('',#9533,#7739,#7740);
#6294=AXIS2_PLACEMENT_3D('',#9542,#7745,#7746);
#6295=AXIS2_PLACEMENT_3D('',#9548,#7750,#7751);
#6296=AXIS2_PLACEMENT_3D('',#9554,#7755,#7756);
#6297=AXIS2_PLACEMENT_3D('',#9557,#7759,#7760);
#6298=AXIS2_PLACEMENT_3D('',#9558,#7761,#7762);
#6299=AXIS2_PLACEMENT_3D('',#9559,#7763,#7764);
#6300=AXIS2_PLACEMENT_3D('',#9568,#7769,#7770);
#6301=AXIS2_PLACEMENT_3D('',#9574,#7774,#7775);
#6302=AXIS2_PLACEMENT_3D('',#9580,#7779,#7780);
#6303=AXIS2_PLACEMENT_3D('',#9583,#7783,#7784);
#6304=AXIS2_PLACEMENT_3D('',#9584,#7785,#7786);
#6305=AXIS2_PLACEMENT_3D('',#9585,#7787,#7788);
#6306=AXIS2_PLACEMENT_3D('',#9594,#7793,#7794);
#6307=AXIS2_PLACEMENT_3D('',#9600,#7798,#7799);
#6308=AXIS2_PLACEMENT_3D('',#9604,#7802,#7803);
#6309=AXIS2_PLACEMENT_3D('',#9608,#7806,#7807);
#6310=AXIS2_PLACEMENT_3D('',#9610,#7809,#7810);
#6311=AXIS2_PLACEMENT_3D('',#9611,#7811,#7812);
#6312=AXIS2_PLACEMENT_3D('',#9620,#7817,#7818);
#6313=AXIS2_PLACEMENT_3D('',#9626,#7822,#7823);
#6314=AXIS2_PLACEMENT_3D('',#9630,#7826,#7827);
#6315=AXIS2_PLACEMENT_3D('',#9634,#7830,#7831);
#6316=AXIS2_PLACEMENT_3D('',#9636,#7833,#7834);
#6317=AXIS2_PLACEMENT_3D('',#9637,#7835,#7836);
#6318=AXIS2_PLACEMENT_3D('',#9646,#7841,#7842);
#6319=AXIS2_PLACEMENT_3D('',#9652,#7846,#7847);
#6320=AXIS2_PLACEMENT_3D('',#9656,#7850,#7851);
#6321=AXIS2_PLACEMENT_3D('',#9660,#7854,#7855);
#6322=AXIS2_PLACEMENT_3D('',#9662,#7857,#7858);
#6323=AXIS2_PLACEMENT_3D('',#9663,#7859,#7860);
#6324=AXIS2_PLACEMENT_3D('',#9672,#7865,#7866);
#6325=AXIS2_PLACEMENT_3D('',#9678,#7870,#7871);
#6326=AXIS2_PLACEMENT_3D('',#9682,#7874,#7875);
#6327=AXIS2_PLACEMENT_3D('',#9686,#7878,#7879);
#6328=AXIS2_PLACEMENT_3D('',#9688,#7881,#7882);
#6329=AXIS2_PLACEMENT_3D('',#9689,#7883,#7884);
#6330=AXIS2_PLACEMENT_3D('',#9702,#7891,#7892);
#6331=AXIS2_PLACEMENT_3D('',#9708,#7896,#7897);
#6332=AXIS2_PLACEMENT_3D('',#9712,#7900,#7901);
#6333=AXIS2_PLACEMENT_3D('',#9716,#7904,#7905);
#6334=AXIS2_PLACEMENT_3D('',#9720,#7908,#7909);
#6335=AXIS2_PLACEMENT_3D('',#9724,#7912,#7913);
#6336=AXIS2_PLACEMENT_3D('',#9726,#7915,#7916);
#6337=AXIS2_PLACEMENT_3D('',#9727,#7917,#7918);
#6338=AXIS2_PLACEMENT_3D('',#9736,#7923,#7924);
#6339=AXIS2_PLACEMENT_3D('',#9742,#7928,#7929);
#6340=AXIS2_PLACEMENT_3D('',#9746,#7932,#7933);
#6341=AXIS2_PLACEMENT_3D('',#9750,#7936,#7937);
#6342=AXIS2_PLACEMENT_3D('',#9752,#7939,#7940);
#6343=AXIS2_PLACEMENT_3D('',#9753,#7941,#7942);
#6344=AXIS2_PLACEMENT_3D('',#9762,#7947,#7948);
#6345=AXIS2_PLACEMENT_3D('',#9768,#7952,#7953);
#6346=AXIS2_PLACEMENT_3D('',#9772,#7956,#7957);
#6347=AXIS2_PLACEMENT_3D('',#9776,#7960,#7961);
#6348=AXIS2_PLACEMENT_3D('',#9778,#7963,#7964);
#6349=DIRECTION('axis',(0.,0.,1.));
#6350=DIRECTION('refdir',(1.,0.,0.));
#6351=DIRECTION('center_axis',(-1.,0.,0.));
#6352=DIRECTION('ref_axis',(0.,1.,0.));
#6353=DIRECTION('',(0.,-1.,0.));
#6354=DIRECTION('',(0.,0.,-1.));
#6355=DIRECTION('',(0.,1.,0.));
#6356=DIRECTION('',(0.,0.,-1.));
#6357=DIRECTION('center_axis',(0.,0.,-1.));
#6358=DIRECTION('ref_axis',(-1.,0.,0.));
#6359=DIRECTION('',(1.,0.,0.));
#6360=DIRECTION('',(0.,-1.,0.));
#6361=DIRECTION('',(-1.,0.,0.));
#6362=DIRECTION('center_axis',(0.,0.,-1.));
#6363=DIRECTION('ref_axis',(-1.,0.,0.));
#6364=DIRECTION('',(-1.,-1.85037170770859E-16,0.));
#6365=DIRECTION('center_axis',(0.,0.,1.));
#6366=DIRECTION('ref_axis',(-0.707106781186552,-0.707106781186543,0.));
#6367=DIRECTION('',(0.,1.,0.));
#6368=DIRECTION('center_axis',(0.,0.,1.));
#6369=DIRECTION('ref_axis',(-0.707106781186541,0.707106781186554,0.));
#6370=DIRECTION('',(1.,1.00929365875014E-16,0.));
#6371=DIRECTION('center_axis',(1.,0.,0.));
#6372=DIRECTION('ref_axis',(0.,-1.,0.));
#6373=DIRECTION('',(0.,1.,0.));
#6374=DIRECTION('',(0.,0.,-1.));
#6375=DIRECTION('',(0.,-1.,0.));
#6376=DIRECTION('',(0.,0.,-1.));
#6377=DIRECTION('center_axis',(0.,1.,0.));
#6378=DIRECTION('ref_axis',(1.,0.,0.));
#6379=DIRECTION('',(-1.,0.,0.));
#6380=DIRECTION('',(1.,0.,0.));
#6381=DIRECTION('',(0.,0.,-1.));
#6382=DIRECTION('center_axis',(0.,0.,-1.));
#6383=DIRECTION('ref_axis',(-1.,0.,0.));
#6384=DIRECTION('',(0.,1.,0.));
#6385=DIRECTION('',(-1.,-6.3441315692866E-16,0.));
#6386=DIRECTION('',(0.,1.,0.));
#6387=DIRECTION('',(-1.,0.,0.));
#6388=DIRECTION('center_axis',(0.,0.,-1.));
#6389=DIRECTION('ref_axis',(-1.,0.,0.));
#6390=DIRECTION('',(0.,1.,0.));
#6391=DIRECTION('center_axis',(0.,0.,1.));
#6392=DIRECTION('ref_axis',(-0.707106781186548,0.707106781186548,7.8504622934189E-16));
#6393=DIRECTION('',(1.,0.,0.));
#6394=DIRECTION('center_axis',(0.,0.,1.));
#6395=DIRECTION('ref_axis',(0.707106781186548,0.707106781186548,0.));
#6396=DIRECTION('',(0.,-1.,0.));
#6397=DIRECTION('center_axis',(0.,0.,1.));
#6398=DIRECTION('ref_axis',(0.70710678118654,-0.707106781186555,0.));
#6399=DIRECTION('',(-1.,-4.57150657198594E-16,0.));
#6400=DIRECTION('center_axis',(0.,-1.,0.));
#6401=DIRECTION('ref_axis',(-1.,0.,0.));
#6402=DIRECTION('',(1.,0.,0.));
#6403=DIRECTION('',(0.,0.,-1.));
#6404=DIRECTION('',(-1.,0.,0.));
#6405=DIRECTION('',(0.,0.,-1.));
#6406=DIRECTION('center_axis',(1.,0.,0.));
#6407=DIRECTION('ref_axis',(0.,-1.,0.));
#6408=DIRECTION('',(0.,1.,0.));
#6409=DIRECTION('',(0.,-1.,0.));
#6410=DIRECTION('',(0.,0.,-1.));
#6411=DIRECTION('center_axis',(-1.,0.,0.));
#6412=DIRECTION('ref_axis',(0.,1.,0.));
#6413=DIRECTION('',(0.,-1.,0.));
#6414=DIRECTION('',(0.,0.,-1.));
#6415=DIRECTION('',(0.,1.,0.));
#6416=DIRECTION('center_axis',(0.,0.,-1.));
#6417=DIRECTION('ref_axis',(-1.,0.,0.));
#6418=DIRECTION('',(1.,0.,0.));
#6419=DIRECTION('',(0.,-1.,0.));
#6420=DIRECTION('',(1.,0.,0.));
#6421=DIRECTION('',(0.,1.,0.));
#6422=DIRECTION('',(1.,-7.1051221401459E-16,0.));
#6423=DIRECTION('center_axis',(-1.,0.,0.));
#6424=DIRECTION('ref_axis',(0.,1.,0.));
#6425=DIRECTION('',(0.,-1.,0.));
#6426=DIRECTION('',(0.,0.,-1.));
#6427=DIRECTION('',(0.,1.,0.));
#6428=DIRECTION('',(0.,0.,-1.));
#6429=DIRECTION('center_axis',(0.,1.,0.));
#6430=DIRECTION('ref_axis',(1.,0.,0.));
#6431=DIRECTION('',(-1.,0.,0.));
#6432=DIRECTION('',(0.,0.,-1.));
#6433=DIRECTION('',(1.,0.,0.));
#6434=DIRECTION('center_axis',(0.,0.,-1.));
#6435=DIRECTION('ref_axis',(-1.,0.,0.));
#6436=DIRECTION('',(-1.58603289232165E-16,-1.,0.));
#6437=DIRECTION('',(-1.,0.,0.));
#6438=DIRECTION('',(0.,-1.,0.));
#6439=DIRECTION('',(-1.,-3.1720657846433E-16,0.));
#6440=DIRECTION('center_axis',(0.,0.,-1.));
#6441=DIRECTION('ref_axis',(-1.,0.,0.));
#6442=DIRECTION('',(-1.,-1.00929365875014E-16,0.));
#6443=DIRECTION('center_axis',(0.,0.,1.));
#6444=DIRECTION('ref_axis',(-0.707106781186538,-0.707106781186557,0.));
#6445=DIRECTION('',(0.,1.,0.));
#6446=DIRECTION('center_axis',(0.,0.,1.));
#6447=DIRECTION('ref_axis',(-0.707106781186548,0.707106781186547,0.));
#6448=DIRECTION('',(1.,0.,0.));
#6449=DIRECTION('center_axis',(0.,0.,1.));
#6450=DIRECTION('ref_axis',(0.707106781186549,0.707106781186546,0.));
#6451=DIRECTION('',(0.,-1.,0.));
#6452=DIRECTION('center_axis',(1.,0.,0.));
#6453=DIRECTION('ref_axis',(0.,-1.,0.));
#6454=DIRECTION('',(0.,1.,0.));
#6455=DIRECTION('',(0.,0.,-1.));
#6456=DIRECTION('',(0.,-1.,0.));
#6457=DIRECTION('',(0.,0.,-1.));
#6458=DIRECTION('center_axis',(0.,0.,-1.));
#6459=DIRECTION('ref_axis',(-1.,0.,0.));
#6460=DIRECTION('',(-1.,-3.17206578464331E-16,0.));
#6461=DIRECTION('',(0.,1.,0.));
#6462=DIRECTION('',(1.,4.75809867696496E-16,0.));
#6463=DIRECTION('center_axis',(0.,0.,-1.));
#6464=DIRECTION('ref_axis',(-1.,0.,0.));
#6465=DIRECTION('',(1.,4.57150657198594E-16,0.));
#6466=DIRECTION('center_axis',(0.,0.,1.));
#6467=DIRECTION('ref_axis',(0.707106781186552,0.707106781186543,0.));
#6468=DIRECTION('',(0.,-1.,0.));
#6469=DIRECTION('center_axis',(0.,0.,1.));
#6470=DIRECTION('ref_axis',(0.707106781186551,-0.707106781186544,0.));
#6471=DIRECTION('',(-1.,2.01858731750028E-16,0.));
#6472=DIRECTION('center_axis',(-1.,0.,0.));
#6473=DIRECTION('ref_axis',(0.,1.,0.));
#6474=DIRECTION('',(0.,-1.,0.));
#6475=DIRECTION('',(0.,0.,-1.));
#6476=DIRECTION('',(0.,1.,0.));
#6477=DIRECTION('',(0.,0.,-1.));
#6478=DIRECTION('center_axis',(-0.689655172413754,-0.72413793103452,0.));
#6479=DIRECTION('ref_axis',(-0.72413793103452,0.689655172413754,0.));
#6480=DIRECTION('',(0.72413793103452,-0.689655172413754,0.));
#6481=DIRECTION('',(-0.72413793103452,0.689655172413754,0.));
#6482=DIRECTION('',(0.,0.,-1.));
#6483=DIRECTION('center_axis',(0.,-1.,0.));
#6484=DIRECTION('ref_axis',(-1.,0.,0.));
#6485=DIRECTION('',(1.,0.,0.));
#6486=DIRECTION('',(-1.,0.,0.));
#6487=DIRECTION('',(0.,0.,-1.));
#6488=DIRECTION('center_axis',(0.689655172413793,0.724137931034483,0.));
#6489=DIRECTION('ref_axis',(0.724137931034483,-0.689655172413793,0.));
#6490=DIRECTION('',(-0.724137931034483,0.689655172413793,0.));
#6491=DIRECTION('',(0.724137931034483,-0.689655172413793,0.));
#6492=DIRECTION('center_axis',(0.,1.,0.));
#6493=DIRECTION('ref_axis',(1.,0.,0.));
#6494=DIRECTION('',(-1.,0.,0.));
#6495=DIRECTION('',(0.,0.,-1.));
#6496=DIRECTION('',(1.,0.,0.));
#6497=DIRECTION('',(0.,0.,-1.));
#6498=DIRECTION('center_axis',(-0.689655172413793,-0.724137931034483,0.));
#6499=DIRECTION('ref_axis',(-0.724137931034483,0.689655172413793,0.));
#6500=DIRECTION('',(0.724137931034483,-0.689655172413793,0.));
#6501=DIRECTION('',(-0.724137931034483,0.689655172413793,0.));
#6502=DIRECTION('',(0.,0.,-1.));
#6503=DIRECTION('center_axis',(1.,0.,0.));
#6504=DIRECTION('ref_axis',(0.,-1.,0.));
#6505=DIRECTION('',(0.,1.,0.));
#6506=DIRECTION('',(0.,-1.,0.));
#6507=DIRECTION('',(0.,0.,-1.));
#6508=DIRECTION('center_axis',(0.689655172413794,0.724137931034482,0.));
#6509=DIRECTION('ref_axis',(0.724137931034482,-0.689655172413794,0.));
#6510=DIRECTION('',(-0.724137931034482,0.689655172413794,0.));
#6511=DIRECTION('',(0.724137931034482,-0.689655172413794,0.));
#6512=DIRECTION('center_axis',(0.,1.,0.));
#6513=DIRECTION('ref_axis',(1.,0.,0.));
#6514=DIRECTION('',(-1.,0.,0.));
#6515=DIRECTION('',(0.,0.,-1.));
#6516=DIRECTION('',(1.,0.,0.));
#6517=DIRECTION('',(0.,0.,-1.));
#6518=DIRECTION('center_axis',(-1.,0.,0.));
#6519=DIRECTION('ref_axis',(0.,1.,0.));
#6520=DIRECTION('',(0.,-1.,0.));
#6521=DIRECTION('',(0.,1.,0.));
#6522=DIRECTION('',(0.,0.,-1.));
#6523=DIRECTION('center_axis',(-0.689655172413793,-0.724137931034483,0.));
#6524=DIRECTION('ref_axis',(-0.724137931034483,0.689655172413793,0.));
#6525=DIRECTION('',(0.724137931034483,-0.689655172413793,0.));
#6526=DIRECTION('',(-0.724137931034483,0.689655172413793,0.));
#6527=DIRECTION('',(0.,0.,-1.));
#6528=DIRECTION('center_axis',(0.,-1.,0.));
#6529=DIRECTION('ref_axis',(-1.,0.,0.));
#6530=DIRECTION('',(1.,0.,0.));
#6531=DIRECTION('',(-1.,0.,0.));
#6532=DIRECTION('',(0.,0.,-1.));
#6533=DIRECTION('center_axis',(1.,0.,0.));
#6534=DIRECTION('ref_axis',(0.,-1.,0.));
#6535=DIRECTION('',(0.,1.,0.));
#6536=DIRECTION('',(0.,-1.,0.));
#6537=DIRECTION('',(0.,0.,-1.));
#6538=DIRECTION('center_axis',(0.689655172413793,0.724137931034483,0.));
#6539=DIRECTION('ref_axis',(0.724137931034483,-0.689655172413793,0.));
#6540=DIRECTION('',(-0.724137931034483,0.689655172413793,0.));
#6541=DIRECTION('',(0.724137931034483,-0.689655172413793,0.));
#6542=DIRECTION('center_axis',(-1.,0.,0.));
#6543=DIRECTION('ref_axis',(0.,1.,0.));
#6544=DIRECTION('',(0.,-1.,0.));
#6545=DIRECTION('',(0.,0.,-1.));
#6546=DIRECTION('',(0.,1.,0.));
#6547=DIRECTION('',(0.,0.,-1.));
#6548=DIRECTION('center_axis',(-0.689655172415711,-0.724137931032656,0.));
#6549=DIRECTION('ref_axis',(-0.724137931032656,0.689655172415711,0.));
#6550=DIRECTION('',(0.724137931032656,-0.689655172415711,0.));
#6551=DIRECTION('',(-0.724137931032656,0.689655172415711,0.));
#6552=DIRECTION('',(0.,0.,-1.));
#6553=DIRECTION('center_axis',(0.,-1.,0.));
#6554=DIRECTION('ref_axis',(-1.,0.,0.));
#6555=DIRECTION('',(1.,0.,0.));
#6556=DIRECTION('',(-1.,0.,0.));
#6557=DIRECTION('',(0.,0.,-1.));
#6558=DIRECTION('center_axis',(0.689655172413811,0.724137931034465,0.));
#6559=DIRECTION('ref_axis',(0.724137931034465,-0.689655172413811,0.));
#6560=DIRECTION('',(-0.724137931034465,0.689655172413811,0.));
#6561=DIRECTION('',(0.724137931034465,-0.689655172413811,0.));
#6562=DIRECTION('center_axis',(0.,1.,0.));
#6563=DIRECTION('ref_axis',(1.,0.,0.));
#6564=DIRECTION('',(-1.,0.,0.));
#6565=DIRECTION('',(0.,0.,-1.));
#6566=DIRECTION('',(1.,0.,0.));
#6567=DIRECTION('',(0.,0.,-1.));
#6568=DIRECTION('center_axis',(-0.689655172413775,-0.7241379310345,0.));
#6569=DIRECTION('ref_axis',(-0.7241379310345,0.689655172413775,0.));
#6570=DIRECTION('',(0.7241379310345,-0.689655172413775,0.));
#6571=DIRECTION('',(-0.7241379310345,0.689655172413775,0.));
#6572=DIRECTION('',(0.,0.,-1.));
#6573=DIRECTION('center_axis',(1.,0.,0.));
#6574=DIRECTION('ref_axis',(0.,-1.,0.));
#6575=DIRECTION('',(0.,1.,0.));
#6576=DIRECTION('',(0.,-1.,0.));
#6577=DIRECTION('',(0.,0.,-1.));
#6578=DIRECTION('center_axis',(0.689655172411875,0.724137931036309,0.));
#6579=DIRECTION('ref_axis',(0.724137931036309,-0.689655172411875,0.));
#6580=DIRECTION('',(-0.724137931036309,0.689655172411875,0.));
#6581=DIRECTION('',(0.724137931036309,-0.689655172411875,0.));
#6582=DIRECTION('center_axis',(0.,1.,0.));
#6583=DIRECTION('ref_axis',(1.,0.,0.));
#6584=DIRECTION('',(-1.,0.,0.));
#6585=DIRECTION('',(0.,0.,-1.));
#6586=DIRECTION('',(1.,0.,0.));
#6587=DIRECTION('',(0.,0.,-1.));
#6588=DIRECTION('center_axis',(-0.689655172413793,-0.724137931034482,0.));
#6589=DIRECTION('ref_axis',(-0.724137931034482,0.689655172413793,0.));
#6590=DIRECTION('',(0.724137931034482,-0.689655172413793,0.));
#6591=DIRECTION('',(-0.724137931034482,0.689655172413793,0.));
#6592=DIRECTION('',(0.,0.,-1.));
#6593=DIRECTION('center_axis',(1.,0.,0.));
#6594=DIRECTION('ref_axis',(0.,-1.,0.));
#6595=DIRECTION('',(0.,1.,0.));
#6596=DIRECTION('',(0.,-1.,0.));
#6597=DIRECTION('',(0.,0.,-1.));
#6598=DIRECTION('center_axis',(0.689655172414352,0.72413793103395,0.));
#6599=DIRECTION('ref_axis',(0.72413793103395,-0.689655172414352,0.));
#6600=DIRECTION('',(-0.72413793103395,0.689655172414352,0.));
#6601=DIRECTION('',(0.72413793103395,-0.689655172414352,0.));
#6602=DIRECTION('center_axis',(-1.,0.,0.));
#6603=DIRECTION('ref_axis',(0.,1.,0.));
#6604=DIRECTION('',(0.,-1.,0.));
#6605=DIRECTION('',(0.,0.,-1.));
#6606=DIRECTION('',(0.,1.,0.));
#6607=DIRECTION('',(0.,0.,-1.));
#6608=DIRECTION('center_axis',(-0.689655172413793,-0.724137931034483,0.));
#6609=DIRECTION('ref_axis',(-0.724137931034483,0.689655172413793,0.));
#6610=DIRECTION('',(0.724137931034483,-0.689655172413793,0.));
#6611=DIRECTION('',(-0.724137931034483,0.689655172413793,0.));
#6612=DIRECTION('',(0.,0.,-1.));
#6613=DIRECTION('center_axis',(0.,-1.,0.));
#6614=DIRECTION('ref_axis',(-1.,0.,0.));
#6615=DIRECTION('',(1.,0.,0.));
#6616=DIRECTION('',(-1.,0.,0.));
#6617=DIRECTION('',(0.,0.,-1.));
#6618=DIRECTION('center_axis',(0.689655172413793,0.724137931034483,0.));
#6619=DIRECTION('ref_axis',(0.724137931034483,-0.689655172413793,0.));
#6620=DIRECTION('',(-0.724137931034483,0.689655172413793,0.));
#6621=DIRECTION('',(0.724137931034483,-0.689655172413793,0.));
#6622=DIRECTION('center_axis',(1.04223233917835E-31,3.17153697744537E-31,
1.));
#6623=DIRECTION('ref_axis',(0.809998592094291,0.586431821105631,-2.70409693275675E-31));
#6624=DIRECTION('center_axis',(0.,0.,1.));
#6625=DIRECTION('ref_axis',(0.809998592094291,0.586431821105631,-2.70409693275675E-31));
#6626=DIRECTION('',(1.04223233917835E-31,3.17153697744537E-31,1.));
#6627=DIRECTION('center_axis',(0.,0.,-1.));
#6628=DIRECTION('ref_axis',(0.,1.,0.));
#6629=DIRECTION('',(0.,0.,-1.));
#6630=DIRECTION('center_axis',(-0.0788621033786673,-0.996885534377289,0.));
#6631=DIRECTION('ref_axis',(0.,0.,-1.));
#6632=DIRECTION('center_axis',(3.48206312268799E-15,-3.86586665200583E-31,
1.));
#6633=DIRECTION('ref_axis',(1.,0.,-3.44169137633799E-15));
#6634=DIRECTION('center_axis',(0.,-1.,0.));
#6635=DIRECTION('ref_axis',(0.,0.,-1.));
#6636=DIRECTION('center_axis',(-3.48206312268799E-15,3.86586665200583E-31,
-1.));
#6637=DIRECTION('ref_axis',(0.999315564347848,-0.0369919295541784,-3.4781205693335E-15));
#6638=DIRECTION('center_axis',(3.48206312268799E-15,-3.86586665200583E-31,
1.));
#6639=DIRECTION('ref_axis',(0.999315564347848,-0.0369919295541784,-3.47967987454378E-15));
#6640=DIRECTION('center_axis',(0.,1.,3.86586665200583E-31));
#6641=DIRECTION('ref_axis',(0.707106781186552,0.,-0.707106781186543));
#6642=DIRECTION('center_axis',(0.,-1.,0.));
#6643=DIRECTION('ref_axis',(0.,0.,-1.));
#6644=DIRECTION('',(0.,-1.,-3.86586665200583E-31));
#6645=DIRECTION('',(0.,1.,3.86586665200583E-31));
#6646=DIRECTION('center_axis',(-1.,0.,0.));
#6647=DIRECTION('ref_axis',(0.,0.,1.));
#6648=DIRECTION('center_axis',(0.,0.,1.));
#6649=DIRECTION('ref_axis',(0.,-1.,0.));
#6650=DIRECTION('center_axis',(1.,0.,0.));
#6651=DIRECTION('ref_axis',(0.,0.707106781186548,0.707106781186547));
#6652=DIRECTION('center_axis',(-1.,0.,0.));
#6653=DIRECTION('ref_axis',(0.,0.707106781186548,0.707106781186547));
#6654=DIRECTION('center_axis',(0.,-3.17153697744537E-31,-1.));
#6655=DIRECTION('ref_axis',(0.707106781186551,-0.707106781186544,0.));
#6656=DIRECTION('',(0.,3.17153697744537E-31,1.));
#6657=DIRECTION('',(0.,-3.17153697744537E-31,-1.));
#6658=DIRECTION('center_axis',(1.,-2.01858731750028E-16,-3.48206312268799E-15));
#6659=DIRECTION('ref_axis',(2.01858731750028E-16,1.,-3.16298180618758E-31));
#6660=DIRECTION('',(1.,-2.01858731750028E-16,-3.48206312268799E-15));
#6661=DIRECTION('center_axis',(1.,0.,0.));
#6662=DIRECTION('ref_axis',(2.01858731750028E-16,1.,-3.16298180618758E-31));
#6663=DIRECTION('',(1.,-2.01858731750028E-16,-3.48206312268799E-15));
#6664=DIRECTION('center_axis',(3.48206312268799E-15,-3.86586665200583E-31,
1.));
#6665=DIRECTION('ref_axis',(-1.110223024625E-16,-1.,0.));
#6666=DIRECTION('',(1.,-2.01858731750028E-16,-3.48206312268799E-15));
#6667=DIRECTION('',(0.,-1.,-3.86586665200583E-31));
#6668=DIRECTION('center_axis',(1.,-2.01858731750028E-16,-3.48206312268799E-15));
#6669=DIRECTION('ref_axis',(-2.01858731750028E-16,-1.,3.16298180618758E-31));
#6670=DIRECTION('',(1.,-2.01858731750028E-16,-3.48206312268799E-15));
#6671=DIRECTION('center_axis',(1.,0.,0.));
#6672=DIRECTION('ref_axis',(-2.01858731750028E-16,-1.,3.16298180618758E-31));
#6673=DIRECTION('center_axis',(-2.01858731750028E-16,-1.,3.17153697744537E-31));
#6674=DIRECTION('ref_axis',(-3.491481338843E-15,3.87632297243202E-31,-1.));
#6675=DIRECTION('',(1.,-2.01858731750028E-16,0.));
#6676=DIRECTION('',(0.,-3.17153697744537E-31,-1.));
#6677=DIRECTION('center_axis',(0.,0.,-1.));
#6678=DIRECTION('ref_axis',(-1.,0.,0.));
#6679=DIRECTION('center_axis',(0.,0.,1.));
#6680=DIRECTION('ref_axis',(0.707106781186548,-0.707106781186548,0.));
#6681=DIRECTION('',(-1.,0.,0.));
#6682=DIRECTION('center_axis',(0.,0.,1.));
#6683=DIRECTION('ref_axis',(-0.707106781186548,-0.707106781186548,0.));
#6684=DIRECTION('center_axis',(0.,0.,1.));
#6685=DIRECTION('ref_axis',(-0.807335640099832,0.590092504802929,-2.18966966528291E-31));
#6686=DIRECTION('',(1.,1.85037170770859E-16,0.));
#6687=DIRECTION('center_axis',(0.,-4.56037996755466E-32,1.));
#6688=DIRECTION('ref_axis',(0.707106781186552,0.707106781186543,0.));
#6689=DIRECTION('',(0.,-4.56037996755466E-32,1.));
#6690=DIRECTION('center_axis',(0.,0.,-1.));
#6691=DIRECTION('ref_axis',(0.,1.,0.));
#6692=DIRECTION('',(0.,4.56037996755466E-32,-1.));
#6693=DIRECTION('center_axis',(-1.,0.,0.));
#6694=DIRECTION('ref_axis',(0.,0.,1.));
#6695=DIRECTION('center_axis',(0.,-1.,0.));
#6696=DIRECTION('ref_axis',(0.,0.,-1.));
#6697=DIRECTION('center_axis',(1.,0.,0.));
#6698=DIRECTION('ref_axis',(0.,-0.707106781186548,0.707106781186547));
#6699=DIRECTION('center_axis',(-1.,0.,0.));
#6700=DIRECTION('ref_axis',(0.,-0.707106781186548,0.707106781186547));
#6701=DIRECTION('center_axis',(0.,1.,-1.5371186756146E-30));
#6702=DIRECTION('ref_axis',(0.70710678118654,0.,-0.707106781186555));
#6703=DIRECTION('center_axis',(0.,-1.,0.));
#6704=DIRECTION('ref_axis',(0.,0.,-1.));
#6705=DIRECTION('',(0.,-1.,1.5371186756146E-30));
#6706=DIRECTION('',(0.,1.,-1.5371186756146E-30));
#6707=DIRECTION('center_axis',(-1.,0.,0.));
#6708=DIRECTION('ref_axis',(0.,0.,1.));
#6709=DIRECTION('center_axis',(0.,0.,1.));
#6710=DIRECTION('ref_axis',(0.,-1.,0.));
#6711=DIRECTION('center_axis',(1.,0.,0.));
#6712=DIRECTION('ref_axis',(0.,0.707106781186548,0.707106781186547));
#6713=DIRECTION('center_axis',(-1.,0.,0.));
#6714=DIRECTION('ref_axis',(0.,0.707106781186548,0.707106781186547));
#6715=DIRECTION('center_axis',(0.,4.56037996755466E-32,-1.));
#6716=DIRECTION('ref_axis',(0.70710678118654,-0.707106781186555,0.));
#6717=DIRECTION('',(0.,-4.56037996755466E-32,1.));
#6718=DIRECTION('',(0.,4.56037996755466E-32,-1.));
#6719=DIRECTION('center_axis',(-1.,0.,0.));
#6720=DIRECTION('ref_axis',(0.,0.,1.));
#6721=DIRECTION('',(0.,0.,-1.));
#6722=DIRECTION('',(0.,1.,0.));
#6723=DIRECTION('',(0.,0.,1.));
#6724=DIRECTION('center_axis',(0.,2.58421531495559E-31,1.));
#6725=DIRECTION('ref_axis',(-0.707106781186552,-0.707106781186543,0.));
#6726=DIRECTION('',(0.,2.58421531495559E-31,1.));
#6727=DIRECTION('center_axis',(0.,0.,-1.));
#6728=DIRECTION('ref_axis',(0.,-1.,0.));
#6729=DIRECTION('',(0.,-2.58421531495559E-31,-1.));
#6730=DIRECTION('center_axis',(1.,0.,0.));
#6731=DIRECTION('ref_axis',(0.,0.,-1.));
#6732=DIRECTION('center_axis',(0.,1.,0.));
#6733=DIRECTION('ref_axis',(0.,0.,-1.));
#6734=DIRECTION('center_axis',(-1.,0.,0.));
#6735=DIRECTION('ref_axis',(0.,0.707106781186548,0.707106781186547));
#6736=DIRECTION('center_axis',(1.,0.,0.));
#6737=DIRECTION('ref_axis',(0.,0.707106781186548,0.707106781186547));
#6738=DIRECTION('center_axis',(0.,-1.,-3.85185988877393E-31));
#6739=DIRECTION('ref_axis',(-0.707106781186546,0.,-0.707106781186549));
#6740=DIRECTION('center_axis',(0.,1.,0.));
#6741=DIRECTION('ref_axis',(0.,0.,-1.));
#6742=DIRECTION('',(0.,1.,3.85185988877393E-31));
#6743=DIRECTION('',(0.,-1.,-3.85185988877393E-31));
#6744=DIRECTION('center_axis',(-3.46944695195361E-15,-3.85185988877393E-31,
1.));
#6745=DIRECTION('ref_axis',(1.,0.,3.44169137633799E-15));
#6746=DIRECTION('center_axis',(-0.0702483365399993,0.997529534005567,0.));
#6747=DIRECTION('ref_axis',(0.,0.,-1.));
#6748=DIRECTION('center_axis',(3.46944695195361E-15,3.85185988877393E-31,
-1.));
#6749=DIRECTION('ref_axis',(-0.999457107005057,-0.0329467943369763,-3.46944695195361E-15));
#6750=DIRECTION('center_axis',(-3.46944695195361E-15,-3.85185988877393E-31,
1.));
#6751=DIRECTION('ref_axis',(-0.999457107005057,-0.0329467943369763,-3.46756341350707E-15));
#6752=DIRECTION('center_axis',(3.53737871842748E-16,-1.11022302462516E-15,
1.));
#6753=DIRECTION('ref_axis',(0.,1.,1.11022302462516E-15));
#6754=DIRECTION('center_axis',(8.23379452254171E-32,-2.58421531495559E-31,
-1.));
#6755=DIRECTION('ref_axis',(-0.807335640099832,0.590092504802929,-2.18966966528291E-31));
#6756=DIRECTION('',(0.,0.,1.));
#6757=DIRECTION('',(8.23379452254171E-32,-2.58421531495559E-31,-1.));
#6758=DIRECTION('center_axis',(-1.,-1.85037170770859E-16,-3.46944695195361E-15));
#6759=DIRECTION('ref_axis',(1.85037170770859E-16,-1.,2.56790659251686E-31));
#6760=DIRECTION('',(-1.,-1.85037170770859E-16,-3.46944695195361E-15));
#6761=DIRECTION('center_axis',(-1.,0.,0.));
#6762=DIRECTION('ref_axis',(1.85037170770859E-16,-1.,2.56790659251686E-31));
#6763=DIRECTION('',(-1.,-1.85037170770859E-16,-3.46944695195361E-15));
#6764=DIRECTION('center_axis',(-3.46944695195361E-15,-3.85185988877393E-31,
1.));
#6765=DIRECTION('ref_axis',(-1.110223024625E-16,1.,0.));
#6766=DIRECTION('',(-1.,-1.85037170770859E-16,-3.46944695195361E-15));
#6767=DIRECTION('',(0.,1.,3.85185988877393E-31));
#6768=DIRECTION('center_axis',(-1.,-1.85037170770859E-16,-3.46944695195361E-15));
#6769=DIRECTION('ref_axis',(-1.85037170770859E-16,1.,-2.56790659251686E-31));
#6770=DIRECTION('',(-1.,-1.85037170770859E-16,-3.46944695195361E-15));
#6771=DIRECTION('center_axis',(-1.,0.,0.));
#6772=DIRECTION('ref_axis',(-1.85037170770859E-16,1.,-2.56790659251686E-31));
#6773=DIRECTION('center_axis',(-1.85037170770859E-16,1.,-2.58421531495559E-31));
#6774=DIRECTION('ref_axis',(3.491481338843E-15,3.87632297243202E-31,-1.));
#6775=DIRECTION('',(0.,-2.58421531495559E-31,-1.));
#6776=DIRECTION('center_axis',(0.,-3.35268268848327E-32,1.));
#6777=DIRECTION('ref_axis',(-0.707106781186538,-0.707106781186557,0.));
#6778=DIRECTION('',(0.,-3.35268268848327E-32,1.));
#6779=DIRECTION('center_axis',(0.,0.,-1.));
#6780=DIRECTION('ref_axis',(0.,-1.,0.));
#6781=DIRECTION('',(0.,3.35268268848327E-32,-1.));
#6782=DIRECTION('center_axis',(1.,0.,0.));
#6783=DIRECTION('ref_axis',(0.,0.,-1.));
#6784=DIRECTION('center_axis',(0.,1.,0.));
#6785=DIRECTION('ref_axis',(0.,0.,-1.));
#6786=DIRECTION('center_axis',(-1.,0.,0.));
#6787=DIRECTION('ref_axis',(0.,0.707106781186549,0.707106781186546));
#6788=DIRECTION('center_axis',(1.,0.,0.));
#6789=DIRECTION('ref_axis',(0.,0.707106781186549,0.707106781186546));
#6790=DIRECTION('center_axis',(0.,-1.,-3.86586665200583E-31));
#6791=DIRECTION('ref_axis',(-0.70710678118654,0.,-0.707106781186555));
#6792=DIRECTION('center_axis',(0.,1.,1.11022302462516E-15));
#6793=DIRECTION('ref_axis',(0.,1.11022302462516E-15,-1.));
#6794=DIRECTION('',(0.,1.,3.86586665200583E-31));
#6795=DIRECTION('',(0.,-1.,-3.86586665200583E-31));
#6796=DIRECTION('center_axis',(1.,0.,0.));
#6797=DIRECTION('ref_axis',(0.,0.,-1.));
#6798=DIRECTION('center_axis',(0.,0.,1.));
#6799=DIRECTION('ref_axis',(0.,1.,0.));
#6800=DIRECTION('center_axis',(-1.,0.,0.));
#6801=DIRECTION('ref_axis',(0.,-0.707106781186549,0.707106781186546));
#6802=DIRECTION('center_axis',(1.,0.,0.));
#6803=DIRECTION('ref_axis',(0.,-0.707106781186549,0.707106781186546));
#6804=DIRECTION('center_axis',(0.,3.35268268848327E-32,-1.));
#6805=DIRECTION('ref_axis',(-0.707106781186541,0.707106781186554,0.));
#6806=DIRECTION('',(0.,-3.35268268848327E-32,1.));
#6807=DIRECTION('',(0.,3.35268268848327E-32,-1.));
#6808=DIRECTION('center_axis',(1.00929365875014E-16,-1.,-3.35268268848327E-32));
#6809=DIRECTION('ref_axis',(-3.321810911445E-15,-3.6879509573368E-31,1.));
#6810=DIRECTION('',(-1.,-1.00929365875014E-16,-3.48206312268799E-15));
#6811=DIRECTION('',(0.,-3.35268268848327E-32,1.));
#6812=DIRECTION('center_axis',(-1.,-1.00929365875014E-16,-3.48206312268799E-15));
#6813=DIRECTION('ref_axis',(3.48206312268799E-15,3.86681722659003E-31,-1.));
#6814=DIRECTION('',(-1.,-1.00929365875014E-16,-3.48206312268799E-15));
#6815=DIRECTION('center_axis',(-1.,0.,0.));
#6816=DIRECTION('ref_axis',(3.48206312268799E-15,3.86681722659003E-31,-1.));
#6817=DIRECTION('center_axis',(-3.48206312268799E-15,-3.86586665200583E-31,
1.));
#6818=DIRECTION('ref_axis',(-1.110223024625E-16,1.,0.));
#6819=DIRECTION('',(-1.,-1.00929365875014E-16,-3.48206312268799E-15));
#6820=DIRECTION('',(0.,1.,3.86586665200583E-31));
#6821=DIRECTION('center_axis',(-1.,-1.00929365875014E-16,-3.48206312268799E-15));
#6822=DIRECTION('ref_axis',(3.48206312268799E-15,3.86681722659003E-31,-1.));
#6823=DIRECTION('',(-1.,-1.00929365875014E-16,-3.48206312268799E-15));
#6824=DIRECTION('center_axis',(-1.,0.,0.));
#6825=DIRECTION('ref_axis',(3.48206312268799E-15,3.86681722659003E-31,-1.));
#6826=DIRECTION('center_axis',(-1.00929365875014E-16,1.,3.35268268848327E-32));
#6827=DIRECTION('ref_axis',(3.321810911445E-15,3.6879509573368E-31,-1.));
#6828=DIRECTION('',(0.,3.35268268848327E-32,-1.));
#6829=DIRECTION('center_axis',(0.,0.,1.));
#6830=DIRECTION('ref_axis',(0.707106781186549,0.707106781186546,0.));
#6831=DIRECTION('',(0.,0.,1.));
#6832=DIRECTION('center_axis',(0.,0.,-1.));
#6833=DIRECTION('ref_axis',(0.,1.,0.));
#6834=DIRECTION('',(0.,0.,-1.));
#6835=DIRECTION('center_axis',(0.,1.,0.));
#6836=DIRECTION('ref_axis',(0.,0.,1.));
#6837=DIRECTION('center_axis',(-1.,0.,0.));
#6838=DIRECTION('ref_axis',(0.,1.,0.));
#6839=DIRECTION('center_axis',(0.,-1.,0.));
#6840=DIRECTION('ref_axis',(-0.707106781186548,0.,0.707106781186548));
#6841=DIRECTION('center_axis',(0.,1.,0.));
#6842=DIRECTION('ref_axis',(-0.707106781186548,0.,0.707106781186547));
#6843=DIRECTION('center_axis',(1.,0.,0.));
#6844=DIRECTION('ref_axis',(0.,0.707106781186546,-0.707106781186549));
#6845=DIRECTION('center_axis',(-1.,0.,2.22044604925031E-15));
#6846=DIRECTION('ref_axis',(0.,1.,0.));
#6847=DIRECTION('',(-1.,0.,0.));
#6848=DIRECTION('',(1.,0.,0.));
#6849=DIRECTION('center_axis',(0.,1.,0.));
#6850=DIRECTION('ref_axis',(0.,0.,1.));
#6851=DIRECTION('center_axis',(-1.11022302462516E-15,0.,1.));
#6852=DIRECTION('ref_axis',(0.,1.,0.));
#6853=DIRECTION('center_axis',(0.,-1.,0.));
#6854=DIRECTION('ref_axis',(0.707106781186548,0.,0.707106781186547));
#6855=DIRECTION('center_axis',(0.,1.,0.));
#6856=DIRECTION('ref_axis',(0.707106781186548,0.,0.707106781186547));
#6857=DIRECTION('center_axis',(-8.41078040492874E-16,0.,-1.));
#6858=DIRECTION('ref_axis',(-0.707106781186548,0.707106781186548,7.8504622934189E-16));
#6859=DIRECTION('',(8.41078040492874E-16,0.,1.));
#6860=DIRECTION('',(-8.41078040492874E-16,0.,-1.));
#6861=DIRECTION('center_axis',(0.,1.,0.));
#6862=DIRECTION('ref_axis',(1.,0.,0.));
#6863=DIRECTION('',(0.,0.,-1.));
#6864=DIRECTION('',(-1.,0.,0.));
#6865=DIRECTION('',(0.,0.,1.));
#6866=DIRECTION('center_axis',(0.,0.,-1.));
#6867=DIRECTION('ref_axis',(-1.,0.,0.));
#6868=DIRECTION('center_axis',(0.,1.,0.));
#6869=DIRECTION('ref_axis',(-1.,0.,0.));
#6870=DIRECTION('center_axis',(0.,0.,-1.));
#6871=DIRECTION('ref_axis',(-0.707106781186548,0.707106781186547,0.));
#6872=DIRECTION('center_axis',(-1.,1.11022302462516E-15,0.));
#6873=DIRECTION('ref_axis',(0.,0.,1.));
#6874=DIRECTION('center_axis',(0.,0.,1.));
#6875=DIRECTION('ref_axis',(-0.707106781186548,0.707106781186547,0.));
#6876=DIRECTION('center_axis',(-1.,0.,0.));
#6877=DIRECTION('ref_axis',(0.,0.707106781186548,0.707106781186547));
#6878=DIRECTION('center_axis',(-1.,1.11022302462516E-15,0.));
#6879=DIRECTION('ref_axis',(0.,0.,1.));
#6880=DIRECTION('',(1.,0.,0.));
#6881=DIRECTION('center_axis',(0.,0.,-1.));
#6882=DIRECTION('ref_axis',(-1.,0.,0.));
#6883=DIRECTION('center_axis',(1.11022302462516E-15,1.,0.));
#6884=DIRECTION('ref_axis',(0.,0.,1.));
#6885=DIRECTION('center_axis',(0.,0.,1.));
#6886=DIRECTION('ref_axis',(0.707106781186548,0.707106781186547,0.));
#6887=DIRECTION('center_axis',(0.,0.,-1.));
#6888=DIRECTION('ref_axis',(0.707106781186548,0.707106781186547,0.));
#6889=DIRECTION('center_axis',(0.,1.,0.));
#6890=DIRECTION('ref_axis',(0.707106781186548,0.,0.707106781186547));
#6891=DIRECTION('center_axis',(0.,1.,0.));
#6892=DIRECTION('ref_axis',(0.,0.,1.));
#6893=DIRECTION('',(0.,-1.,0.));
#6894=DIRECTION('center_axis',(0.,0.,-1.));
#6895=DIRECTION('ref_axis',(-1.,0.,0.));
#6896=DIRECTION('center_axis',(1.,-1.11022302462516E-15,0.));
#6897=DIRECTION('ref_axis',(0.,0.,1.));
#6898=DIRECTION('center_axis',(0.,0.,1.));
#6899=DIRECTION('ref_axis',(0.707106781186548,-0.707106781186547,0.));
#6900=DIRECTION('center_axis',(0.,0.,-1.));
#6901=DIRECTION('ref_axis',(0.707106781186548,-0.707106781186547,0.));
#6902=DIRECTION('center_axis',(1.,0.,0.));
#6903=DIRECTION('ref_axis',(0.,-0.707106781186548,0.707106781186547));
#6904=DIRECTION('center_axis',(1.,-1.11022302462516E-15,0.));
#6905=DIRECTION('ref_axis',(0.,0.,1.));
#6906=DIRECTION('',(1.,0.,0.));
#6907=DIRECTION('',(-1.,0.,0.));
#6908=DIRECTION('center_axis',(0.,0.,-1.));
#6909=DIRECTION('ref_axis',(-1.,0.,0.));
#6910=DIRECTION('center_axis',(-1.11022302462516E-15,-1.,0.));
#6911=DIRECTION('ref_axis',(0.,0.,1.));
#6912=DIRECTION('center_axis',(0.,0.,1.));
#6913=DIRECTION('ref_axis',(-0.707106781186548,-0.707106781186547,0.));
#6914=DIRECTION('center_axis',(0.,0.,-1.));
#6915=DIRECTION('ref_axis',(-0.707106781186548,-0.707106781186547,0.));
#6916=DIRECTION('center_axis',(0.,-1.,0.));
#6917=DIRECTION('ref_axis',(-0.707106781186548,0.,0.707106781186547));
#6918=DIRECTION('',(0.,1.,0.));
#6919=DIRECTION('',(0.,-1.,0.));
#6920=DIRECTION('center_axis',(0.,1.,0.));
#6921=DIRECTION('ref_axis',(0.,0.,1.));
#6922=DIRECTION('',(0.,0.,1.));
#6923=DIRECTION('',(0.,0.,-1.));
#6924=DIRECTION('center_axis',(0.,0.,-1.));
#6925=DIRECTION('ref_axis',(-0.707106781186548,-0.707106781186548,0.));
#6926=DIRECTION('',(0.,0.,-1.));
#6927=DIRECTION('center_axis',(1.,0.,0.));
#6928=DIRECTION('ref_axis',(0.,0.,-1.));
#6929=DIRECTION('',(0.,0.,1.));
#6930=DIRECTION('center_axis',(0.,0.,1.));
#6931=DIRECTION('ref_axis',(-0.707106781186548,0.707106781186547,0.));
#6932=DIRECTION('center_axis',(0.,0.,1.));
#6933=DIRECTION('ref_axis',(1.,0.,0.));
#6934=DIRECTION('center_axis',(2.01858731750028E-16,1.,-3.17153697744537E-31));
#6935=DIRECTION('ref_axis',(3.491481338843E-15,-3.87632297243202E-31,1.));
#6936=DIRECTION('',(0.,3.17153697744537E-31,1.));
#6937=DIRECTION('center_axis',(0.,0.,-1.));
#6938=DIRECTION('ref_axis',(0.707106781186548,-0.707106781186548,0.));
#6939=DIRECTION('center_axis',(0.,0.,-1.));
#6940=DIRECTION('ref_axis',(0.707106781186548,0.707106781186548,0.));
#6941=DIRECTION('center_axis',(-1.,0.,0.));
#6942=DIRECTION('ref_axis',(0.,0.,1.));
#6943=DIRECTION('',(0.,1.,0.));
#6944=DIRECTION('',(0.,0.,1.));
#6945=DIRECTION('center_axis',(1.,0.,-8.41078040492874E-16));
#6946=DIRECTION('ref_axis',(-8.41078040492874E-16,0.,-1.));
#6947=DIRECTION('',(-8.41078040492874E-16,0.,-1.));
#6948=DIRECTION('',(0.,1.,0.));
#6949=DIRECTION('center_axis',(0.,1.,0.));
#6950=DIRECTION('ref_axis',(2.22044602690196E-15,0.,1.));
#6951=DIRECTION('center_axis',(0.,1.,0.));
#6952=DIRECTION('ref_axis',(2.22044602690196E-15,0.,1.));
#6953=DIRECTION('',(0.,1.,0.));
#6954=DIRECTION('center_axis',(0.,0.,1.));
#6955=DIRECTION('ref_axis',(1.,0.,0.));
#6956=DIRECTION('',(1.,0.,0.));
#6957=DIRECTION('',(0.,1.,0.));
#6958=DIRECTION('center_axis',(0.,1.,0.));
#6959=DIRECTION('ref_axis',(-1.,0.,0.));
#6960=DIRECTION('center_axis',(0.,1.,0.));
#6961=DIRECTION('ref_axis',(-1.,0.,0.));
#6962=DIRECTION('center_axis',(0.,-1.,0.));
#6963=DIRECTION('ref_axis',(1.,0.,0.));
#6964=DIRECTION('',(0.,0.,-1.));
#6965=DIRECTION('',(-1.,0.,0.));
#6966=DIRECTION('',(0.,0.,-1.));
#6967=DIRECTION('center_axis',(0.,0.,-1.));
#6968=DIRECTION('ref_axis',(-1.,0.,0.));
#6969=DIRECTION('',(1.,0.,0.));
#6970=DIRECTION('',(0.,-1.,0.));
#6971=DIRECTION('',(0.,1.,0.));
#6972=DIRECTION('center_axis',(0.,1.,0.));
#6973=DIRECTION('ref_axis',(-1.,0.,0.));
#6974=DIRECTION('',(0.,0.,1.));
#6975=DIRECTION('',(0.,0.,-1.));
#6976=DIRECTION('center_axis',(1.,0.,0.));
#6977=DIRECTION('ref_axis',(0.,1.,0.));
#6978=DIRECTION('',(0.,2.58421531495559E-31,1.));
#6979=DIRECTION('center_axis',(1.85037170770859E-16,-1.,2.58421531495559E-31));
#6980=DIRECTION('ref_axis',(-3.491481338843E-15,-3.87632297243202E-31,1.));
#6981=DIRECTION('center_axis',(-1.,0.,0.));
#6982=DIRECTION('ref_axis',(0.,-1.,0.));
#6983=DIRECTION('',(0.,-4.56037996755466E-32,1.));
#6984=DIRECTION('center_axis',(1.,0.,0.));
#6985=DIRECTION('ref_axis',(-4.57150657198594E-16,1.,4.52093728120607E-32));
#6986=DIRECTION('',(0.,-1.,1.5371186756146E-30));
#6987=DIRECTION('center_axis',(1.,0.,0.));
#6988=DIRECTION('ref_axis',(4.57150657198594E-16,-1.,-4.52093728120607E-32));
#6989=DIRECTION('',(0.,4.56037996755466E-32,-1.));
#6990=DIRECTION('center_axis',(3.46128354736078E-15,1.5371186756146E-30,
1.));
#6991=DIRECTION('ref_axis',(4.440892098501E-16,-1.,0.));
#6992=DIRECTION('',(1.,4.57150657198594E-16,-3.46128354736078E-15));
#6993=DIRECTION('',(1.,4.57150657198594E-16,-3.46128354736078E-15));
#6994=DIRECTION('center_axis',(1.,4.57150657198594E-16,-3.46128354736078E-15));
#6995=DIRECTION('ref_axis',(4.57150657198594E-16,-1.,-4.52093728120607E-32));
#6996=DIRECTION('',(1.,4.57150657198594E-16,-3.46128354736078E-15));
#6997=DIRECTION('center_axis',(4.57150657198594E-16,-1.,-4.56037996755466E-32));
#6998=DIRECTION('ref_axis',(-3.491481338843E-15,-1.55052918897316E-30,-1.));
#6999=DIRECTION('center_axis',(1.,4.57150657198594E-16,-3.46128354736078E-15));
#7000=DIRECTION('ref_axis',(-4.57150657198594E-16,1.,4.52093728120607E-32));
#7001=DIRECTION('',(1.,4.57150657198594E-16,-3.46128354736078E-15));
#7002=DIRECTION('center_axis',(-4.57150657198594E-16,1.,4.56037996755466E-32));
#7003=DIRECTION('ref_axis',(3.491481338843E-15,1.55052918897316E-30,1.));
#7004=DIRECTION('center_axis',(1.,0.,0.));
#7005=DIRECTION('ref_axis',(0.,-1.,0.));
#7006=DIRECTION('',(0.,4.56037996755466E-32,-1.));
#7007=DIRECTION('',(0.,-1.,0.));
#7008=DIRECTION('',(0.,0.,-1.));
#7009=DIRECTION('',(0.,-1.,0.));
#7010=DIRECTION('',(0.,0.,-1.));
#7011=DIRECTION('',(0.,-1.,0.));
#7012=DIRECTION('',(0.,3.17153697744537E-31,1.));
#7013=DIRECTION('center_axis',(-1.,0.,0.));
#7014=DIRECTION('ref_axis',(-2.01858731750028E-16,-1.,3.16298180618758E-31));
#7015=DIRECTION('',(0.,-1.,-3.86586665200583E-31));
#7016=DIRECTION('center_axis',(-1.,0.,0.));
#7017=DIRECTION('ref_axis',(2.01858731750028E-16,1.,-3.16298180618758E-31));
#7018=DIRECTION('',(0.,-3.17153697744537E-31,-1.));
#7019=DIRECTION('',(0.,-1.,0.));
#7020=DIRECTION('',(0.,-4.56037996755466E-32,1.));
#7021=DIRECTION('center_axis',(-1.,0.,0.));
#7022=DIRECTION('ref_axis',(4.57150657198594E-16,-1.,-4.52093728120607E-32));
#7023=DIRECTION('',(0.,-1.,1.5371186756146E-30));
#7024=DIRECTION('center_axis',(-1.,0.,0.));
#7025=DIRECTION('ref_axis',(-4.57150657198594E-16,1.,4.52093728120607E-32));
#7026=DIRECTION('center_axis',(0.,1.,0.));
#7027=DIRECTION('ref_axis',(1.,0.,0.));
#7028=DIRECTION('',(8.41078040492874E-16,0.,1.));
#7029=DIRECTION('center_axis',(0.,-1.,0.));
#7030=DIRECTION('ref_axis',(1.,0.,0.));
#7031=DIRECTION('',(1.,0.,0.));
#7032=DIRECTION('center_axis',(0.,-1.,0.));
#7033=DIRECTION('ref_axis',(0.,0.,-1.));
#7034=DIRECTION('',(0.,0.,-1.));
#7035=DIRECTION('',(1.,0.,0.));
#7036=DIRECTION('',(0.,0.,-1.));
#7037=DIRECTION('',(1.,0.,0.));
#7038=DIRECTION('',(1.,0.,0.));
#7039=DIRECTION('center_axis',(-1.,0.,0.));
#7040=DIRECTION('ref_axis',(0.,1.,0.));
#7041=DIRECTION('',(0.,-3.35268268848327E-32,1.));
#7042=DIRECTION('center_axis',(1.,0.,0.));
#7043=DIRECTION('ref_axis',(3.48206312268799E-15,3.86681722659003E-31,-1.));
#7044=DIRECTION('',(0.,1.,3.86586665200583E-31));
#7045=DIRECTION('center_axis',(1.,0.,0.));
#7046=DIRECTION('ref_axis',(3.48206312268799E-15,3.86681722659003E-31,-1.));
#7047=DIRECTION('',(0.,3.35268268848327E-32,-1.));
#7048=DIRECTION('',(0.,1.,0.));
#7049=DIRECTION('',(0.,2.58421531495559E-31,1.));
#7050=DIRECTION('center_axis',(1.,0.,0.));
#7051=DIRECTION('ref_axis',(-1.85037170770859E-16,1.,-2.56790659251686E-31));
#7052=DIRECTION('',(0.,1.,3.85185988877393E-31));
#7053=DIRECTION('center_axis',(1.,0.,0.));
#7054=DIRECTION('ref_axis',(1.85037170770859E-16,-1.,2.56790659251686E-31));
#7055=DIRECTION('',(0.,-2.58421531495559E-31,-1.));
#7056=DIRECTION('',(0.,1.,0.));
#7057=DIRECTION('',(0.,0.,-1.));
#7058=DIRECTION('',(0.,1.,0.));
#7059=DIRECTION('',(0.,1.,0.));
#7060=DIRECTION('center_axis',(0.,-1.,0.));
#7061=DIRECTION('ref_axis',(-1.,0.,0.));
#7062=DIRECTION('',(-1.,0.,0.));
#7063=DIRECTION('',(-1.,0.,0.));
#7064=DIRECTION('center_axis',(0.,0.,-1.));
#7065=DIRECTION('ref_axis',(-1.,0.,0.));
#7066=DIRECTION('',(1.,0.,0.));
#7067=DIRECTION('',(0.,-1.,0.));
#7068=DIRECTION('',(-1.,0.,0.));
#7069=DIRECTION('',(0.,1.,0.));
#7070=DIRECTION('center_axis',(0.,1.,0.));
#7071=DIRECTION('ref_axis',(1.,0.,0.));
#7072=DIRECTION('',(0.,1.,0.));
#7073=DIRECTION('center_axis',(0.,-1.,0.));
#7074=DIRECTION('ref_axis',(0.707106781186548,0.,-0.707106781186547));
#7075=DIRECTION('',(0.,1.,0.));
#7076=DIRECTION('center_axis',(1.,0.,-8.41078040492874E-16));
#7077=DIRECTION('ref_axis',(-8.41078040492874E-16,0.,-1.));
#7078=DIRECTION('',(0.,-1.,0.));
#7079=DIRECTION('',(8.41078040492874E-16,0.,1.));
#7080=DIRECTION('center_axis',(0.,0.,-1.));
#7081=DIRECTION('ref_axis',(-1.,0.,0.));
#7082=DIRECTION('',(1.,4.57150657198594E-16,0.));
#7083=DIRECTION('center_axis',(0.,0.,-1.));
#7084=DIRECTION('ref_axis',(0.70710678118654,-0.707106781186555,0.));
#7085=DIRECTION('',(0.,1.,0.));
#7086=DIRECTION('center_axis',(0.,0.,-1.));
#7087=DIRECTION('ref_axis',(0.707106781186548,0.707106781186548,0.));
#7088=DIRECTION('',(-1.,0.,0.));
#7089=DIRECTION('center_axis',(0.,0.,-1.));
#7090=DIRECTION('ref_axis',(-0.707106781186548,0.707106781186548,7.8504622934189E-16));
#7091=DIRECTION('center_axis',(-4.57150657198594E-16,1.,4.56037996755466E-32));
#7092=DIRECTION('ref_axis',(3.491481338843E-15,1.55052918897316E-30,1.));
#7093=DIRECTION('',(1.,4.57150657198594E-16,-3.46128354736078E-15));
#7094=DIRECTION('',(0.,4.56037996755466E-32,-1.));
#7095=DIRECTION('center_axis',(1.,4.57150657198594E-16,-3.46128354736078E-15));
#7096=DIRECTION('ref_axis',(-4.57150657198594E-16,1.,4.52093728120607E-32));
#7097=DIRECTION('',(1.,4.57150657198594E-16,-3.46128354736078E-15));
#7098=DIRECTION('center_axis',(-1.,0.,0.));
#7099=DIRECTION('ref_axis',(0.,0.707106781186547,-0.707106781186548));
#7100=DIRECTION('center_axis',(-3.46128354736078E-15,-1.5371186756146E-30,
-1.));
#7101=DIRECTION('ref_axis',(-4.440892098501E-16,1.,0.));
#7102=DIRECTION('',(1.,4.57150657198594E-16,-3.46128354736078E-15));
#7103=DIRECTION('',(0.,-1.,1.5371186756146E-30));
#7104=DIRECTION('center_axis',(1.,4.57150657198594E-16,-3.46128354736078E-15));
#7105=DIRECTION('ref_axis',(4.57150657198594E-16,-1.,-4.52093728120607E-32));
#7106=DIRECTION('',(1.,4.57150657198594E-16,-3.46128354736078E-15));
#7107=DIRECTION('center_axis',(-1.,0.,0.));
#7108=DIRECTION('ref_axis',(0.,-0.707106781186547,-0.707106781186548));
#7109=DIRECTION('center_axis',(4.57150657198594E-16,-1.,-4.56037996755466E-32));
#7110=DIRECTION('ref_axis',(-3.491481338843E-15,-1.55052918897316E-30,-1.));
#7111=DIRECTION('',(-1.,-4.57150657198594E-16,0.));
#7112=DIRECTION('',(0.,-4.56037996755466E-32,1.));
#7113=DIRECTION('center_axis',(0.,0.,-1.));
#7114=DIRECTION('ref_axis',(-1.,0.,0.));
#7115=DIRECTION('',(1.,-2.01858731750028E-16,0.));
#7116=DIRECTION('center_axis',(0.,0.,-1.));
#7117=DIRECTION('ref_axis',(0.707106781186551,-0.707106781186544,0.));
#7118=DIRECTION('',(0.,1.,0.));
#7119=DIRECTION('center_axis',(0.,0.,-1.));
#7120=DIRECTION('ref_axis',(0.707106781186552,0.707106781186543,0.));
#7121=DIRECTION('center_axis',(2.01858731750028E-16,1.,-3.17153697744537E-31));
#7122=DIRECTION('ref_axis',(3.491481338843E-15,-3.87632297243202E-31,1.));
#7123=DIRECTION('',(1.,-2.01858731750028E-16,-3.48206312268799E-15));
#7124=DIRECTION('',(0.,-3.17153697744537E-31,-1.));
#7125=DIRECTION('center_axis',(1.,-2.01858731750028E-16,-3.48206312268799E-15));
#7126=DIRECTION('ref_axis',(2.01858731750028E-16,1.,-3.16298180618758E-31));
#7127=DIRECTION('',(1.,-2.01858731750028E-16,-3.48206312268799E-15));
#7128=DIRECTION('center_axis',(-1.,0.,0.));
#7129=DIRECTION('ref_axis',(0.,0.707106781186547,-0.707106781186548));
#7130=DIRECTION('center_axis',(-3.48206312268799E-15,3.86586665200583E-31,
-1.));
#7131=DIRECTION('ref_axis',(1.110223024625E-16,1.,0.));
#7132=DIRECTION('',(1.,-2.01858731750028E-16,-3.48206312268799E-15));
#7133=DIRECTION('center_axis',(-3.48206312268799E-15,3.86586665200583E-31,
-1.));
#7134=DIRECTION('ref_axis',(0.999315564347848,-0.0369919295541785,-3.47967987454378E-15));
#7135=DIRECTION('',(0.,-1.,-3.86586665200583E-31));
#7136=DIRECTION('center_axis',(1.,-2.01858731750028E-16,-3.48206312268799E-15));
#7137=DIRECTION('ref_axis',(-2.01858731750028E-16,-1.,3.16298180618758E-31));
#7138=DIRECTION('',(1.,-2.01858731750028E-16,-3.48206312268799E-15));
#7139=DIRECTION('center_axis',(-2.01858731750028E-16,-1.,3.17153697744537E-31));
#7140=DIRECTION('ref_axis',(-3.491481338843E-15,3.87632297243202E-31,-1.));
#7141=DIRECTION('',(-1.,2.01858731750028E-16,0.));
#7142=DIRECTION('',(1.04223233917835E-31,3.17153697744537E-31,1.));
#7143=DIRECTION('center_axis',(0.,0.,-1.));
#7144=DIRECTION('ref_axis',(-1.,0.,0.));
#7145=DIRECTION('',(-1.,-1.85037170770859E-16,0.));
#7146=DIRECTION('center_axis',(0.,0.,-1.));
#7147=DIRECTION('ref_axis',(-0.807335640099832,0.590092504802929,-2.18966966528291E-31));
#7148=DIRECTION('center_axis',(0.,0.,-1.));
#7149=DIRECTION('ref_axis',(-0.707106781186548,-0.707106781186548,0.));
#7150=DIRECTION('',(1.,0.,0.));
#7151=DIRECTION('center_axis',(0.,0.,-1.));
#7152=DIRECTION('ref_axis',(0.707106781186548,-0.707106781186548,0.));
#7153=DIRECTION('center_axis',(0.,0.,-1.));
#7154=DIRECTION('ref_axis',(0.809998592094291,0.586431821105631,-2.70409693275675E-31));
#7155=DIRECTION('center_axis',(0.,-1.,0.));
#7156=DIRECTION('ref_axis',(1.,0.,0.));
#7157=DIRECTION('',(0.,0.,1.));
#7158=DIRECTION('',(-1.,0.,0.));
#7159=DIRECTION('',(0.,0.,1.));
#7160=DIRECTION('center_axis',(1.,0.,0.));
#7161=DIRECTION('ref_axis',(0.,1.,0.));
#7162=DIRECTION('',(0.,0.,1.));
#7163=DIRECTION('',(0.,-1.,0.));
#7164=DIRECTION('center_axis',(0.689655172413811,0.724137931034465,0.));
#7165=DIRECTION('ref_axis',(0.724137931034465,-0.689655172413811,0.));
#7166=DIRECTION('',(-0.724137931034465,0.689655172413811,0.));
#7167=DIRECTION('',(0.,0.,-1.));
#7168=DIRECTION('',(0.724137931034465,-0.689655172413811,0.));
#7169=DIRECTION('',(0.,0.,-1.));
#7170=DIRECTION('center_axis',(-1.,0.,0.));
#7171=DIRECTION('ref_axis',(0.,1.,0.));
#7172=DIRECTION('',(0.,-1.,0.));
#7173=DIRECTION('',(0.,1.,0.));
#7174=DIRECTION('',(0.,0.,-1.));
#7175=DIRECTION('center_axis',(-0.689655172415711,-0.724137931032656,0.));
#7176=DIRECTION('ref_axis',(-0.724137931032656,0.689655172415711,0.));
#7177=DIRECTION('',(0.724137931032656,-0.689655172415711,0.));
#7178=DIRECTION('',(-0.724137931032656,0.689655172415711,0.));
#7179=DIRECTION('',(0.,0.,-1.));
#7180=DIRECTION('center_axis',(0.,-1.,0.));
#7181=DIRECTION('ref_axis',(-1.,0.,0.));
#7182=DIRECTION('',(1.,0.,0.));
#7183=DIRECTION('',(-1.,0.,0.));
#7184=DIRECTION('center_axis',(0.,-1.,0.));
#7185=DIRECTION('ref_axis',(-1.,0.,0.));
#7186=DIRECTION('',(1.,0.,0.));
#7187=DIRECTION('',(0.,0.,-1.));
#7188=DIRECTION('',(-1.,0.,0.));
#7189=DIRECTION('',(0.,0.,-1.));
#7190=DIRECTION('center_axis',(1.,0.,0.));
#7191=DIRECTION('ref_axis',(0.,-1.,0.));
#7192=DIRECTION('',(0.,1.,0.));
#7193=DIRECTION('',(0.,-1.,0.));
#7194=DIRECTION('',(0.,0.,-1.));
#7195=DIRECTION('center_axis',(0.689655172413793,0.724137931034483,0.));
#7196=DIRECTION('ref_axis',(0.724137931034483,-0.689655172413793,0.));
#7197=DIRECTION('',(-0.724137931034483,0.689655172413793,0.));
#7198=DIRECTION('',(0.724137931034483,-0.689655172413793,0.));
#7199=DIRECTION('',(0.,0.,-1.));
#7200=DIRECTION('center_axis',(0.,1.,0.));
#7201=DIRECTION('ref_axis',(1.,0.,0.));
#7202=DIRECTION('',(-1.,0.,0.));
#7203=DIRECTION('',(1.,0.,0.));
#7204=DIRECTION('',(0.,0.,-1.));
#7205=DIRECTION('center_axis',(-1.,0.,0.));
#7206=DIRECTION('ref_axis',(0.,1.,0.));
#7207=DIRECTION('',(0.,-1.,0.));
#7208=DIRECTION('',(0.,1.,0.));
#7209=DIRECTION('',(0.,0.,-1.));
#7210=DIRECTION('center_axis',(-0.689655172413793,-0.724137931034483,0.));
#7211=DIRECTION('ref_axis',(-0.724137931034483,0.689655172413793,0.));
#7212=DIRECTION('',(0.724137931034483,-0.689655172413793,0.));
#7213=DIRECTION('',(-0.724137931034483,0.689655172413793,0.));
#7214=DIRECTION('center_axis',(0.689655172411875,0.72413793103631,0.));
#7215=DIRECTION('ref_axis',(0.72413793103631,-0.689655172411875,0.));
#7216=DIRECTION('',(-0.72413793103631,0.689655172411875,0.));
#7217=DIRECTION('',(0.,0.,-1.));
#7218=DIRECTION('',(0.72413793103631,-0.689655172411875,0.));
#7219=DIRECTION('',(0.,0.,-1.));
#7220=DIRECTION('center_axis',(-5.10447367643541E-16,1.,0.));
#7221=DIRECTION('ref_axis',(1.,5.10447367643541E-16,0.));
#7222=DIRECTION('',(-1.,-5.10447367643541E-16,0.));
#7223=DIRECTION('',(1.,5.10447367643541E-16,0.));
#7224=DIRECTION('',(0.,0.,-1.));
#7225=DIRECTION('center_axis',(-0.689655172413775,-0.7241379310345,0.));
#7226=DIRECTION('ref_axis',(-0.7241379310345,0.689655172413775,0.));
#7227=DIRECTION('',(0.7241379310345,-0.689655172413775,0.));
#7228=DIRECTION('',(-0.7241379310345,0.689655172413775,0.));
#7229=DIRECTION('',(0.,0.,-1.));
#7230=DIRECTION('center_axis',(1.,0.,0.));
#7231=DIRECTION('ref_axis',(0.,-1.,0.));
#7232=DIRECTION('',(0.,1.,0.));
#7233=DIRECTION('',(0.,-1.,0.));
#7234=DIRECTION('center_axis',(0.689655172413794,0.724137931034482,0.));
#7235=DIRECTION('ref_axis',(0.724137931034482,-0.689655172413794,0.));
#7236=DIRECTION('',(-0.724137931034482,0.689655172413794,0.));
#7237=DIRECTION('',(0.,0.,-1.));
#7238=DIRECTION('',(0.724137931034482,-0.689655172413794,0.));
#7239=DIRECTION('',(0.,0.,-1.));
#7240=DIRECTION('center_axis',(0.,1.,0.));
#7241=DIRECTION('ref_axis',(1.,0.,0.));
#7242=DIRECTION('',(-1.,0.,0.));
#7243=DIRECTION('',(1.,0.,0.));
#7244=DIRECTION('',(0.,0.,-1.));
#7245=DIRECTION('center_axis',(-0.689655172413793,-0.724137931034483,0.));
#7246=DIRECTION('ref_axis',(-0.724137931034483,0.689655172413793,0.));
#7247=DIRECTION('',(0.724137931034483,-0.689655172413793,0.));
#7248=DIRECTION('',(-0.724137931034483,0.689655172413793,0.));
#7249=DIRECTION('',(0.,0.,-1.));
#7250=DIRECTION('center_axis',(1.,0.,0.));
#7251=DIRECTION('ref_axis',(0.,-1.,0.));
#7252=DIRECTION('',(0.,1.,0.));
#7253=DIRECTION('',(0.,-1.,0.));
#7254=DIRECTION('center_axis',(0.689655172413844,0.724137931034434,0.));
#7255=DIRECTION('ref_axis',(0.724137931034434,-0.689655172413844,0.));
#7256=DIRECTION('',(-0.724137931034434,0.689655172413844,0.));
#7257=DIRECTION('',(0.,0.,-1.));
#7258=DIRECTION('',(0.724137931034434,-0.689655172413844,0.));
#7259=DIRECTION('',(0.,0.,-1.));
#7260=DIRECTION('center_axis',(0.,1.,0.));
#7261=DIRECTION('ref_axis',(1.,0.,0.));
#7262=DIRECTION('',(-1.,0.,0.));
#7263=DIRECTION('',(1.,0.,0.));
#7264=DIRECTION('',(0.,0.,-1.));
#7265=DIRECTION('center_axis',(-0.689655172413793,-0.724137931034483,0.));
#7266=DIRECTION('ref_axis',(-0.724137931034483,0.689655172413793,0.));
#7267=DIRECTION('',(0.724137931034483,-0.689655172413793,0.));
#7268=DIRECTION('',(-0.724137931034483,0.689655172413793,0.));
#7269=DIRECTION('',(0.,0.,-1.));
#7270=DIRECTION('center_axis',(1.,0.,0.));
#7271=DIRECTION('ref_axis',(0.,-1.,0.));
#7272=DIRECTION('',(0.,1.,0.));
#7273=DIRECTION('',(0.,-1.,0.));
#7274=DIRECTION('center_axis',(0.689655172413793,0.724137931034483,0.));
#7275=DIRECTION('ref_axis',(0.724137931034483,-0.689655172413793,0.));
#7276=DIRECTION('',(-0.724137931034483,0.689655172413793,0.));
#7277=DIRECTION('',(0.,0.,-1.));
#7278=DIRECTION('',(0.724137931034483,-0.689655172413793,0.));
#7279=DIRECTION('',(0.,0.,-1.));
#7280=DIRECTION('center_axis',(-1.,0.,0.));
#7281=DIRECTION('ref_axis',(0.,1.,0.));
#7282=DIRECTION('',(0.,-1.,0.));
#7283=DIRECTION('',(0.,1.,0.));
#7284=DIRECTION('',(0.,0.,-1.));
#7285=DIRECTION('center_axis',(-0.689655172413754,-0.72413793103452,0.));
#7286=DIRECTION('ref_axis',(-0.72413793103452,0.689655172413754,0.));
#7287=DIRECTION('',(0.72413793103452,-0.689655172413754,0.));
#7288=DIRECTION('',(-0.72413793103452,0.689655172413754,0.));
#7289=DIRECTION('',(0.,0.,-1.));
#7290=DIRECTION('center_axis',(0.,-1.,0.));
#7291=DIRECTION('ref_axis',(-1.,0.,0.));
#7292=DIRECTION('',(1.,0.,0.));
#7293=DIRECTION('',(-1.,0.,0.));
#7294=DIRECTION('center_axis',(0.689655172413793,0.724137931034483,0.));
#7295=DIRECTION('ref_axis',(0.724137931034483,-0.689655172413793,0.));
#7296=DIRECTION('',(-0.724137931034483,0.689655172413793,0.));
#7297=DIRECTION('',(0.,0.,-1.));
#7298=DIRECTION('',(0.724137931034483,-0.689655172413793,0.));
#7299=DIRECTION('',(0.,0.,-1.));
#7300=DIRECTION('center_axis',(-1.,0.,0.));
#7301=DIRECTION('ref_axis',(0.,1.,0.));
#7302=DIRECTION('',(0.,-1.,0.));
#7303=DIRECTION('',(0.,1.,0.));
#7304=DIRECTION('',(0.,0.,-1.));
#7305=DIRECTION('center_axis',(-0.689655172413793,-0.724137931034483,0.));
#7306=DIRECTION('ref_axis',(-0.724137931034483,0.689655172413793,0.));
#7307=DIRECTION('',(0.724137931034483,-0.689655172413793,0.));
#7308=DIRECTION('',(-0.724137931034483,0.689655172413793,0.));
#7309=DIRECTION('',(0.,0.,-1.));
#7310=DIRECTION('center_axis',(0.,-1.,0.));
#7311=DIRECTION('ref_axis',(-1.,0.,0.));
#7312=DIRECTION('',(1.,0.,0.));
#7313=DIRECTION('',(-1.,0.,0.));
#7314=DIRECTION('center_axis',(0.,4.56037996755466E-32,-1.));
#7315=DIRECTION('ref_axis',(0.70710678118654,-0.707106781186555,0.));
#7316=DIRECTION('center_axis',(0.,0.,1.));
#7317=DIRECTION('ref_axis',(0.,-1.,0.));
#7318=DIRECTION('',(0.,-4.56037996755466E-32,1.));
#7319=DIRECTION('center_axis',(-1.,0.,0.));
#7320=DIRECTION('ref_axis',(0.,0.,1.));
#7321=DIRECTION('center_axis',(0.,1.,0.));
#7322=DIRECTION('ref_axis',(0.,0.,1.));
#7323=DIRECTION('center_axis',(1.,0.,0.));
#7324=DIRECTION('ref_axis',(0.,0.707106781186547,-0.707106781186548));
#7325=DIRECTION('center_axis',(0.,-1.,1.5371186756146E-30));
#7326=DIRECTION('ref_axis',(0.707106781186546,0.,0.707106781186549));
#7327=DIRECTION('center_axis',(0.,1.,-2.22044604925031E-15));
#7328=DIRECTION('ref_axis',(0.,2.22044604925031E-15,1.));
#7329=DIRECTION('',(0.,1.,-1.5371186756146E-30));
#7330=DIRECTION('center_axis',(-1.,0.,0.));
#7331=DIRECTION('ref_axis',(0.,0.,1.));
#7332=DIRECTION('center_axis',(0.,0.,-1.));
#7333=DIRECTION('ref_axis',(0.,1.,0.));
#7334=DIRECTION('center_axis',(1.,0.,0.));
#7335=DIRECTION('ref_axis',(0.,-0.707106781186547,-0.707106781186548));
#7336=DIRECTION('center_axis',(0.,-4.56037996755466E-32,1.));
#7337=DIRECTION('ref_axis',(0.707106781186552,0.707106781186543,0.));
#7338=DIRECTION('',(0.,4.56037996755466E-32,-1.));
#7339=DIRECTION('center_axis',(0.,-3.17153697744537E-31,-1.));
#7340=DIRECTION('ref_axis',(0.707106781186551,-0.707106781186544,0.));
#7341=DIRECTION('center_axis',(0.,0.,1.));
#7342=DIRECTION('ref_axis',(0.,-1.,0.));
#7343=DIRECTION('',(0.,3.17153697744537E-31,1.));
#7344=DIRECTION('center_axis',(-1.,0.,0.));
#7345=DIRECTION('ref_axis',(0.,0.,1.));
#7346=DIRECTION('center_axis',(0.,1.,0.));
#7347=DIRECTION('ref_axis',(0.,0.,1.));
#7348=DIRECTION('center_axis',(1.,0.,0.));
#7349=DIRECTION('ref_axis',(0.,0.707106781186547,-0.707106781186548));
#7350=DIRECTION('center_axis',(0.,-1.,-3.86586665200583E-31));
#7351=DIRECTION('ref_axis',(0.707106781186553,0.,0.707106781186543));
#7352=DIRECTION('center_axis',(0.,1.,0.));
#7353=DIRECTION('ref_axis',(0.,0.,1.));
#7354=DIRECTION('',(0.,1.,3.86586665200583E-31));
#7355=DIRECTION('center_axis',(-3.48206312268799E-15,3.86586665200583E-31,
-1.));
#7356=DIRECTION('ref_axis',(-1.,0.,3.49720252756924E-15));
#7357=DIRECTION('center_axis',(0.0788621033786622,0.996885534377289,-7.00436183530862E-16));
#7358=DIRECTION('ref_axis',(8.88178419700102E-15,0.,1.));
#7359=DIRECTION('center_axis',(3.48206312268799E-15,-3.86586665200583E-31,
1.));
#7360=DIRECTION('ref_axis',(0.999315564347848,-0.0369919295541785,-3.4781205693335E-15));
#7361=DIRECTION('center_axis',(0.,0.,-1.));
#7362=DIRECTION('ref_axis',(0.,1.,0.));
#7363=DIRECTION('center_axis',(1.04223233917835E-31,3.17153697744537E-31,
1.));
#7364=DIRECTION('ref_axis',(0.809998592094291,0.586431821105631,-2.70409693275675E-31));
#7365=DIRECTION('',(0.,0.,-1.));
#7366=DIRECTION('center_axis',(-1.,0.,0.));
#7367=DIRECTION('ref_axis',(0.,0.,1.));
#7368=DIRECTION('',(0.,0.,1.));
#7369=DIRECTION('',(0.,-1.,0.));
#7370=DIRECTION('',(0.,0.,-1.));
#7371=DIRECTION('center_axis',(0.,0.,-1.));
#7372=DIRECTION('ref_axis',(0.707106781186548,-0.707106781186548,0.));
#7373=DIRECTION('',(0.,0.,-1.));
#7374=DIRECTION('center_axis',(0.,0.,-1.));
#7375=DIRECTION('ref_axis',(0.707106781186548,-0.707106781186547,0.));
#7376=DIRECTION('center_axis',(8.23379452254171E-32,-2.58421531495559E-31,
-1.));
#7377=DIRECTION('ref_axis',(-0.807335640099832,0.590092504802929,-2.18966966528291E-31));
#7378=DIRECTION('',(8.23379452254171E-32,-2.58421531495559E-31,-1.));
#7379=DIRECTION('center_axis',(0.,0.,1.));
#7380=DIRECTION('ref_axis',(0.,1.,0.));
#7381=DIRECTION('',(0.,0.,1.));
#7382=DIRECTION('center_axis',(0.07024833654,-0.997529534005567,4.42992102558633E-15));
#7383=DIRECTION('ref_axis',(0.,4.44089209850062E-15,1.));
#7384=DIRECTION('center_axis',(3.46944695195361E-15,3.85185988877393E-31,
-1.));
#7385=DIRECTION('ref_axis',(-1.,0.,-3.46944695195362E-15));
#7386=DIRECTION('center_axis',(0.,-1.,0.));
#7387=DIRECTION('ref_axis',(-8.88178419700103E-15,0.,1.));
#7388=DIRECTION('center_axis',(-3.46944695195361E-15,-3.85185988877393E-31,
1.));
#7389=DIRECTION('ref_axis',(-0.999457107005057,-0.0329467943369763,-3.46944695195361E-15));
#7390=DIRECTION('center_axis',(3.46944695195361E-15,3.85185988877393E-31,
-1.));
#7391=DIRECTION('ref_axis',(-0.999457107005057,-0.0329467943369763,-3.46756341350707E-15));
#7392=DIRECTION('center_axis',(0.,1.,3.85185988877393E-31));
#7393=DIRECTION('ref_axis',(-0.707106781186546,0.,0.707106781186549));
#7394=DIRECTION('center_axis',(0.,-1.,0.));
#7395=DIRECTION('ref_axis',(0.,0.,1.));
#7396=DIRECTION('',(0.,-1.,-3.85185988877393E-31));
#7397=DIRECTION('',(0.,1.,3.85185988877393E-31));
#7398=DIRECTION('center_axis',(1.,0.,0.));
#7399=DIRECTION('ref_axis',(0.,0.,-1.));
#7400=DIRECTION('center_axis',(0.,0.,-1.));
#7401=DIRECTION('ref_axis',(0.,-1.,0.));
#7402=DIRECTION('center_axis',(-1.,0.,0.));
#7403=DIRECTION('ref_axis',(0.,0.707106781186547,-0.707106781186548));
#7404=DIRECTION('center_axis',(1.,0.,0.));
#7405=DIRECTION('ref_axis',(0.,0.707106781186547,-0.707106781186548));
#7406=DIRECTION('center_axis',(0.,2.58421531495559E-31,1.));
#7407=DIRECTION('ref_axis',(-0.707106781186552,-0.707106781186543,0.));
#7408=DIRECTION('center_axis',(0.,0.,-1.));
#7409=DIRECTION('ref_axis',(-0.707106781186552,-0.707106781186543,0.));
#7410=DIRECTION('',(0.,-2.58421531495559E-31,-1.));
#7411=DIRECTION('',(0.,2.58421531495559E-31,1.));
#7412=DIRECTION('center_axis',(-1.85037170770859E-16,1.,-2.58421531495559E-31));
#7413=DIRECTION('ref_axis',(3.491481338843E-15,3.87632297243202E-31,-1.));
#7414=DIRECTION('',(1.,1.85037170770859E-16,0.));
#7415=DIRECTION('',(-1.,-1.85037170770859E-16,-3.46944695195361E-15));
#7416=DIRECTION('center_axis',(-1.,-1.85037170770859E-16,-3.46944695195361E-15));
#7417=DIRECTION('ref_axis',(-1.85037170770859E-16,1.,-2.56790659251686E-31));
#7418=DIRECTION('',(-1.,-1.85037170770859E-16,-3.46944695195361E-15));
#7419=DIRECTION('center_axis',(3.46944695195361E-15,3.85185988877393E-31,
-1.));
#7420=DIRECTION('ref_axis',(1.110223024625E-16,-1.,0.));
#7421=DIRECTION('',(-1.,-1.85037170770859E-16,-3.46944695195361E-15));
#7422=DIRECTION('center_axis',(-1.,-1.85037170770859E-16,-3.46944695195361E-15));
#7423=DIRECTION('ref_axis',(1.85037170770859E-16,-1.,2.56790659251686E-31));
#7424=DIRECTION('',(-1.,-1.85037170770859E-16,-3.46944695195361E-15));
#7425=DIRECTION('center_axis',(1.85037170770859E-16,-1.,2.58421531495559E-31));
#7426=DIRECTION('ref_axis',(-3.491481338843E-15,-3.87632297243202E-31,1.));
#7427=DIRECTION('center_axis',(0.,3.35268268848327E-32,-1.));
#7428=DIRECTION('ref_axis',(-0.707106781186541,0.707106781186554,0.));
#7429=DIRECTION('center_axis',(0.,0.,-1.));
#7430=DIRECTION('ref_axis',(-0.707106781186541,0.707106781186554,0.));
#7431=DIRECTION('',(0.,3.35268268848327E-32,-1.));
#7432=DIRECTION('center_axis',(0.,0.,1.));
#7433=DIRECTION('ref_axis',(0.,1.,0.));
#7434=DIRECTION('',(0.,-3.35268268848327E-32,1.));
#7435=DIRECTION('center_axis',(1.,0.,0.));
#7436=DIRECTION('ref_axis',(0.,0.,-1.));
#7437=DIRECTION('center_axis',(0.,-1.,-1.11022302462516E-15));
#7438=DIRECTION('ref_axis',(0.,-1.11022302462516E-15,1.));
#7439=DIRECTION('center_axis',(-1.,0.,0.));
#7440=DIRECTION('ref_axis',(0.,-0.707106781186546,-0.707106781186549));
#7441=DIRECTION('center_axis',(1.,0.,0.));
#7442=DIRECTION('ref_axis',(0.,-0.707106781186546,-0.707106781186549));
#7443=DIRECTION('center_axis',(0.,1.,3.86586665200583E-31));
#7444=DIRECTION('ref_axis',(-0.70710678118654,0.,0.707106781186555));
#7445=DIRECTION('center_axis',(0.,-1.,2.22044604925031E-15));
#7446=DIRECTION('ref_axis',(0.,2.22044604925031E-15,1.));
#7447=DIRECTION('',(0.,-1.,-3.86586665200583E-31));
#7448=DIRECTION('',(0.,1.,3.86586665200583E-31));
#7449=DIRECTION('center_axis',(1.,0.,0.));
#7450=DIRECTION('ref_axis',(0.,0.,-1.));
#7451=DIRECTION('center_axis',(0.,0.,-1.));
#7452=DIRECTION('ref_axis',(0.,-1.,0.));
#7453=DIRECTION('center_axis',(-1.,0.,0.));
#7454=DIRECTION('ref_axis',(0.,0.707106781186545,-0.70710678118655));
#7455=DIRECTION('center_axis',(1.,0.,0.));
#7456=DIRECTION('ref_axis',(0.,0.707106781186545,-0.70710678118655));
#7457=DIRECTION('center_axis',(0.,-3.35268268848327E-32,1.));
#7458=DIRECTION('ref_axis',(-0.707106781186538,-0.707106781186557,0.));
#7459=DIRECTION('center_axis',(0.,0.,-1.));
#7460=DIRECTION('ref_axis',(-0.707106781186538,-0.707106781186557,0.));
#7461=DIRECTION('',(0.,3.35268268848327E-32,-1.));
#7462=DIRECTION('',(0.,-3.35268268848327E-32,1.));
#7463=DIRECTION('center_axis',(1.,0.,0.));
#7464=DIRECTION('ref_axis',(0.,0.,-1.));
#7465=DIRECTION('',(0.,-1.,0.));
#7466=DIRECTION('',(0.,-1.,0.));
#7467=DIRECTION('',(0.,0.,1.));
#7468=DIRECTION('',(0.,1.,0.));
#7469=DIRECTION('',(0.,0.,-1.));
#7470=DIRECTION('center_axis',(0.,0.,-1.));
#7471=DIRECTION('ref_axis',(-1.,0.,0.));
#7472=DIRECTION('',(0.,1.,0.));
#7473=DIRECTION('center_axis',(0.,0.,-1.));
#7474=DIRECTION('ref_axis',(0.707106781186549,0.707106781186546,0.));
#7475=DIRECTION('',(-1.,0.,0.));
#7476=DIRECTION('center_axis',(0.,0.,-1.));
#7477=DIRECTION('ref_axis',(-0.707106781186548,0.707106781186547,0.));
#7478=DIRECTION('',(1.,1.00929365875014E-16,0.));
#7479=DIRECTION('center_axis',(-8.41078040492874E-16,0.,-1.));
#7480=DIRECTION('ref_axis',(-0.707106781186548,0.707106781186548,7.8504622934189E-16));
#7481=DIRECTION('',(-8.41078040492874E-16,0.,-1.));
#7482=DIRECTION('center_axis',(1.11022302462516E-15,0.,1.));
#7483=DIRECTION('ref_axis',(0.,1.,0.));
#7484=DIRECTION('center_axis',(0.,1.,0.));
#7485=DIRECTION('ref_axis',(0.,0.,1.));
#7486=DIRECTION('center_axis',(1.,0.,0.));
#7487=DIRECTION('ref_axis',(0.,1.,0.));
#7488=DIRECTION('center_axis',(0.,1.,0.));
#7489=DIRECTION('ref_axis',(0.707106781186548,0.,-0.707106781186547));
#7490=DIRECTION('center_axis',(-1.,0.,0.));
#7491=DIRECTION('ref_axis',(0.,0.707106781186546,0.707106781186549));
#7492=DIRECTION('center_axis',(1.,0.,0.));
#7493=DIRECTION('ref_axis',(0.,1.,0.));
#7494=DIRECTION('',(1.,0.,0.));
#7495=DIRECTION('',(-1.,0.,0.));
#7496=DIRECTION('center_axis',(0.,1.,0.));
#7497=DIRECTION('ref_axis',(0.,0.,1.));
#7498=DIRECTION('center_axis',(0.,0.,-1.));
#7499=DIRECTION('ref_axis',(0.,1.,0.));
#7500=DIRECTION('center_axis',(0.,-1.,0.));
#7501=DIRECTION('ref_axis',(-0.707106781186547,0.,-0.707106781186547));
#7502=DIRECTION('center_axis',(0.,1.,0.));
#7503=DIRECTION('ref_axis',(-0.707106781186548,0.,-0.707106781186548));
#7504=DIRECTION('center_axis',(0.,0.,1.));
#7505=DIRECTION('ref_axis',(0.707106781186549,0.707106781186546,0.));
#7506=DIRECTION('',(0.,0.,-1.));
#7507=DIRECTION('',(0.,0.,1.));
#7508=DIRECTION('center_axis',(0.,0.,-1.));
#7509=DIRECTION('ref_axis',(-1.,0.,0.));
#7510=DIRECTION('',(0.,1.,0.));
#7511=DIRECTION('center_axis',(0.,1.,0.));
#7512=DIRECTION('ref_axis',(0.,0.,-1.));
#7513=DIRECTION('',(0.,1.,0.));
#7514=DIRECTION('center_axis',(-1.,0.,0.));
#7515=DIRECTION('ref_axis',(0.,0.,1.));
#7516=DIRECTION('center_axis',(0.,0.,1.));
#7517=DIRECTION('ref_axis',(1.,0.,0.));
#7518=DIRECTION('center_axis',(1.11022302462516E-15,1.,0.));
#7519=DIRECTION('ref_axis',(1.,-1.11022302462516E-15,0.));
#7520=DIRECTION('center_axis',(0.,0.,1.));
#7521=DIRECTION('ref_axis',(0.707106781186548,0.707106781186547,0.));
#7522=DIRECTION('center_axis',(1.,1.11022302462516E-15,0.));
#7523=DIRECTION('ref_axis',(0.,0.,-1.));
#7524=DIRECTION('center_axis',(0.,0.,-1.));
#7525=DIRECTION('ref_axis',(0.707106781186548,0.707106781186547,0.));
#7526=DIRECTION('center_axis',(1.,0.,0.));
#7527=DIRECTION('ref_axis',(0.,0.707106781186548,-0.707106781186547));
#7528=DIRECTION('center_axis',(1.,0.,0.));
#7529=DIRECTION('ref_axis',(0.,0.,-1.));
#7530=DIRECTION('',(1.,0.,0.));
#7531=DIRECTION('',(-1.,0.,0.));
#7532=DIRECTION('center_axis',(0.,0.,1.));
#7533=DIRECTION('ref_axis',(1.,0.,0.));
#7534=DIRECTION('center_axis',(0.,1.,0.));
#7535=DIRECTION('ref_axis',(0.,0.,-1.));
#7536=DIRECTION('center_axis',(0.,0.,-1.));
#7537=DIRECTION('ref_axis',(-0.707106781186548,0.707106781186547,0.));
#7538=DIRECTION('center_axis',(0.,0.,1.));
#7539=DIRECTION('ref_axis',(-0.707106781186548,0.707106781186547,0.));
#7540=DIRECTION('center_axis',(0.,1.,0.));
#7541=DIRECTION('ref_axis',(-0.707106781186548,0.,-0.707106781186547));
#7542=DIRECTION('center_axis',(0.,1.,0.));
#7543=DIRECTION('ref_axis',(0.,0.,-1.));
#7544=DIRECTION('',(0.,-1.,0.));
#7545=DIRECTION('center_axis',(0.,0.,1.));
#7546=DIRECTION('ref_axis',(1.,0.,0.));
#7547=DIRECTION('center_axis',(-1.,-1.11022302462516E-15,0.));
#7548=DIRECTION('ref_axis',(0.,0.,-1.));
#7549=DIRECTION('center_axis',(0.,0.,-1.));
#7550=DIRECTION('ref_axis',(-0.707106781186548,-0.707106781186547,0.));
#7551=DIRECTION('center_axis',(0.,0.,1.));
#7552=DIRECTION('ref_axis',(-0.707106781186548,-0.707106781186547,0.));
#7553=DIRECTION('center_axis',(-1.,0.,0.));
#7554=DIRECTION('ref_axis',(0.,-0.707106781186548,-0.707106781186547));
#7555=DIRECTION('center_axis',(-1.,0.,0.));
#7556=DIRECTION('ref_axis',(0.,0.,-1.));
#7557=DIRECTION('',(-1.,0.,0.));
#7558=DIRECTION('',(1.,0.,0.));
#7559=DIRECTION('center_axis',(0.,0.,1.));
#7560=DIRECTION('ref_axis',(1.,0.,0.));
#7561=DIRECTION('center_axis',(1.11022302462516E-15,-1.,0.));
#7562=DIRECTION('ref_axis',(0.,0.,-1.));
#7563=DIRECTION('center_axis',(0.,0.,1.));
#7564=DIRECTION('ref_axis',(0.707106781186548,-0.707106781186547,0.));
#7565=DIRECTION('center_axis',(0.,-1.,0.));
#7566=DIRECTION('ref_axis',(0.707106781186548,0.,-0.707106781186547));
#7567=DIRECTION('',(0.,1.,0.));
#7568=DIRECTION('center_axis',(0.,1.,0.));
#7569=DIRECTION('ref_axis',(0.,0.,1.));
#7570=DIRECTION('',(0.,0.,1.));
#7571=DIRECTION('center_axis',(0.,0.,-1.));
#7572=DIRECTION('ref_axis',(0.707106781186548,0.707106781186548,0.));
#7573=DIRECTION('',(0.,0.,1.));
#7574=DIRECTION('center_axis',(0.,0.,-1.));
#7575=DIRECTION('ref_axis',(-1.,0.,0.));
#7576=DIRECTION('center_axis',(-1.,-1.00929365875014E-16,-3.48206312268799E-15));
#7577=DIRECTION('ref_axis',(3.48206312268799E-15,3.86681722659003E-31,-1.));
#7578=DIRECTION('',(-1.,-1.00929365875014E-16,-3.48206312268799E-15));
#7579=DIRECTION('',(-1.,-1.00929365875014E-16,-3.48206312268799E-15));
#7580=DIRECTION('center_axis',(3.48206312268799E-15,3.86586665200583E-31,
-1.));
#7581=DIRECTION('ref_axis',(1.110223024625E-16,-1.,0.));
#7582=DIRECTION('',(-1.,-1.00929365875014E-16,-3.48206312268799E-15));
#7583=DIRECTION('center_axis',(1.00929365875014E-16,-1.,-3.35268268848327E-32));
#7584=DIRECTION('ref_axis',(-3.321810911445E-15,-3.6879509573368E-31,1.));
#7585=DIRECTION('',(-1.,-1.00929365875014E-16,-3.48206312268799E-15));
#7586=DIRECTION('',(-1.,-1.00929365875014E-16,0.));
#7587=DIRECTION('center_axis',(-1.,-1.00929365875014E-16,-3.48206312268799E-15));
#7588=DIRECTION('ref_axis',(3.48206312268799E-15,3.86681722659003E-31,-1.));
#7589=DIRECTION('center_axis',(-1.00929365875014E-16,1.,3.35268268848327E-32));
#7590=DIRECTION('ref_axis',(3.321810911445E-15,3.6879509573368E-31,-1.));
#7591=DIRECTION('center_axis',(0.,1.,0.));
#7592=DIRECTION('ref_axis',(1.,0.,0.));
#7593=DIRECTION('',(0.,0.,-1.));
#7594=DIRECTION('center_axis',(0.,0.,1.));
#7595=DIRECTION('ref_axis',(-0.707106781186548,0.707106781186547,0.));
#7596=DIRECTION('center_axis',(0.,1.,0.));
#7597=DIRECTION('ref_axis',(-1.,0.,0.));
#7598=DIRECTION('',(0.,0.,1.));
#7599=DIRECTION('',(1.,0.,0.));
#7600=DIRECTION('center_axis',(0.,0.,1.));
#7601=DIRECTION('ref_axis',(1.,0.,0.));
#7602=DIRECTION('',(0.,1.,0.));
#7603=DIRECTION('center_axis',(0.,0.,-1.));
#7604=DIRECTION('ref_axis',(-1.,0.,0.));
#7605=DIRECTION('center_axis',(0.,0.,-1.));
#7606=DIRECTION('ref_axis',(-0.707106781186548,-0.707106781186548,0.));
#7607=DIRECTION('center_axis',(-1.,0.,0.));
#7608=DIRECTION('ref_axis',(0.,-1.,0.));
#7609=DIRECTION('center_axis',(-0.689655172413754,-0.72413793103452,0.));
#7610=DIRECTION('ref_axis',(-0.72413793103452,0.689655172413754,0.));
#7611=DIRECTION('',(-0.72413793103452,0.689655172413754,0.));
#7612=DIRECTION('',(0.,0.,-1.));
#7613=DIRECTION('',(-0.72413793103452,0.689655172413754,0.));
#7614=DIRECTION('',(0.,0.,-1.));
#7615=DIRECTION('center_axis',(0.,-1.,0.));
#7616=DIRECTION('ref_axis',(-1.,0.,0.));
#7617=DIRECTION('',(-1.,0.,0.));
#7618=DIRECTION('',(-1.,0.,0.));
#7619=DIRECTION('',(0.,0.,-1.));
#7620=DIRECTION('center_axis',(0.689655172413793,0.724137931034483,0.));
#7621=DIRECTION('ref_axis',(0.724137931034483,-0.689655172413793,0.));
#7622=DIRECTION('',(0.724137931034483,-0.689655172413793,0.));
#7623=DIRECTION('',(0.724137931034483,-0.689655172413793,0.));
#7624=DIRECTION('',(0.,0.,-1.));
#7625=DIRECTION('center_axis',(-1.,0.,0.));
#7626=DIRECTION('ref_axis',(0.,1.,0.));
#7627=DIRECTION('',(0.,1.,0.));
#7628=DIRECTION('',(0.,1.,0.));
#7629=DIRECTION('center_axis',(0.,0.,1.));
#7630=DIRECTION('ref_axis',(-1.,0.,0.));
#7631=DIRECTION('center_axis',(0.,0.,-1.));
#7632=DIRECTION('ref_axis',(-1.,0.,0.));
#7633=DIRECTION('center_axis',(-0.689655172413793,-0.724137931034483,0.));
#7634=DIRECTION('ref_axis',(-0.724137931034483,0.689655172413793,0.));
#7635=DIRECTION('',(-0.724137931034483,0.689655172413793,0.));
#7636=DIRECTION('',(0.,0.,-1.));
#7637=DIRECTION('',(-0.724137931034483,0.689655172413793,0.));
#7638=DIRECTION('',(0.,0.,-1.));
#7639=DIRECTION('center_axis',(1.,0.,0.));
#7640=DIRECTION('ref_axis',(0.,-1.,0.));
#7641=DIRECTION('',(0.,-1.,0.));
#7642=DIRECTION('',(0.,-1.,0.));
#7643=DIRECTION('',(0.,0.,-1.));
#7644=DIRECTION('center_axis',(0.689655172413794,0.724137931034482,0.));
#7645=DIRECTION('ref_axis',(0.724137931034482,-0.689655172413794,0.));
#7646=DIRECTION('',(0.724137931034482,-0.689655172413794,0.));
#7647=DIRECTION('',(0.724137931034482,-0.689655172413794,0.));
#7648=DIRECTION('',(0.,0.,-1.));
#7649=DIRECTION('center_axis',(0.,1.,0.));
#7650=DIRECTION('ref_axis',(1.,0.,0.));
#7651=DIRECTION('',(1.,0.,0.));
#7652=DIRECTION('',(1.,0.,0.));
#7653=DIRECTION('center_axis',(0.,0.,1.));
#7654=DIRECTION('ref_axis',(-1.,0.,0.));
#7655=DIRECTION('center_axis',(0.,0.,-1.));
#7656=DIRECTION('ref_axis',(-1.,0.,0.));
#7657=DIRECTION('center_axis',(0.,1.,0.));
#7658=DIRECTION('ref_axis',(1.,0.,0.));
#7659=DIRECTION('',(1.,0.,0.));
#7660=DIRECTION('',(0.,0.,-1.));
#7661=DIRECTION('',(1.,0.,0.));
#7662=DIRECTION('',(0.,0.,-1.));
#7663=DIRECTION('center_axis',(-1.,0.,0.));
#7664=DIRECTION('ref_axis',(0.,1.,0.));
#7665=DIRECTION('',(0.,1.,0.));
#7666=DIRECTION('',(0.,1.,0.));
#7667=DIRECTION('',(0.,0.,-1.));
#7668=DIRECTION('center_axis',(-0.689655172413793,-0.724137931034483,0.));
#7669=DIRECTION('ref_axis',(-0.724137931034483,0.689655172413793,0.));
#7670=DIRECTION('',(-0.724137931034483,0.689655172413793,0.));
#7671=DIRECTION('',(-0.724137931034483,0.689655172413793,0.));
#7672=DIRECTION('',(0.,0.,-1.));
#7673=DIRECTION('center_axis',(0.,-1.,0.));
#7674=DIRECTION('ref_axis',(-1.,0.,0.));
#7675=DIRECTION('',(-1.,0.,0.));
#7676=DIRECTION('',(-1.,0.,0.));
#7677=DIRECTION('',(0.,0.,-1.));
#7678=DIRECTION('center_axis',(1.,0.,0.));
#7679=DIRECTION('ref_axis',(0.,-1.,0.));
#7680=DIRECTION('',(0.,-1.,0.));
#7681=DIRECTION('',(0.,-1.,0.));
#7682=DIRECTION('',(0.,0.,-1.));
#7683=DIRECTION('center_axis',(0.689655172413793,0.724137931034483,0.));
#7684=DIRECTION('ref_axis',(0.724137931034483,-0.689655172413793,0.));
#7685=DIRECTION('',(0.724137931034483,-0.689655172413793,0.));
#7686=DIRECTION('',(0.724137931034483,-0.689655172413793,0.));
#7687=DIRECTION('center_axis',(0.,0.,1.));
#7688=DIRECTION('ref_axis',(-1.,0.,0.));
#7689=DIRECTION('center_axis',(0.,0.,-1.));
#7690=DIRECTION('ref_axis',(-1.,0.,0.));
#7691=DIRECTION('center_axis',(-0.689655172415711,-0.724137931032656,0.));
#7692=DIRECTION('ref_axis',(-0.724137931032656,0.689655172415711,0.));
#7693=DIRECTION('',(-0.724137931032656,0.689655172415711,0.));
#7694=DIRECTION('',(0.,0.,-1.));
#7695=DIRECTION('',(-0.724137931032656,0.689655172415711,0.));
#7696=DIRECTION('',(0.,0.,-1.));
#7697=DIRECTION('center_axis',(0.,-1.,0.));
#7698=DIRECTION('ref_axis',(-1.,0.,0.));
#7699=DIRECTION('',(-1.,0.,0.));
#7700=DIRECTION('',(-1.,0.,0.));
#7701=DIRECTION('',(0.,0.,-1.));
#7702=DIRECTION('center_axis',(0.689655172413811,0.724137931034465,0.));
#7703=DIRECTION('ref_axis',(0.724137931034465,-0.689655172413811,0.));
#7704=DIRECTION('',(0.724137931034465,-0.689655172413811,0.));
#7705=DIRECTION('',(0.724137931034465,-0.689655172413811,0.));
#7706=DIRECTION('',(0.,0.,-1.));
#7707=DIRECTION('center_axis',(-1.,0.,0.));
#7708=DIRECTION('ref_axis',(0.,1.,0.));
#7709=DIRECTION('',(0.,1.,0.));
#7710=DIRECTION('',(0.,1.,0.));
#7711=DIRECTION('center_axis',(0.,0.,1.));
#7712=DIRECTION('ref_axis',(-1.,0.,0.));
#7713=DIRECTION('center_axis',(0.,0.,-1.));
#7714=DIRECTION('ref_axis',(-1.,0.,0.));
#7715=DIRECTION('center_axis',(-0.689655172413775,-0.7241379310345,0.));
#7716=DIRECTION('ref_axis',(-0.7241379310345,0.689655172413775,0.));
#7717=DIRECTION('',(-0.7241379310345,0.689655172413775,0.));
#7718=DIRECTION('',(0.,0.,-1.));
#7719=DIRECTION('',(-0.7241379310345,0.689655172413775,0.));
#7720=DIRECTION('',(0.,0.,-1.));
#7721=DIRECTION('center_axis',(1.,0.,0.));
#7722=DIRECTION('ref_axis',(0.,-1.,0.));
#7723=DIRECTION('',(0.,-1.,0.));
#7724=DIRECTION('',(0.,-1.,0.));
#7725=DIRECTION('',(0.,0.,-1.));
#7726=DIRECTION('center_axis',(0.689655172411875,0.72413793103631,0.));
#7727=DIRECTION('ref_axis',(0.72413793103631,-0.689655172411875,0.));
#7728=DIRECTION('',(0.72413793103631,-0.689655172411875,0.));
#7729=DIRECTION('',(0.72413793103631,-0.689655172411875,0.));
#7730=DIRECTION('',(0.,0.,-1.));
#7731=DIRECTION('center_axis',(-5.10447367643541E-16,1.,0.));
#7732=DIRECTION('ref_axis',(1.,5.10447367643541E-16,0.));
#7733=DIRECTION('',(1.,5.10447367643541E-16,0.));
#7734=DIRECTION('',(1.,5.10447367643541E-16,0.));
#7735=DIRECTION('center_axis',(0.,0.,1.));
#7736=DIRECTION('ref_axis',(-1.,0.,0.));
#7737=DIRECTION('center_axis',(0.,0.,-1.));
#7738=DIRECTION('ref_axis',(-1.,0.,0.));
#7739=DIRECTION('center_axis',(-0.689655172413793,-0.724137931034483,0.));
#7740=DIRECTION('ref_axis',(-0.724137931034483,0.689655172413793,0.));
#7741=DIRECTION('',(-0.724137931034483,0.689655172413793,0.));
#7742=DIRECTION('',(0.,0.,-1.));
#7743=DIRECTION('',(-0.724137931034483,0.689655172413793,0.));
#7744=DIRECTION('',(0.,0.,-1.));
#7745=DIRECTION('center_axis',(1.,0.,0.));
#7746=DIRECTION('ref_axis',(0.,-1.,0.));
#7747=DIRECTION('',(0.,-1.,0.));
#7748=DIRECTION('',(0.,-1.,0.));
#7749=DIRECTION('',(0.,0.,-1.));
#7750=DIRECTION('center_axis',(0.689655172413844,0.724137931034434,0.));
#7751=DIRECTION('ref_axis',(0.724137931034434,-0.689655172413844,0.));
#7752=DIRECTION('',(0.724137931034434,-0.689655172413844,0.));
#7753=DIRECTION('',(0.724137931034434,-0.689655172413844,0.));
#7754=DIRECTION('',(0.,0.,-1.));
#7755=DIRECTION('center_axis',(0.,1.,0.));
#7756=DIRECTION('ref_axis',(1.,0.,0.));
#7757=DIRECTION('',(1.,0.,0.));
#7758=DIRECTION('',(1.,0.,0.));
#7759=DIRECTION('center_axis',(0.,0.,1.));
#7760=DIRECTION('ref_axis',(-1.,0.,0.));
#7761=DIRECTION('center_axis',(0.,0.,-1.));
#7762=DIRECTION('ref_axis',(-1.,0.,0.));
#7763=DIRECTION('center_axis',(-0.689655172413793,-0.724137931034483,0.));
#7764=DIRECTION('ref_axis',(-0.724137931034483,0.689655172413793,0.));
#7765=DIRECTION('',(-0.724137931034483,0.689655172413793,0.));
#7766=DIRECTION('',(0.,0.,-1.));
#7767=DIRECTION('',(-0.724137931034483,0.689655172413793,0.));
#7768=DIRECTION('',(0.,0.,-1.));
#7769=DIRECTION('center_axis',(0.,-1.,0.));
#7770=DIRECTION('ref_axis',(-1.,0.,0.));
#7771=DIRECTION('',(-1.,0.,0.));
#7772=DIRECTION('',(-1.,0.,0.));
#7773=DIRECTION('',(0.,0.,-1.));
#7774=DIRECTION('center_axis',(0.689655172413793,0.724137931034483,0.));
#7775=DIRECTION('ref_axis',(0.724137931034483,-0.689655172413793,0.));
#7776=DIRECTION('',(0.724137931034483,-0.689655172413793,0.));
#7777=DIRECTION('',(0.724137931034483,-0.689655172413793,0.));
#7778=DIRECTION('',(0.,0.,-1.));
#7779=DIRECTION('center_axis',(-1.,0.,0.));
#7780=DIRECTION('ref_axis',(0.,1.,0.));
#7781=DIRECTION('',(0.,1.,0.));
#7782=DIRECTION('',(0.,1.,0.));
#7783=DIRECTION('center_axis',(0.,0.,1.));
#7784=DIRECTION('ref_axis',(-1.,0.,0.));
#7785=DIRECTION('center_axis',(0.,0.,-1.));
#7786=DIRECTION('ref_axis',(-1.,0.,0.));
#7787=DIRECTION('center_axis',(0.,0.,-1.));
#7788=DIRECTION('ref_axis',(-1.,0.,0.));
#7789=DIRECTION('',(0.,1.,0.));
#7790=DIRECTION('',(0.724137931034483,-0.689655172413793,0.));
#7791=DIRECTION('',(-1.,0.,0.));
#7792=DIRECTION('',(-0.724137931034483,0.689655172413793,0.));
#7793=DIRECTION('center_axis',(-0.689655172413793,-0.724137931034483,0.));
#7794=DIRECTION('ref_axis',(-0.724137931034483,0.689655172413793,0.));
#7795=DIRECTION('',(-0.724137931034483,0.689655172413793,0.));
#7796=DIRECTION('',(0.,0.,-1.));
#7797=DIRECTION('',(0.,0.,-1.));
#7798=DIRECTION('center_axis',(0.,-1.,0.));
#7799=DIRECTION('ref_axis',(-1.,0.,0.));
#7800=DIRECTION('',(-1.,0.,0.));
#7801=DIRECTION('',(0.,0.,-1.));
#7802=DIRECTION('center_axis',(0.689655172413793,0.724137931034483,0.));
#7803=DIRECTION('ref_axis',(0.724137931034483,-0.689655172413793,0.));
#7804=DIRECTION('',(0.724137931034483,-0.689655172413793,0.));
#7805=DIRECTION('',(0.,0.,-1.));
#7806=DIRECTION('center_axis',(-1.,0.,0.));
#7807=DIRECTION('ref_axis',(0.,1.,0.));
#7808=DIRECTION('',(0.,1.,0.));
#7809=DIRECTION('center_axis',(0.,0.,1.));
#7810=DIRECTION('ref_axis',(-1.,0.,0.));
#7811=DIRECTION('center_axis',(0.,0.,-1.));
#7812=DIRECTION('ref_axis',(-1.,0.,0.));
#7813=DIRECTION('',(1.,0.,0.));
#7814=DIRECTION('',(0.724137931034434,-0.689655172413844,0.));
#7815=DIRECTION('',(0.,-1.,0.));
#7816=DIRECTION('',(-0.724137931034483,0.689655172413793,0.));
#7817=DIRECTION('center_axis',(-0.689655172413793,-0.724137931034483,0.));
#7818=DIRECTION('ref_axis',(-0.724137931034483,0.689655172413793,0.));
#7819=DIRECTION('',(-0.724137931034483,0.689655172413793,0.));
#7820=DIRECTION('',(0.,0.,-1.));
#7821=DIRECTION('',(0.,0.,-1.));
#7822=DIRECTION('center_axis',(1.,0.,0.));
#7823=DIRECTION('ref_axis',(0.,-1.,0.));
#7824=DIRECTION('',(0.,-1.,0.));
#7825=DIRECTION('',(0.,0.,-1.));
#7826=DIRECTION('center_axis',(0.689655172413844,0.724137931034434,0.));
#7827=DIRECTION('ref_axis',(0.724137931034434,-0.689655172413844,0.));
#7828=DIRECTION('',(0.724137931034434,-0.689655172413844,0.));
#7829=DIRECTION('',(0.,0.,-1.));
#7830=DIRECTION('center_axis',(0.,1.,0.));
#7831=DIRECTION('ref_axis',(1.,0.,0.));
#7832=DIRECTION('',(1.,0.,0.));
#7833=DIRECTION('center_axis',(0.,0.,1.));
#7834=DIRECTION('ref_axis',(-1.,0.,0.));
#7835=DIRECTION('center_axis',(0.,0.,-1.));
#7836=DIRECTION('ref_axis',(-1.,0.,0.));
#7837=DIRECTION('',(1.,5.10447367643541E-16,0.));
#7838=DIRECTION('',(0.72413793103631,-0.689655172411875,0.));
#7839=DIRECTION('',(0.,-1.,0.));
#7840=DIRECTION('',(-0.7241379310345,0.689655172413775,0.));
#7841=DIRECTION('center_axis',(-0.689655172413775,-0.7241379310345,0.));
#7842=DIRECTION('ref_axis',(-0.7241379310345,0.689655172413775,0.));
#7843=DIRECTION('',(-0.7241379310345,0.689655172413775,0.));
#7844=DIRECTION('',(0.,0.,-1.));
#7845=DIRECTION('',(0.,0.,-1.));
#7846=DIRECTION('center_axis',(1.,0.,0.));
#7847=DIRECTION('ref_axis',(0.,-1.,0.));
#7848=DIRECTION('',(0.,-1.,0.));
#7849=DIRECTION('',(0.,0.,-1.));
#7850=DIRECTION('center_axis',(0.689655172411875,0.72413793103631,0.));
#7851=DIRECTION('ref_axis',(0.72413793103631,-0.689655172411875,0.));
#7852=DIRECTION('',(0.72413793103631,-0.689655172411875,0.));
#7853=DIRECTION('',(0.,0.,-1.));
#7854=DIRECTION('center_axis',(-5.10447367643541E-16,1.,0.));
#7855=DIRECTION('ref_axis',(1.,5.10447367643541E-16,0.));
#7856=DIRECTION('',(1.,5.10447367643541E-16,0.));
#7857=DIRECTION('center_axis',(0.,0.,1.));
#7858=DIRECTION('ref_axis',(-1.,0.,0.));
#7859=DIRECTION('center_axis',(0.,0.,-1.));
#7860=DIRECTION('ref_axis',(-1.,0.,0.));
#7861=DIRECTION('',(0.,1.,0.));
#7862=DIRECTION('',(0.724137931034465,-0.689655172413811,0.));
#7863=DIRECTION('',(-1.,0.,0.));
#7864=DIRECTION('',(-0.724137931032656,0.689655172415711,0.));
#7865=DIRECTION('center_axis',(-0.689655172415711,-0.724137931032656,0.));
#7866=DIRECTION('ref_axis',(-0.724137931032656,0.689655172415711,0.));
#7867=DIRECTION('',(-0.724137931032656,0.689655172415711,0.));
#7868=DIRECTION('',(0.,0.,-1.));
#7869=DIRECTION('',(0.,0.,-1.));
#7870=DIRECTION('center_axis',(0.,-1.,0.));
#7871=DIRECTION('ref_axis',(-1.,0.,0.));
#7872=DIRECTION('',(-1.,0.,0.));
#7873=DIRECTION('',(0.,0.,-1.));
#7874=DIRECTION('center_axis',(0.689655172413811,0.724137931034465,0.));
#7875=DIRECTION('ref_axis',(0.724137931034465,-0.689655172413811,0.));
#7876=DIRECTION('',(0.724137931034465,-0.689655172413811,0.));
#7877=DIRECTION('',(0.,0.,-1.));
#7878=DIRECTION('center_axis',(-1.,0.,0.));
#7879=DIRECTION('ref_axis',(0.,1.,0.));
#7880=DIRECTION('',(0.,1.,0.));
#7881=DIRECTION('center_axis',(0.,0.,1.));
#7882=DIRECTION('ref_axis',(-1.,0.,0.));
#7883=DIRECTION('center_axis',(0.,0.,-1.));
#7884=DIRECTION('ref_axis',(-1.,0.,0.));
#7885=DIRECTION('',(0.724137931034483,-0.689655172413793,0.));
#7886=DIRECTION('',(0.,-1.,0.));
#7887=DIRECTION('',(-1.,0.,0.));
#7888=DIRECTION('',(-0.724137931034483,0.689655172413793,0.));
#7889=DIRECTION('',(0.,1.,0.));
#7890=DIRECTION('',(1.,0.,0.));
#7891=DIRECTION('center_axis',(0.,1.,0.));
#7892=DIRECTION('ref_axis',(1.,0.,0.));
#7893=DIRECTION('',(1.,0.,0.));
#7894=DIRECTION('',(0.,0.,-1.));
#7895=DIRECTION('',(0.,0.,-1.));
#7896=DIRECTION('center_axis',(-1.,0.,0.));
#7897=DIRECTION('ref_axis',(0.,1.,0.));
#7898=DIRECTION('',(0.,1.,0.));
#7899=DIRECTION('',(0.,0.,-1.));
#7900=DIRECTION('center_axis',(-0.689655172413793,-0.724137931034483,0.));
#7901=DIRECTION('ref_axis',(-0.724137931034483,0.689655172413793,0.));
#7902=DIRECTION('',(-0.724137931034483,0.689655172413793,0.));
#7903=DIRECTION('',(0.,0.,-1.));
#7904=DIRECTION('center_axis',(0.,-1.,0.));
#7905=DIRECTION('ref_axis',(-1.,0.,0.));
#7906=DIRECTION('',(-1.,0.,0.));
#7907=DIRECTION('',(0.,0.,-1.));
#7908=DIRECTION('center_axis',(1.,0.,0.));
#7909=DIRECTION('ref_axis',(0.,-1.,0.));
#7910=DIRECTION('',(0.,-1.,0.));
#7911=DIRECTION('',(0.,0.,-1.));
#7912=DIRECTION('center_axis',(0.689655172413793,0.724137931034483,0.));
#7913=DIRECTION('ref_axis',(0.724137931034483,-0.689655172413793,0.));
#7914=DIRECTION('',(0.724137931034483,-0.689655172413793,0.));
#7915=DIRECTION('center_axis',(0.,0.,1.));
#7916=DIRECTION('ref_axis',(-1.,0.,0.));
#7917=DIRECTION('center_axis',(0.,0.,-1.));
#7918=DIRECTION('ref_axis',(-1.,0.,0.));
#7919=DIRECTION('',(1.,0.,0.));
#7920=DIRECTION('',(0.724137931034482,-0.689655172413794,0.));
#7921=DIRECTION('',(0.,-1.,0.));
#7922=DIRECTION('',(-0.724137931034483,0.689655172413793,0.));
#7923=DIRECTION('center_axis',(-0.689655172413793,-0.724137931034483,0.));
#7924=DIRECTION('ref_axis',(-0.724137931034483,0.689655172413793,0.));
#7925=DIRECTION('',(-0.724137931034483,0.689655172413793,0.));
#7926=DIRECTION('',(0.,0.,-1.));
#7927=DIRECTION('',(0.,0.,-1.));
#7928=DIRECTION('center_axis',(1.,0.,0.));
#7929=DIRECTION('ref_axis',(0.,-1.,0.));
#7930=DIRECTION('',(0.,-1.,0.));
#7931=DIRECTION('',(0.,0.,-1.));
#7932=DIRECTION('center_axis',(0.689655172413794,0.724137931034482,0.));
#7933=DIRECTION('ref_axis',(0.724137931034482,-0.689655172413794,0.));
#7934=DIRECTION('',(0.724137931034482,-0.689655172413794,0.));
#7935=DIRECTION('',(0.,0.,-1.));
#7936=DIRECTION('center_axis',(0.,1.,0.));
#7937=DIRECTION('ref_axis',(1.,0.,0.));
#7938=DIRECTION('',(1.,0.,0.));
#7939=DIRECTION('center_axis',(0.,0.,1.));
#7940=DIRECTION('ref_axis',(-1.,0.,0.));
#7941=DIRECTION('center_axis',(0.,0.,-1.));
#7942=DIRECTION('ref_axis',(-1.,0.,0.));
#7943=DIRECTION('',(0.,1.,0.));
#7944=DIRECTION('',(0.724137931034483,-0.689655172413793,0.));
#7945=DIRECTION('',(-1.,0.,0.));
#7946=DIRECTION('',(-0.72413793103452,0.689655172413754,0.));
#7947=DIRECTION('center_axis',(-0.689655172413754,-0.72413793103452,0.));
#7948=DIRECTION('ref_axis',(-0.72413793103452,0.689655172413754,0.));
#7949=DIRECTION('',(-0.72413793103452,0.689655172413754,0.));
#7950=DIRECTION('',(0.,0.,-1.));
#7951=DIRECTION('',(0.,0.,-1.));
#7952=DIRECTION('center_axis',(0.,-1.,0.));
#7953=DIRECTION('ref_axis',(-1.,0.,0.));
#7954=DIRECTION('',(-1.,0.,0.));
#7955=DIRECTION('',(0.,0.,-1.));
#7956=DIRECTION('center_axis',(0.689655172413793,0.724137931034483,0.));
#7957=DIRECTION('ref_axis',(0.724137931034483,-0.689655172413793,0.));
#7958=DIRECTION('',(0.724137931034483,-0.689655172413793,0.));
#7959=DIRECTION('',(0.,0.,-1.));
#7960=DIRECTION('center_axis',(-1.,0.,0.));
#7961=DIRECTION('ref_axis',(0.,1.,0.));
#7962=DIRECTION('',(0.,1.,0.));
#7963=DIRECTION('center_axis',(0.,0.,1.));
#7964=DIRECTION('ref_axis',(-1.,0.,0.));
#7965=CARTESIAN_POINT('',(0.,0.,0.));
#7966=CARTESIAN_POINT('Origin',(-23.1,-9.836862446649,3.2));
#7967=CARTESIAN_POINT('',(-23.1,-5.482222129747,3.2));
#7968=CARTESIAN_POINT('',(-23.1,-9.836862446649,3.2));
#7969=CARTESIAN_POINT('',(-23.1,-4.9184312233245,3.2));
#7970=CARTESIAN_POINT('',(-23.1,-5.482222129747,1.8));
#7971=CARTESIAN_POINT('',(-23.1,-5.482222129747,3.2));
#7972=CARTESIAN_POINT('',(-23.1,-9.836862446649,1.8));
#7973=CARTESIAN_POINT('',(-23.1,-22.1,1.8));
#7974=CARTESIAN_POINT('',(-23.1,-9.836862446649,3.2));
#7975=CARTESIAN_POINT('Origin',(-22.55,-7.659542288198,1.8));
#7976=CARTESIAN_POINT('',(-22.,-5.482222129747,1.8));
#7977=CARTESIAN_POINT('',(-25.5,-5.482222129747,1.8));
#7978=CARTESIAN_POINT('',(-22.,-9.836862446649,1.8));
#7979=CARTESIAN_POINT('',(-22.,21.,1.8));
#7980=CARTESIAN_POINT('',(-22.,-9.836862446649,1.8));
#7981=CARTESIAN_POINT('Origin',(0.,2.22044604925031E-15,3.2));
#7982=CARTESIAN_POINT('',(-25.5,-9.836862446649,3.2));
#7983=CARTESIAN_POINT('',(-10.8567942676585,-9.836862446649,3.2));
#7984=CARTESIAN_POINT('',(-26.,-9.336862446649,3.2));
#7985=CARTESIAN_POINT('Origin',(-25.5,-9.336862446649,3.2));
#7986=CARTESIAN_POINT('',(-26.,-5.982222129747,3.2));
#7987=CARTESIAN_POINT('',(-26.,-13.5,3.2));
#7988=CARTESIAN_POINT('',(-25.5,-5.482222129747,3.2));
#7989=CARTESIAN_POINT('Origin',(-25.5,-5.982222129747,3.2));
#7990=CARTESIAN_POINT('',(-10.8556822386765,-5.482222129747,3.2));
#7991=CARTESIAN_POINT('Origin',(23.1,22.1,3.2));
#7992=CARTESIAN_POINT('',(23.1,5.049563144121,3.2));
#7993=CARTESIAN_POINT('',(23.1,22.1,3.2));
#7994=CARTESIAN_POINT('',(23.1,11.05,3.2));
#7995=CARTESIAN_POINT('',(23.1,5.049563144121,1.8));
#7996=CARTESIAN_POINT('',(23.1,5.049563144121,3.2));
#7997=CARTESIAN_POINT('',(23.1,22.1,1.8));
#7998=CARTESIAN_POINT('',(23.1,22.1,1.8));
#7999=CARTESIAN_POINT('',(23.1,22.1,3.2));
#8000=CARTESIAN_POINT('Origin',(8.280863816719,22.1,3.2));
#8001=CARTESIAN_POINT('',(8.280863816719,22.1,3.2));
#8002=CARTESIAN_POINT('',(4.1404319083595,22.1,3.2));
#8003=CARTESIAN_POINT('',(8.280863816719,22.1,1.8));
#8004=CARTESIAN_POINT('',(-23.1,22.1,1.8));
#8005=CARTESIAN_POINT('',(8.280863816719,22.1,3.2));
#8006=CARTESIAN_POINT('Origin',(15.6904319083595,13.5747815720605,1.8));
#8007=CARTESIAN_POINT('',(8.280863816719,21.,1.8));
#8008=CARTESIAN_POINT('',(8.280863816719,21.,1.8));
#8009=CARTESIAN_POINT('',(22.,5.049563144121,1.8));
#8010=CARTESIAN_POINT('',(25.5,5.04956314412101,1.8));
#8011=CARTESIAN_POINT('',(22.,21.,1.8));
#8012=CARTESIAN_POINT('',(22.,-21.,1.8));
#8013=CARTESIAN_POINT('',(22.,21.,1.8));
#8014=CARTESIAN_POINT('Origin',(0.,2.22044604925031E-15,3.2));
#8015=CARTESIAN_POINT('',(8.280863816719,24.5,3.2));
#8016=CARTESIAN_POINT('',(8.280863816719,10.4697341185415,3.2));
#8017=CARTESIAN_POINT('',(8.780863816719,25.,3.2));
#8018=CARTESIAN_POINT('Origin',(8.780863816719,24.5,3.19999999999999));
#8019=CARTESIAN_POINT('',(18.,25.,3.2));
#8020=CARTESIAN_POINT('',(-14.,25.,3.2));
#8021=CARTESIAN_POINT('',(26.,17.,3.2));
#8022=CARTESIAN_POINT('Origin',(18.,17.,3.2));
#8023=CARTESIAN_POINT('',(26.,5.54956314412101,3.2));
#8024=CARTESIAN_POINT('',(26.,13.5,3.2));
#8025=CARTESIAN_POINT('',(25.5,5.04956314412101,3.2));
#8026=CARTESIAN_POINT('Origin',(25.5,5.54956314412101,3.2));
#8027=CARTESIAN_POINT('',(10.9178499397735,5.049563144121,3.2));
#8028=CARTESIAN_POINT('Origin',(23.1,-22.1,3.2));
#8029=CARTESIAN_POINT('',(-23.1,-22.1,3.2));
#8030=CARTESIAN_POINT('',(23.1,-22.1,3.2));
#8031=CARTESIAN_POINT('',(11.55,-22.1,3.2));
#8032=CARTESIAN_POINT('',(-23.1,-22.1,1.8));
#8033=CARTESIAN_POINT('',(-23.1,-22.1,3.2));
#8034=CARTESIAN_POINT('',(23.1,-22.1,1.8));
#8035=CARTESIAN_POINT('',(23.1,-22.1,1.8));
#8036=CARTESIAN_POINT('',(23.1,-22.1,3.2));
#8037=CARTESIAN_POINT('Origin',(23.1,-18.841465787921,3.2));
#8038=CARTESIAN_POINT('',(23.1,-18.841465787921,3.2));
#8039=CARTESIAN_POINT('',(23.1,-9.42073289396049,3.2));
#8040=CARTESIAN_POINT('',(23.1,-18.841465787921,1.8));
#8041=CARTESIAN_POINT('',(23.1,22.1,1.8));
#8042=CARTESIAN_POINT('',(23.1,-18.841465787921,3.2));
#8043=CARTESIAN_POINT('Origin',(-23.1,-22.1,3.2));
#8044=CARTESIAN_POINT('',(-23.1,-18.776862536631,3.2));
#8045=CARTESIAN_POINT('',(-23.1,-11.05,3.2));
#8046=CARTESIAN_POINT('',(-23.1,-18.776862536631,1.8));
#8047=CARTESIAN_POINT('',(-23.1,-18.776862536631,3.2));
#8048=CARTESIAN_POINT('',(-23.1,-22.1,1.8));
#8049=CARTESIAN_POINT('Origin',(0.,-20.4384312683155,1.8));
#8050=CARTESIAN_POINT('',(-22.,-18.776862536631,1.8));
#8051=CARTESIAN_POINT('',(-25.1460406512478,-18.776862536631,1.8));
#8052=CARTESIAN_POINT('',(-22.,-21.,1.8));
#8053=CARTESIAN_POINT('',(-22.,21.,1.8));
#8054=CARTESIAN_POINT('',(22.,-21.,1.8));
#8055=CARTESIAN_POINT('',(-22.,-21.,1.8));
#8056=CARTESIAN_POINT('',(22.,-18.841465787921,1.8));
#8057=CARTESIAN_POINT('',(22.,-21.,1.8));
#8058=CARTESIAN_POINT('',(22.,-18.841465787921,1.8));
#8059=CARTESIAN_POINT('Origin',(-23.1,7.717777759827,3.2));
#8060=CARTESIAN_POINT('',(-23.1,22.1,3.2));
#8061=CARTESIAN_POINT('',(-23.1,7.717777759827,3.2));
#8062=CARTESIAN_POINT('',(-23.1,3.8588888799135,3.2));
#8063=CARTESIAN_POINT('',(-23.1,22.1,1.8));
#8064=CARTESIAN_POINT('',(-23.1,22.1,3.2));
#8065=CARTESIAN_POINT('',(-23.1,7.717777759827,1.8));
#8066=CARTESIAN_POINT('',(-23.1,-22.1,1.8));
#8067=CARTESIAN_POINT('',(-23.1,7.717777759827,3.2));
#8068=CARTESIAN_POINT('Origin',(-23.1,22.1,3.2));
#8069=CARTESIAN_POINT('',(-0.659136273263001,22.1,3.2));
#8070=CARTESIAN_POINT('',(-11.55,22.1,3.2));
#8071=CARTESIAN_POINT('',(-0.659136273262999,22.1,1.8));
#8072=CARTESIAN_POINT('',(-0.659136273263001,22.1,3.2));
#8073=CARTESIAN_POINT('',(-23.1,22.1,1.8));
#8074=CARTESIAN_POINT('Origin',(-11.8795681366315,14.9088888799135,1.8));
#8075=CARTESIAN_POINT('',(-0.659136273262999,21.,1.8));
#8076=CARTESIAN_POINT('',(-0.659136273263001,24.5,1.8));
#8077=CARTESIAN_POINT('',(-22.,21.,1.8));
#8078=CARTESIAN_POINT('',(22.,21.,1.8));
#8079=CARTESIAN_POINT('',(-22.,7.717777759827,1.8));
#8080=CARTESIAN_POINT('',(-22.,21.,1.8));
#8081=CARTESIAN_POINT('',(-22.,7.717777759827,1.8));
#8082=CARTESIAN_POINT('Origin',(0.,2.22044604925031E-15,3.2));
#8083=CARTESIAN_POINT('',(-25.5,7.717777759827,3.2));
#8084=CARTESIAN_POINT('',(-10.8556822386765,7.717777759827,3.2));
#8085=CARTESIAN_POINT('',(-26.,8.217777759827,3.2));
#8086=CARTESIAN_POINT('Origin',(-25.5,8.217777759827,3.2));
#8087=CARTESIAN_POINT('',(-26.,17.,3.2));
#8088=CARTESIAN_POINT('',(-26.,-13.5,3.2));
#8089=CARTESIAN_POINT('',(-18.,25.,3.2));
#8090=CARTESIAN_POINT('Origin',(-18.,17.,3.2));
#8091=CARTESIAN_POINT('',(-1.159136273263,25.,3.2));
#8092=CARTESIAN_POINT('',(-14.,25.,3.2));
#8093=CARTESIAN_POINT('',(-0.659136273263001,24.5,3.2));
#8094=CARTESIAN_POINT('Origin',(-1.159136273263,24.5,3.2));
#8095=CARTESIAN_POINT('',(-0.659136273263001,10.4697341185415,3.2));
#8096=CARTESIAN_POINT('Origin',(23.1,-3.890436945861,3.2));
#8097=CARTESIAN_POINT('',(23.1,-9.901465697939,3.2));
#8098=CARTESIAN_POINT('',(23.1,-3.890436945861,3.2));
#8099=CARTESIAN_POINT('',(23.1,-1.9452184729305,3.2));
#8100=CARTESIAN_POINT('',(23.1,-9.901465697939,1.8));
#8101=CARTESIAN_POINT('',(23.1,-9.901465697939,3.2));
#8102=CARTESIAN_POINT('',(23.1,-3.890436945861,1.8));
#8103=CARTESIAN_POINT('',(23.1,22.1,1.8));
#8104=CARTESIAN_POINT('',(23.1,-3.890436945861,3.2));
#8105=CARTESIAN_POINT('Origin',(22.55,-6.8959513219,1.8));
#8106=CARTESIAN_POINT('',(22.,-9.901465697939,1.8));
#8107=CARTESIAN_POINT('',(25.5,-9.901465697939,1.8));
#8108=CARTESIAN_POINT('',(22.,-3.890436945861,1.8));
#8109=CARTESIAN_POINT('',(22.,-21.,1.8));
#8110=CARTESIAN_POINT('',(22.,-3.890436945861,1.8));
#8111=CARTESIAN_POINT('Origin',(0.,2.22044604925031E-15,3.2));
#8112=CARTESIAN_POINT('',(25.5,-3.890436945861,3.2));
#8113=CARTESIAN_POINT('',(10.9178499397735,-3.890436945861,3.2));
#8114=CARTESIAN_POINT('',(26.,-4.390436945861,3.2));
#8115=CARTESIAN_POINT('Origin',(25.5,-4.390436945861,3.2));
#8116=CARTESIAN_POINT('',(26.,-9.401465697939,3.2));
#8117=CARTESIAN_POINT('',(26.,13.5,3.2));
#8118=CARTESIAN_POINT('',(25.5,-9.901465697939,3.2));
#8119=CARTESIAN_POINT('Origin',(25.5,-9.401465697939,3.2));
#8120=CARTESIAN_POINT('',(10.919449867973,-9.90146569793899,3.2));
#8121=CARTESIAN_POINT('Origin',(-21.,7.41071428571411,12.2));
#8122=CARTESIAN_POINT('',(-21.,11.5535714285714,9.2));
#8123=CARTESIAN_POINT('',(-21.,7.41071428571411,9.2));
#8124=CARTESIAN_POINT('',(-21.,3.70535714285706,9.2));
#8125=CARTESIAN_POINT('',(-21.,11.5535714285714,12.2));
#8126=CARTESIAN_POINT('',(-21.,11.5535714285714,12.2));
#8127=CARTESIAN_POINT('',(-21.,7.41071428571411,12.2));
#8128=CARTESIAN_POINT('',(-21.,3.70535714285706,12.2));
#8129=CARTESIAN_POINT('',(-21.,7.41071428571411,12.2));
#8130=CARTESIAN_POINT('Origin',(7.78125000000295,-20.,12.2));
#8131=CARTESIAN_POINT('',(7.78125000000295,-20.,9.2));
#8132=CARTESIAN_POINT('',(0.747045927469294,-13.3007580261592,9.2));
#8133=CARTESIAN_POINT('',(7.78125000000295,-20.,12.2));
#8134=CARTESIAN_POINT('',(0.747045927469294,-13.3007580261592,12.2));
#8135=CARTESIAN_POINT('',(7.78125000000295,-20.,12.2));
#8136=CARTESIAN_POINT('Origin',(12.13125,-20.,12.2));
#8137=CARTESIAN_POINT('',(12.13125,-20.,9.2));
#8138=CARTESIAN_POINT('',(6.06562500000002,-20.,9.2));
#8139=CARTESIAN_POINT('',(12.13125,-20.,12.2));
#8140=CARTESIAN_POINT('',(6.06562500000002,-20.,12.2));
#8141=CARTESIAN_POINT('',(12.13125,-20.,12.2));
#8142=CARTESIAN_POINT('Origin',(-21.,11.5535714285714,12.2));
#8143=CARTESIAN_POINT('',(-12.609096313912,3.56223458467811,9.2));
#8144=CARTESIAN_POINT('',(-12.609096313912,3.56223458467811,12.2));
#8145=CARTESIAN_POINT('Origin',(9.95625,20.,12.2));
#8146=CARTESIAN_POINT('',(14.30625,20.,9.2));
#8147=CARTESIAN_POINT('',(9.95625,20.,9.2));
#8148=CARTESIAN_POINT('',(4.978125,20.,9.2));
#8149=CARTESIAN_POINT('',(14.30625,20.,12.2));
#8150=CARTESIAN_POINT('',(14.30625,20.,12.2));
#8151=CARTESIAN_POINT('',(9.95625,20.,12.2));
#8152=CARTESIAN_POINT('',(4.978125,20.,12.2));
#8153=CARTESIAN_POINT('',(9.95625,20.,12.2));
#8154=CARTESIAN_POINT('Origin',(21.,9.48214285714286,12.2));
#8155=CARTESIAN_POINT('',(21.,9.48214285714286,9.2));
#8156=CARTESIAN_POINT('',(17.8617717003567,12.470931713946,9.2));
#8157=CARTESIAN_POINT('',(21.,9.48214285714286,12.2));
#8158=CARTESIAN_POINT('',(17.8617717003567,12.470931713946,12.2));
#8159=CARTESIAN_POINT('',(21.,9.48214285714286,12.2));
#8160=CARTESIAN_POINT('Origin',(21.,13.625,12.2));
#8161=CARTESIAN_POINT('',(21.,13.625,9.2));
#8162=CARTESIAN_POINT('',(21.,6.8125,9.2));
#8163=CARTESIAN_POINT('',(21.,13.625,12.2));
#8164=CARTESIAN_POINT('',(21.,6.8125,12.2));
#8165=CARTESIAN_POINT('',(21.,13.625,12.2));
#8166=CARTESIAN_POINT('Origin',(14.30625,20.,12.2));
#8167=CARTESIAN_POINT('',(15.5493794589774,18.8160671819263,9.2));
#8168=CARTESIAN_POINT('',(15.5493794589774,18.8160671819263,12.2));
#8169=CARTESIAN_POINT('Origin',(-21.,20.,12.2));
#8170=CARTESIAN_POINT('',(-18.825,20.,9.2));
#8171=CARTESIAN_POINT('',(-21.,20.,9.2));
#8172=CARTESIAN_POINT('',(-10.5,20.,9.2));
#8173=CARTESIAN_POINT('',(-18.825,20.,12.2));
#8174=CARTESIAN_POINT('',(-18.825,20.,12.2));
#8175=CARTESIAN_POINT('',(-21.,20.,12.2));
#8176=CARTESIAN_POINT('',(-10.5,20.,12.2));
#8177=CARTESIAN_POINT('',(-21.,20.,12.2));
#8178=CARTESIAN_POINT('Origin',(-21.,17.9285714285714,12.2));
#8179=CARTESIAN_POINT('',(-21.,17.9285714285714,9.2));
#8180=CARTESIAN_POINT('',(-21.,8.96428571428571,9.2));
#8181=CARTESIAN_POINT('',(-21.,17.9285714285714,12.2));
#8182=CARTESIAN_POINT('',(-21.,8.96428571428571,12.2));
#8183=CARTESIAN_POINT('',(-21.,17.9285714285714,12.2));
#8184=CARTESIAN_POINT('Origin',(18.825,-20.,12.2));
#8185=CARTESIAN_POINT('',(18.825,-20.,9.2));
#8186=CARTESIAN_POINT('',(8.89525862068966,-10.5431034482759,9.2));
#8187=CARTESIAN_POINT('',(18.825,-20.,12.2));
#8188=CARTESIAN_POINT('',(8.89525862068966,-10.5431034482759,12.2));
#8189=CARTESIAN_POINT('',(18.825,-20.,12.2));
#8190=CARTESIAN_POINT('Origin',(21.,-20.,12.2));
#8191=CARTESIAN_POINT('',(21.,-20.,9.2));
#8192=CARTESIAN_POINT('',(10.5,-20.,9.2));
#8193=CARTESIAN_POINT('',(21.,-20.,12.2));
#8194=CARTESIAN_POINT('',(10.5,-20.,12.2));
#8195=CARTESIAN_POINT('',(21.,-20.,12.2));
#8196=CARTESIAN_POINT('Origin',(21.,-17.9285714285714,12.2));
#8197=CARTESIAN_POINT('',(21.,-17.9285714285714,9.2));
#8198=CARTESIAN_POINT('',(21.,-8.9642857142857,9.2));
#8199=CARTESIAN_POINT('',(21.,-17.9285714285714,12.2));
#8200=CARTESIAN_POINT('',(21.,-8.9642857142857,12.2));
#8201=CARTESIAN_POINT('',(21.,-17.9285714285714,12.2));
#8202=CARTESIAN_POINT('Origin',(-18.825,20.,12.2));
#8203=CARTESIAN_POINT('',(-8.89525862068965,10.5431034482759,9.2));
#8204=CARTESIAN_POINT('',(-8.89525862068965,10.5431034482759,12.2));
#8205=CARTESIAN_POINT('Origin',(-21.,-3.10714285713857,12.2));
#8206=CARTESIAN_POINT('',(-21.,1.03571428571434,9.2));
#8207=CARTESIAN_POINT('',(-21.,-3.10714285713857,9.2));
#8208=CARTESIAN_POINT('',(-21.,-1.55357142856929,9.2));
#8209=CARTESIAN_POINT('',(-21.,1.03571428571434,12.2));
#8210=CARTESIAN_POINT('',(-21.,1.03571428571434,12.2));
#8211=CARTESIAN_POINT('',(-21.,-3.10714285713857,12.2));
#8212=CARTESIAN_POINT('',(-21.,-1.55357142856929,12.2));
#8213=CARTESIAN_POINT('',(-21.,-3.10714285713857,12.2));
#8214=CARTESIAN_POINT('Origin',(-3.26250000008957,-20.,12.2));
#8215=CARTESIAN_POINT('',(-3.26250000008957,-20.,9.2));
#8216=CARTESIAN_POINT('',(-7.40116676582675,-16.0584126040389,9.2));
#8217=CARTESIAN_POINT('',(-3.26250000008957,-20.,12.2));
#8218=CARTESIAN_POINT('',(-7.40116676582675,-16.0584126040389,12.2));
#8219=CARTESIAN_POINT('',(-3.26250000008957,-20.,12.2));
#8220=CARTESIAN_POINT('Origin',(1.08749999999895,-20.,12.2));
#8221=CARTESIAN_POINT('',(1.08749999999895,-20.,9.2));
#8222=CARTESIAN_POINT('',(0.543749999999477,-20.,9.2));
#8223=CARTESIAN_POINT('',(1.08749999999895,-20.,12.2));
#8224=CARTESIAN_POINT('',(0.543749999999477,-20.,12.2));
#8225=CARTESIAN_POINT('',(1.08749999999895,-20.,12.2));
#8226=CARTESIAN_POINT('Origin',(-21.,1.03571428571434,12.2));
#8227=CARTESIAN_POINT('',(-15.2354340071346,-4.45434856463392,9.2));
#8228=CARTESIAN_POINT('',(-15.2354340071346,-4.45434856463392,12.2));
#8229=CARTESIAN_POINT('Origin',(-1.08750000000002,20.,12.2));
#8230=CARTESIAN_POINT('',(3.26250000000176,20.,9.2));
#8231=CARTESIAN_POINT('',(-1.08750000000002,20.,9.2));
#8232=CARTESIAN_POINT('',(-0.543750000000011,20.,9.2));
#8233=CARTESIAN_POINT('',(3.26250000000176,20.,12.2));
#8234=CARTESIAN_POINT('',(3.26250000000176,20.,12.2));
#8235=CARTESIAN_POINT('',(-1.08750000000002,20.,12.2));
#8236=CARTESIAN_POINT('',(-0.543750000000011,20.,12.2));
#8237=CARTESIAN_POINT('',(-1.08750000000002,20.,12.2));
#8238=CARTESIAN_POINT('Origin',(21.,-1.03571428571324,12.2));
#8239=CARTESIAN_POINT('',(21.,-1.03571428571324,9.2));
#8240=CARTESIAN_POINT('',(15.2354340071344,4.45434856463471,9.2));
#8241=CARTESIAN_POINT('',(21.,-1.03571428571324,12.2));
#8242=CARTESIAN_POINT('',(15.2354340071344,4.45434856463471,12.2));
#8243=CARTESIAN_POINT('',(21.,-1.03571428571324,12.2));
#8244=CARTESIAN_POINT('Origin',(21.,3.10714285723414,12.2));
#8245=CARTESIAN_POINT('',(21.,3.10714285723414,9.2));
#8246=CARTESIAN_POINT('',(21.,1.55357142861707,9.2));
#8247=CARTESIAN_POINT('',(21.,3.10714285723414,12.2));
#8248=CARTESIAN_POINT('',(21.,1.55357142861707,12.2));
#8249=CARTESIAN_POINT('',(21.,3.10714285723414,12.2));
#8250=CARTESIAN_POINT('Origin',(3.26250000000177,20.,12.2));
#8251=CARTESIAN_POINT('',(7.40116676575076,16.0584126040695,9.2));
#8252=CARTESIAN_POINT('',(7.40116676575076,16.0584126040695,12.2));
#8253=CARTESIAN_POINT('Origin',(-12.13125,20.,12.2));
#8254=CARTESIAN_POINT('',(-7.78124999999989,20.,9.2));
#8255=CARTESIAN_POINT('',(-12.13125,20.,9.2));
#8256=CARTESIAN_POINT('',(-6.06562500000001,20.,9.2));
#8257=CARTESIAN_POINT('',(-7.78124999999989,20.,12.2));
#8258=CARTESIAN_POINT('',(-7.78124999999989,20.,12.2));
#8259=CARTESIAN_POINT('',(-12.13125,20.,12.2));
#8260=CARTESIAN_POINT('',(-6.06562500000001,20.,12.2));
#8261=CARTESIAN_POINT('',(-12.13125,20.,12.2));
#8262=CARTESIAN_POINT('Origin',(21.,-11.5535714285715,12.2));
#8263=CARTESIAN_POINT('',(21.,-11.5535714285715,9.2));
#8264=CARTESIAN_POINT('',(12.609096313912,-3.56223458467813,9.2));
#8265=CARTESIAN_POINT('',(21.,-11.5535714285715,12.2));
#8266=CARTESIAN_POINT('',(12.609096313912,-3.56223458467813,12.2));
#8267=CARTESIAN_POINT('',(21.,-11.5535714285715,12.2));
#8268=CARTESIAN_POINT('Origin',(21.,-7.41071428571805,12.2));
#8269=CARTESIAN_POINT('',(21.,-7.41071428571805,9.2));
#8270=CARTESIAN_POINT('',(21.,-3.70535714285902,9.2));
#8271=CARTESIAN_POINT('',(21.,-7.41071428571805,12.2));
#8272=CARTESIAN_POINT('',(21.,-3.70535714285902,12.2));
#8273=CARTESIAN_POINT('',(21.,-7.41071428571805,12.2));
#8274=CARTESIAN_POINT('Origin',(-7.78124999998065,20.0000000000202,12.2));
#8275=CARTESIAN_POINT('',(-0.747045927450609,13.3007580261717,9.2));
#8276=CARTESIAN_POINT('',(-0.747045927450609,13.3007580261717,12.2));
#8277=CARTESIAN_POINT('Origin',(-21.,-13.625,12.2));
#8278=CARTESIAN_POINT('',(-21.,-9.48214285714286,9.2));
#8279=CARTESIAN_POINT('',(-21.,-13.625,9.2));
#8280=CARTESIAN_POINT('',(-21.,-6.8125,9.2));
#8281=CARTESIAN_POINT('',(-21.,-9.48214285714286,12.2));
#8282=CARTESIAN_POINT('',(-21.,-9.48214285714286,12.2));
#8283=CARTESIAN_POINT('',(-21.,-13.625,12.2));
#8284=CARTESIAN_POINT('',(-21.,-6.8125,12.2));
#8285=CARTESIAN_POINT('',(-21.,-13.625,12.2));
#8286=CARTESIAN_POINT('Origin',(-14.30625,-20.,12.2));
#8287=CARTESIAN_POINT('',(-14.30625,-20.,9.2));
#8288=CARTESIAN_POINT('',(-15.5493794589774,-18.8160671819263,9.2));
#8289=CARTESIAN_POINT('',(-14.30625,-20.,12.2));
#8290=CARTESIAN_POINT('',(-15.5493794589774,-18.8160671819263,12.2));
#8291=CARTESIAN_POINT('',(-14.30625,-20.,12.2));
#8292=CARTESIAN_POINT('Origin',(-9.95625,-20.,12.2));
#8293=CARTESIAN_POINT('',(-9.95625,-20.,9.2));
#8294=CARTESIAN_POINT('',(-4.978125,-20.,9.2));
#8295=CARTESIAN_POINT('',(-9.95625,-20.,12.2));
#8296=CARTESIAN_POINT('',(-4.978125,-20.,12.2));
#8297=CARTESIAN_POINT('',(-9.95625,-20.,12.2));
#8298=CARTESIAN_POINT('Origin',(-21.,-9.48214285714286,12.2));
#8299=CARTESIAN_POINT('',(-17.8617717003567,-12.470931713946,9.2));
#8300=CARTESIAN_POINT('',(-17.8617717003567,-12.470931713946,12.2));
#8301=CARTESIAN_POINT('Origin',(25.1251342418228,-19.341465787921,0.));
#8302=CARTESIAN_POINT('',(25.6001431912776,-19.4975635071157,3.2));
#8303=CARTESIAN_POINT('',(25.1251342418228,-18.841465787921,3.2));
#8304=CARTESIAN_POINT('Origin',(25.1251342418228,-19.341465787921,3.2));
#8305=CARTESIAN_POINT('',(25.1251342418228,-18.841465787921,3.61005075309799));
#8306=CARTESIAN_POINT('',(25.1251342418228,-18.841465787921,-1.58576848872269E-31));
#8307=CARTESIAN_POINT('',(25.6001431912776,-19.4975635071157,3.61005075309799));
#8308=CARTESIAN_POINT('Origin',(25.1251342418228,-19.341465787921,3.61005075309799));
#8309=CARTESIAN_POINT('',(25.6001431912776,-19.4975635071157,0.));
#8310=CARTESIAN_POINT('Ctrl Pts',(25.1251342418228,-18.841465787921,3.61005075309799));
#8311=CARTESIAN_POINT('Ctrl Pts',(25.1251342418228,-18.841465787921,3.893143797144));
#8312=CARTESIAN_POINT('Ctrl Pts',(25.2452827795723,-18.608313586532,4.5477580804026));
#8313=CARTESIAN_POINT('Ctrl Pts',(25.4349675905262,-17.9677475893297,4.86005076567899));
#8314=CARTESIAN_POINT('Ctrl Pts',(25.4766415078297,-17.59146577534,4.86005076567899));
#8315=CARTESIAN_POINT('Ctrl Pts',(25.2150532622371,-18.841465787921,3.61005075309799));
#8316=CARTESIAN_POINT('Ctrl Pts',(25.2150532622371,-18.841465787921,3.88641355344976));
#8317=CARTESIAN_POINT('Ctrl Pts',(25.3272288902656,-18.6224693962983,4.53090482266869));
#8318=CARTESIAN_POINT('Ctrl Pts',(25.5102475598059,-17.9789675209212,4.85827017587181));
#8319=CARTESIAN_POINT('Ctrl Pts',(25.5512083714313,-17.5973646468786,4.86005076567899));
#8320=CARTESIAN_POINT('Ctrl Pts',(25.3942847596735,-18.8912096391177,3.61005075309799));
#8321=CARTESIAN_POINT('Ctrl Pts',(25.3942847596735,-18.8912096391177,3.8843398077579));
#8322=CARTESIAN_POINT('Ctrl Pts',(25.4906740694505,-18.6833223908386,4.53251796288814));
#8323=CARTESIAN_POINT('Ctrl Pts',(25.6605237866214,-18.0117236561302,4.88999249195871));
#8324=CARTESIAN_POINT('Ctrl Pts',(25.7000709581556,-17.6091409404435,4.89426843344131));
#8325=CARTESIAN_POINT('Ctrl Pts',(25.6203489263171,-19.127402281019,3.61005075309799));
#8326=CARTESIAN_POINT('Ctrl Pts',(25.6203489263171,-19.127402281019,3.92103408640992));
#8327=CARTESIAN_POINT('Ctrl Pts',(25.7079651399512,-18.8780297946642,4.65564287100301));
#8328=CARTESIAN_POINT('Ctrl Pts',(25.8706346928678,-18.0935607642182,5.05706732871762));
#8329=CARTESIAN_POINT('Ctrl Pts',(25.9097116972344,-17.6257253015035,5.06153911835654));
#8330=CARTESIAN_POINT('Ctrl Pts',(25.6422516532743,-19.3694264888468,3.61005075309799));
#8331=CARTESIAN_POINT('Ctrl Pts',(25.6422516532743,-19.3694264888468,3.97414160898398));
#8332=CARTESIAN_POINT('Ctrl Pts',(25.7508433607836,-19.055328160507,4.8220842276864));
#8333=CARTESIAN_POINT('Ctrl Pts',(25.9333209369851,-18.1592454788082,5.24614453143714));
#8334=CARTESIAN_POINT('Ctrl Pts',(25.9750842750183,-17.6308968270293,5.24785102805078));
#8335=CARTESIAN_POINT('Ctrl Pts',(25.6001431912776,-19.4975635071157,3.61005075309799));
#8336=CARTESIAN_POINT('Ctrl Pts',(25.6001431912776,-19.4975635071157,4.00638101362273));
#8337=CARTESIAN_POINT('Ctrl Pts',(25.7283016315438,-19.1493895540427,4.92284100754931));
#8338=CARTESIAN_POINT('Ctrl Pts',(25.9306320965613,-18.1928110009715,5.36005076567899));
#8339=CARTESIAN_POINT('Ctrl Pts',(25.9750842750183,-17.6308968270293,5.36005076567899));
#8340=CARTESIAN_POINT('',(25.4766415078297,-17.59146577534,4.86005076567899));
#8341=CARTESIAN_POINT('',(25.9750842750183,-17.6308968270293,5.36005076567899));
#8342=CARTESIAN_POINT('Origin',(25.4766415078297,-17.59146577534,5.36005076567899));
#8343=CARTESIAN_POINT('Ctrl Pts',(25.9750842750183,-17.6308968270293,5.36005076567899));
#8344=CARTESIAN_POINT('Ctrl Pts',(25.9306320965613,-18.1928110009715,5.36005076567899));
#8345=CARTESIAN_POINT('Ctrl Pts',(25.7283016315438,-19.1493895540427,4.92284100754931));
#8346=CARTESIAN_POINT('Ctrl Pts',(25.6001431912776,-19.4975635071157,4.00638101362273));
#8347=CARTESIAN_POINT('Ctrl Pts',(25.6001431912776,-19.4975635071157,3.61005075309799));
#8348=CARTESIAN_POINT('Ctrl Pts',(25.1251342418228,-18.841465787921,3.61005075309799));
#8349=CARTESIAN_POINT('Ctrl Pts',(25.1251342418228,-18.841465787921,3.893143797144));
#8350=CARTESIAN_POINT('Ctrl Pts',(25.2452827795723,-18.608313586532,4.5477580804026));
#8351=CARTESIAN_POINT('Ctrl Pts',(25.4349675905262,-17.9677475893297,4.86005076567899));
#8352=CARTESIAN_POINT('Ctrl Pts',(25.4766415078297,-17.59146577534,4.86005076567899));
#8353=CARTESIAN_POINT('Origin',(18.,-17.,5.360050765679));
#8354=CARTESIAN_POINT('',(25.5,-17.,4.86005076567899));
#8355=CARTESIAN_POINT('',(26.,-17.,5.36005076567897));
#8356=CARTESIAN_POINT('Origin',(25.5,-17.,5.36005076567898));
#8357=CARTESIAN_POINT('Origin',(18.,-17.,5.360050765679));
#8358=CARTESIAN_POINT('Origin',(18.,-17.,4.86005076567901));
#8359=CARTESIAN_POINT('Origin',(25.5,7.92426714474,5.36005076567899));
#8360=CARTESIAN_POINT('',(25.5,-11.15146571052,4.86005076567899));
#8361=CARTESIAN_POINT('',(26.,-11.15146571052,5.36005076567899));
#8362=CARTESIAN_POINT('Origin',(25.5,-11.15146571052,5.36005076567899));
#8363=CARTESIAN_POINT('',(26.,7.92426714474,5.36005076567899));
#8364=CARTESIAN_POINT('',(25.5,7.92426714474,4.86005076567899));
#8365=CARTESIAN_POINT('Origin',(25.5,-11.15146571052,3.61005075309799));
#8366=CARTESIAN_POINT('',(25.5,-9.901465697939,3.61005075309799));
#8367=CARTESIAN_POINT('',(26.,-9.401465697939,3.61005075309799));
#8368=CARTESIAN_POINT('Origin',(25.5,-9.401465697939,3.61005075309799));
#8369=CARTESIAN_POINT('Origin',(26.,-11.15146571052,3.61005075309799));
#8370=CARTESIAN_POINT('Origin',(25.5,-11.15146571052,3.61005075309799));
#8371=CARTESIAN_POINT('Origin',(25.5,-9.401465697939,1.4750253732275));
#8372=CARTESIAN_POINT('',(26.,-9.401465697939,1.4750253732275));
#8373=CARTESIAN_POINT('',(25.5,-9.901465697939,1.4750253732275));
#8374=CARTESIAN_POINT('Origin',(21.838899735946,-11.15146571052,3.610050753098));
#8375=CARTESIAN_POINT('',(22.,-11.15146571052,4.860050765679));
#8376=CARTESIAN_POINT('',(21.838899735946,-11.15146571052,4.860050765679));
#8377=CARTESIAN_POINT('',(22.,-9.901465697939,3.610050753098));
#8378=CARTESIAN_POINT('Origin',(22.,-11.15146571052,3.610050753098));
#8379=CARTESIAN_POINT('',(21.838899735946,-9.901465697939,3.610050753098));
#8380=CARTESIAN_POINT('Origin',(21.838899735946,-11.15146571052,4.860050765679));
#8381=CARTESIAN_POINT('',(22.,-17.59146577534,4.860050765679));
#8382=CARTESIAN_POINT('',(21.838899735946,-17.59146577534,4.860050765679));
#8383=CARTESIAN_POINT('',(22.,4.92426714474,4.860050765679));
#8384=CARTESIAN_POINT('Origin',(21.838899735946,-17.59146577534,3.610050753098));
#8385=CARTESIAN_POINT('',(22.,-18.841465787921,3.610050753098));
#8386=CARTESIAN_POINT('',(21.838899735946,-18.841465787921,3.610050753098));
#8387=CARTESIAN_POINT('Origin',(22.,-17.59146577534,3.610050753098));
#8388=CARTESIAN_POINT('Origin',(21.838899735946,-18.841465787921,3.610050753098));
#8389=CARTESIAN_POINT('',(10.919449867973,-18.841465787921,3.2));
#8390=CARTESIAN_POINT('',(22.,-18.841465787921,1.805025376549));
#8391=CARTESIAN_POINT('Origin',(0.,2.22044604925031E-15,3.2));
#8392=CARTESIAN_POINT('',(18.,-25.,3.2));
#8393=CARTESIAN_POINT('Origin',(18.,-17.,3.2));
#8394=CARTESIAN_POINT('',(-18.,-25.,3.2));
#8395=CARTESIAN_POINT('',(14.,-25.,3.2));
#8396=CARTESIAN_POINT('',(-25.622443361331,-19.4286533724064,3.2));
#8397=CARTESIAN_POINT('Origin',(-18.,-17.,3.2));
#8398=CARTESIAN_POINT('',(-25.1460406512478,-18.776862536631,3.2));
#8399=CARTESIAN_POINT('Origin',(-25.1460406512478,-19.276862536631,3.2));
#8400=CARTESIAN_POINT('',(-10.8567942676585,-18.776862536631,3.2));
#8401=CARTESIAN_POINT('Origin',(25.5,-4.390436945861,1.805025376549));
#8402=CARTESIAN_POINT('',(25.5,-3.890436945861,3.61005075309799));
#8403=CARTESIAN_POINT('',(25.5,-3.890436945861,1.805025376549));
#8404=CARTESIAN_POINT('',(26.,-4.390436945861,3.61005075309799));
#8405=CARTESIAN_POINT('Origin',(25.5,-4.390436945861,3.61005075309799));
#8406=CARTESIAN_POINT('',(26.,-4.390436945861,1.805025376549));
#8407=CARTESIAN_POINT('Origin',(25.5,-2.64043693328,3.61005075309799));
#8408=CARTESIAN_POINT('',(25.5,-2.64043693328,4.86005076567899));
#8409=CARTESIAN_POINT('',(26.,-2.64043693328,5.36005076567899));
#8410=CARTESIAN_POINT('Origin',(25.5,-2.64043693328,5.36005076567899));
#8411=CARTESIAN_POINT('Origin',(26.,-2.64043693328,3.61005075309799));
#8412=CARTESIAN_POINT('Origin',(25.5,-2.64043693328,3.61005075309799));
#8413=CARTESIAN_POINT('Origin',(25.5,15.39978156577,5.36005076567899));
#8414=CARTESIAN_POINT('',(25.5,3.79956313154,4.86005076567899));
#8415=CARTESIAN_POINT('',(26.,3.79956313154,5.36005076567899));
#8416=CARTESIAN_POINT('Origin',(25.5,3.79956313154,5.36005076567899));
#8417=CARTESIAN_POINT('',(26.,15.39978156577,5.36005076567899));
#8418=CARTESIAN_POINT('',(25.5,15.39978156577,4.86005076567899));
#8419=CARTESIAN_POINT('Origin',(25.5,3.79956313154,3.61005075309799));
#8420=CARTESIAN_POINT('',(25.5,5.04956314412101,3.61005075309799));
#8421=CARTESIAN_POINT('',(26.,5.549563144121,3.61005075309799));
#8422=CARTESIAN_POINT('Origin',(25.5,5.549563144121,3.61005075309799));
#8423=CARTESIAN_POINT('Origin',(26.,3.79956313154,3.61005075309799));
#8424=CARTESIAN_POINT('Origin',(25.5,3.79956313154,3.61005075309799));
#8425=CARTESIAN_POINT('Origin',(25.5,5.54956314412101,1.4750253732275));
#8426=CARTESIAN_POINT('',(26.,5.54956314412101,1.4750253732275));
#8427=CARTESIAN_POINT('',(25.5,5.04956314412101,1.4750253732275));
#8428=CARTESIAN_POINT('Origin',(26.,27.,0.));
#8429=CARTESIAN_POINT('',(26.,17.,10.2));
#8430=CARTESIAN_POINT('',(26.,17.,0.));
#8431=CARTESIAN_POINT('',(26.,-17.,10.2));
#8432=CARTESIAN_POINT('',(26.,13.5,10.2));
#8433=CARTESIAN_POINT('',(26.,-17.,0.));
#8434=CARTESIAN_POINT('Origin',(-25.5,-9.336862446649,1.805025376549));
#8435=CARTESIAN_POINT('',(-25.5,-9.836862446649,3.61005075309799));
#8436=CARTESIAN_POINT('',(-25.5,-9.836862446649,1.805025376549));
#8437=CARTESIAN_POINT('',(-26.,-9.336862446649,3.61005075309799));
#8438=CARTESIAN_POINT('Origin',(-25.5,-9.336862446649,3.61005075309799));
#8439=CARTESIAN_POINT('',(-26.,-9.336862446649,1.805025376549));
#8440=CARTESIAN_POINT('Origin',(-25.5,-11.08686245923,3.61005075309799));
#8441=CARTESIAN_POINT('',(-25.5,-11.08686245923,4.86005076567899));
#8442=CARTESIAN_POINT('',(-26.,-11.08686245923,5.36005076567899));
#8443=CARTESIAN_POINT('Origin',(-25.5,-11.08686245923,5.36005076567899));
#8444=CARTESIAN_POINT('Origin',(-26.,-11.08686245923,3.61005075309799));
#8445=CARTESIAN_POINT('Origin',(-25.5,-11.08686245923,3.61005075309799));
#8446=CARTESIAN_POINT('Origin',(-25.5,-22.263431262025,5.36005076567899));
#8447=CARTESIAN_POINT('',(-25.5,-17.,4.86005076567899));
#8448=CARTESIAN_POINT('',(-26.,-17.,5.36005076567899));
#8449=CARTESIAN_POINT('Origin',(-25.5,-17.,5.36005076567899));
#8450=CARTESIAN_POINT('',(-26.,-22.263431262025,5.36005076567899));
#8451=CARTESIAN_POINT('',(-25.5,-22.263431262025,4.86005076567899));
#8452=CARTESIAN_POINT('Origin',(-18.,-17.,5.360050765679));
#8453=CARTESIAN_POINT('',(-25.4814715050417,-17.52686252405,4.86005076567899));
#8454=CARTESIAN_POINT('',(-25.9802362720445,-17.56198669232,5.36005076567897));
#8455=CARTESIAN_POINT('Origin',(-25.4814715050417,-17.52686252405,5.36005076567898));
#8456=CARTESIAN_POINT('Origin',(-18.,-17.,5.360050765679));
#8457=CARTESIAN_POINT('Origin',(-18.,-17.,4.86005076567901));
#8458=CARTESIAN_POINT('Ctrl Pts',(-25.4814715050418,-17.52686252405,4.86005076567899));
#8459=CARTESIAN_POINT('Ctrl Pts',(-25.4536517424708,-17.8090352948657,4.86005076567899));
#8460=CARTESIAN_POINT('Ctrl Pts',(-25.3021788850657,-18.4597102137891,4.63147700699925));
#8461=CARTESIAN_POINT('Ctrl Pts',(-25.1460406512478,-18.776862536631,3.9872128803954));
#8462=CARTESIAN_POINT('Ctrl Pts',(-25.1460406512478,-18.776862536631,3.61005075309799));
#8463=CARTESIAN_POINT('Ctrl Pts',(-25.556086539703,-17.5321170873357,4.86005076567899));
#8464=CARTESIAN_POINT('Ctrl Pts',(-25.5287437906359,-17.8182662765536,4.85886135058574));
#8465=CARTESIAN_POINT('Ctrl Pts',(-25.3819563534806,-18.4755726471394,4.61736725490734));
#8466=CARTESIAN_POINT('Ctrl Pts',(-25.2355285474822,-18.776862536631,3.97855999820756));
#8467=CARTESIAN_POINT('Ctrl Pts',(-25.2355285474822,-18.776862536631,3.61005075309799));
#8468=CARTESIAN_POINT('Ctrl Pts',(-25.7050453153521,-17.5426071087794,4.89426841940976));
#8469=CARTESIAN_POINT('Ctrl Pts',(-25.6786481893715,-17.8444615343396,4.89141213588127));
#8470=CARTESIAN_POINT('Ctrl Pts',(-25.5411286418322,-18.5351437114981,4.62530274991767));
#8471=CARTESIAN_POINT('Ctrl Pts',(-25.4139100230065,-18.8261222638152,3.97627407709702));
#8472=CARTESIAN_POINT('Ctrl Pts',(-25.4139100230065,-18.8261222638152,3.61005075309799));
#8473=CARTESIAN_POINT('Ctrl Pts',(-25.9148215096165,-17.5573800334803,5.06153909887955));
#8474=CARTESIAN_POINT('Ctrl Pts',(-25.8887396605071,-17.9081472633021,5.05855199086124));
#8475=CARTESIAN_POINT('Ctrl Pts',(-25.7561484231144,-18.7128418428722,4.7601546951932));
#8476=CARTESIAN_POINT('Ctrl Pts',(-25.6397102638358,-19.0602239058435,4.02523710921366));
#8477=CARTESIAN_POINT('Ctrl Pts',(-25.6397102638358,-19.0602239058435,3.61005075309799));
#8478=CARTESIAN_POINT('Ctrl Pts',(-25.9802362720445,-17.56198669232,5.24785102805078));
#8479=CARTESIAN_POINT('Ctrl Pts',(-25.9523591384833,-17.9581610159753,5.24671110642445));
#8480=CARTESIAN_POINT('Ctrl Pts',(-25.8055030225155,-18.8707802319032,4.93460497561678));
#8481=CARTESIAN_POINT('Ctrl Pts',(-25.6631936890146,-19.3007565435493,4.09545867823885));
#8482=CARTESIAN_POINT('Ctrl Pts',(-25.6631936890146,-19.3007565435493,3.61005075309799));
#8483=CARTESIAN_POINT('Ctrl Pts',(-25.9802362720445,-17.56198669232,5.36005076567899));
#8484=CARTESIAN_POINT('Ctrl Pts',(-25.9505618586355,-17.9833646955263,5.36005076567899));
#8485=CARTESIAN_POINT('Ctrl Pts',(-25.7889908107367,-18.9550392383245,5.04004750444756));
#8486=CARTESIAN_POINT('Ctrl Pts',(-25.622443361331,-19.4286533724064,4.13807772979596));
#8487=CARTESIAN_POINT('Ctrl Pts',(-25.622443361331,-19.4286533724064,3.61005075309799));
#8488=CARTESIAN_POINT('',(-25.1460406512478,-18.776862536631,3.61005075309799));
#8489=CARTESIAN_POINT('',(-25.622443361331,-19.4286533724064,3.61005075309799));
#8490=CARTESIAN_POINT('Origin',(-25.1460406512478,-19.276862536631,3.61005075309799));
#8491=CARTESIAN_POINT('Ctrl Pts',(-25.622443361331,-19.4286533724064,3.61005075309799));
#8492=CARTESIAN_POINT('Ctrl Pts',(-25.622443361331,-19.4286533724064,4.13807772979596));
#8493=CARTESIAN_POINT('Ctrl Pts',(-25.7889908107367,-18.9550392383245,5.04004750444756));
#8494=CARTESIAN_POINT('Ctrl Pts',(-25.9505618586355,-17.9833646955263,5.36005076567899));
#8495=CARTESIAN_POINT('Ctrl Pts',(-25.9802362720445,-17.56198669232,5.36005076567899));
#8496=CARTESIAN_POINT('Ctrl Pts',(-25.4814715050418,-17.52686252405,4.86005076567899));
#8497=CARTESIAN_POINT('Ctrl Pts',(-25.4536517424708,-17.8090352948657,4.86005076567899));
#8498=CARTESIAN_POINT('Ctrl Pts',(-25.3021788850657,-18.4597102137891,4.63147700699925));
#8499=CARTESIAN_POINT('Ctrl Pts',(-25.1460406512478,-18.776862536631,3.9872128803954));
#8500=CARTESIAN_POINT('Ctrl Pts',(-25.1460406512478,-18.776862536631,3.61005075309799));
#8501=CARTESIAN_POINT('Origin',(-25.1460406512478,-19.276862536631,0.));
#8502=CARTESIAN_POINT('',(-25.622443361331,-19.4286533724064,0.));
#8503=CARTESIAN_POINT('',(-25.1460406512478,-18.776862536631,-1.2921076574778E-31));
#8504=CARTESIAN_POINT('Origin',(-21.713588535317,-17.52686252405,3.610050753098));
#8505=CARTESIAN_POINT('',(-22.,-17.52686252405,4.860050765679));
#8506=CARTESIAN_POINT('',(-21.713588535317,-17.52686252405,4.860050765679));
#8507=CARTESIAN_POINT('',(-22.,-18.776862536631,3.610050753098));
#8508=CARTESIAN_POINT('Origin',(-22.,-17.52686252405,3.610050753098));
#8509=CARTESIAN_POINT('',(-21.713588535317,-18.776862536631,3.610050753098));
#8510=CARTESIAN_POINT('Origin',(-21.713588535317,-17.52686252405,4.860050765679));
#8511=CARTESIAN_POINT('',(-22.,-11.08686245923,4.860050765679));
#8512=CARTESIAN_POINT('',(-21.713588535317,-11.08686245923,4.860050765679));
#8513=CARTESIAN_POINT('',(-22.,-19.263431262025,4.860050765679));
#8514=CARTESIAN_POINT('Origin',(-21.713588535317,-11.08686245923,3.610050753098));
#8515=CARTESIAN_POINT('',(-22.,-9.836862446649,3.610050753098));
#8516=CARTESIAN_POINT('',(-21.713588535317,-9.836862446649,3.610050753098));
#8517=CARTESIAN_POINT('Origin',(-22.,-11.08686245923,3.610050753098));
#8518=CARTESIAN_POINT('Origin',(-21.713588535317,-9.836862446649,3.610050753098));
#8519=CARTESIAN_POINT('',(-22.,-9.836862446649,1.805025376549));
#8520=CARTESIAN_POINT('Origin',(-25.5,8.217777759827,3.8500253661705));
#8521=CARTESIAN_POINT('',(-25.5,7.717777759827,7.70005073234099));
#8522=CARTESIAN_POINT('',(-25.5,7.717777759827,3.8500253661705));
#8523=CARTESIAN_POINT('',(-26.,8.217777759827,7.70005073234099));
#8524=CARTESIAN_POINT('Origin',(-25.5,8.217777759827,7.70005073234099));
#8525=CARTESIAN_POINT('',(-26.,8.217777759827,3.8500253661705));
#8526=CARTESIAN_POINT('Origin',(-25.5,7.21777776401,7.70005073234099));
#8527=CARTESIAN_POINT('',(-25.5,7.21777776401,8.20005072815799));
#8528=CARTESIAN_POINT('',(-26.,7.21777776401,8.70005072815799));
#8529=CARTESIAN_POINT('Origin',(-25.5,7.21777776401,8.70005072815799));
#8530=CARTESIAN_POINT('Origin',(-26.,7.21777776401,7.70005073234099));
#8531=CARTESIAN_POINT('Origin',(-25.5,7.21777776401,7.70005073234099));
#8532=CARTESIAN_POINT('Origin',(-25.5,-15.991111066965,8.70005072815799));
#8533=CARTESIAN_POINT('',(-25.5,-4.98222213393,8.20005072815799));
#8534=CARTESIAN_POINT('',(-26.,-4.98222213393,8.70005072815799));
#8535=CARTESIAN_POINT('Origin',(-25.5,-4.98222213393,8.70005072815799));
#8536=CARTESIAN_POINT('',(-26.,-15.991111066965,8.70005072815799));
#8537=CARTESIAN_POINT('',(-25.5,-15.991111066965,8.20005072815799));
#8538=CARTESIAN_POINT('Origin',(-25.5,-4.98222213393,7.70005073234099));
#8539=CARTESIAN_POINT('',(-25.5,-5.482222129747,7.70005073234099));
#8540=CARTESIAN_POINT('',(-26.,-5.982222129747,7.70005073234099));
#8541=CARTESIAN_POINT('Origin',(-25.5,-5.982222129747,7.70005073234099));
#8542=CARTESIAN_POINT('Origin',(-26.,-4.98222213393,7.70005073234099));
#8543=CARTESIAN_POINT('Origin',(-25.5,-4.98222213393,7.70005073234099));
#8544=CARTESIAN_POINT('Origin',(-25.5,-5.982222129747,1.5000253858295));
#8545=CARTESIAN_POINT('',(-26.,-5.982222129747,1.5000253858295));
#8546=CARTESIAN_POINT('',(-25.5,-5.482222129747,1.5000253858295));
#8547=CARTESIAN_POINT('Origin',(-21.711364477353,-5.482222129747,3.000050771659));
#8548=CARTESIAN_POINT('',(-22.,-5.482222129747,7.700050732341));
#8549=CARTESIAN_POINT('',(-21.711364477353,-5.482222129747,7.700050732341));
#8550=CARTESIAN_POINT('',(-22.,-5.482222129747,1.5000253858295));
#8551=CARTESIAN_POINT('Origin',(-21.711364477353,-4.98222213393,7.700050732341));
#8552=CARTESIAN_POINT('',(-22.,-4.98222213393,8.200050728158));
#8553=CARTESIAN_POINT('',(-21.711364477353,-4.98222213393,8.200050728158));
#8554=CARTESIAN_POINT('Origin',(-22.,-4.98222213393,7.700050732341));
#8555=CARTESIAN_POINT('Origin',(-21.711364477353,-4.98222213393,8.200050728158));
#8556=CARTESIAN_POINT('',(-22.,7.21777776401,8.200050728158));
#8557=CARTESIAN_POINT('',(-21.711364477353,7.21777776401,8.200050728158));
#8558=CARTESIAN_POINT('',(-22.,-12.991111066965,8.200050728158));
#8559=CARTESIAN_POINT('Origin',(-21.711364477353,7.21777776401,7.700050732341));
#8560=CARTESIAN_POINT('',(-22.,7.717777759827,7.700050732341));
#8561=CARTESIAN_POINT('',(-21.711364477353,7.717777759827,7.700050732341));
#8562=CARTESIAN_POINT('Origin',(-22.,7.21777776401,7.700050732341));
#8563=CARTESIAN_POINT('Origin',(-21.711364477353,7.717777759827,7.700050732341));
#8564=CARTESIAN_POINT('',(-22.,7.717777759827,3.8500253661705));
#8565=CARTESIAN_POINT('Origin',(-1.159136273263,24.5,1.4750253732275));
#8566=CARTESIAN_POINT('',(-1.159136273263,25.,3.610050753098));
#8567=CARTESIAN_POINT('',(-1.159136273263,25.,1.4750253732275));
#8568=CARTESIAN_POINT('',(-0.659136273263001,24.5,3.610050753098));
#8569=CARTESIAN_POINT('Origin',(-1.159136273263,24.5,3.610050753098));
#8570=CARTESIAN_POINT('',(-0.659136273263001,24.5,1.4750253732275));
#8571=CARTESIAN_POINT('Origin',(0.590863739317999,24.5,3.610050753098));
#8572=CARTESIAN_POINT('',(0.590863739317999,25.,5.360050765679));
#8573=CARTESIAN_POINT('',(0.590863739317999,24.5,4.860050765679));
#8574=CARTESIAN_POINT('Origin',(0.590863739317999,24.5,5.360050765679));
#8575=CARTESIAN_POINT('Origin',(0.590863739317999,24.5,3.610050753098));
#8576=CARTESIAN_POINT('Origin',(0.590863739317999,25.,3.610050753098));
#8577=CARTESIAN_POINT('Origin',(-13.704568130341,24.5,5.360050765679));
#8578=CARTESIAN_POINT('',(7.030863804138,25.,5.360050765679));
#8579=CARTESIAN_POINT('',(7.030863804138,24.5,4.860050765679));
#8580=CARTESIAN_POINT('Origin',(7.030863804138,24.5,5.360050765679));
#8581=CARTESIAN_POINT('',(-13.704568130341,24.5,4.860050765679));
#8582=CARTESIAN_POINT('',(-13.704568130341,25.,5.360050765679));
#8583=CARTESIAN_POINT('Origin',(7.030863804138,24.5,3.610050753098));
#8584=CARTESIAN_POINT('',(8.780863816719,25.,3.610050753098));
#8585=CARTESIAN_POINT('',(8.280863816719,24.5,3.610050753098));
#8586=CARTESIAN_POINT('Origin',(8.780863816719,24.5,3.610050753098));
#8587=CARTESIAN_POINT('Origin',(7.030863804138,24.5,3.610050753098));
#8588=CARTESIAN_POINT('Origin',(7.030863804138,25.,3.610050753098));
#8589=CARTESIAN_POINT('Origin',(8.780863816719,24.5,1.80502537654898));
#8590=CARTESIAN_POINT('',(8.280863816719,24.5,1.80502537654898));
#8591=CARTESIAN_POINT('',(8.780863816719,25.,1.80502537654898));
#8592=CARTESIAN_POINT('Origin',(-28.,25.,0.));
#8593=CARTESIAN_POINT('',(-18.,25.,10.2));
#8594=CARTESIAN_POINT('',(-18.,25.,0.));
#8595=CARTESIAN_POINT('',(18.,25.,10.2));
#8596=CARTESIAN_POINT('',(-14.,25.,10.2));
#8597=CARTESIAN_POINT('',(18.,25.,0.));
#8598=CARTESIAN_POINT('Origin',(-18.,17.,10.2));
#8599=CARTESIAN_POINT('',(-26.,17.,10.2));
#8600=CARTESIAN_POINT('',(-24.,17.,12.2));
#8601=CARTESIAN_POINT('Origin',(-24.,17.,10.2));
#8602=CARTESIAN_POINT('',(-18.,23.,12.2));
#8603=CARTESIAN_POINT('Origin',(-18.,17.,12.2));
#8604=CARTESIAN_POINT('Origin',(-18.,23.,10.2));
#8605=CARTESIAN_POINT('Origin',(-18.,17.,10.2));
#8606=CARTESIAN_POINT('Origin',(-14.,23.,10.2));
#8607=CARTESIAN_POINT('',(18.,23.,12.2));
#8608=CARTESIAN_POINT('Origin',(18.,23.,10.2));
#8609=CARTESIAN_POINT('',(-14.,23.,12.2));
#8610=CARTESIAN_POINT('Origin',(18.,17.,10.2));
#8611=CARTESIAN_POINT('',(24.,17.,12.2));
#8612=CARTESIAN_POINT('Origin',(24.,17.,10.2));
#8613=CARTESIAN_POINT('Origin',(18.,17.,10.2));
#8614=CARTESIAN_POINT('Origin',(18.,17.,12.2));
#8615=CARTESIAN_POINT('Origin',(24.,13.5,10.2));
#8616=CARTESIAN_POINT('',(24.,-17.,12.2));
#8617=CARTESIAN_POINT('Origin',(24.,-17.,10.2));
#8618=CARTESIAN_POINT('',(24.,13.5,12.2));
#8619=CARTESIAN_POINT('Origin',(18.,-17.,10.2));
#8620=CARTESIAN_POINT('',(18.,-23.,12.2));
#8621=CARTESIAN_POINT('',(18.,-25.,10.2));
#8622=CARTESIAN_POINT('Origin',(18.,-23.,10.2));
#8623=CARTESIAN_POINT('Origin',(18.,-17.,10.2));
#8624=CARTESIAN_POINT('Origin',(18.,-17.,12.2));
#8625=CARTESIAN_POINT('Origin',(14.,-23.,10.2));
#8626=CARTESIAN_POINT('',(-18.,-23.,12.2));
#8627=CARTESIAN_POINT('',(-18.,-25.,10.2));
#8628=CARTESIAN_POINT('Origin',(-18.,-23.,10.2));
#8629=CARTESIAN_POINT('',(14.,-25.,10.2));
#8630=CARTESIAN_POINT('',(14.,-23.,12.2));
#8631=CARTESIAN_POINT('Origin',(-18.,-17.,10.2));
#8632=CARTESIAN_POINT('',(-24.,-17.,12.2));
#8633=CARTESIAN_POINT('',(-26.,-17.,10.2));
#8634=CARTESIAN_POINT('Origin',(-24.,-17.,10.2));
#8635=CARTESIAN_POINT('Origin',(-18.,-17.,10.2));
#8636=CARTESIAN_POINT('Origin',(-18.,-17.,12.2));
#8637=CARTESIAN_POINT('Origin',(-24.,-13.5,10.2));
#8638=CARTESIAN_POINT('',(-24.,-13.5,12.2));
#8639=CARTESIAN_POINT('',(-26.,-13.5,10.2));
#8640=CARTESIAN_POINT('Origin',(28.,-25.,0.));
#8641=CARTESIAN_POINT('',(-18.,-25.,0.));
#8642=CARTESIAN_POINT('',(18.,-25.,0.));
#8643=CARTESIAN_POINT('Origin',(-18.,-17.,0.));
#8644=CARTESIAN_POINT('',(-26.,-17.,0.));
#8645=CARTESIAN_POINT('Origin',(-26.,-27.,0.));
#8646=CARTESIAN_POINT('',(-26.,17.,0.));
#8647=CARTESIAN_POINT('Origin',(-18.,17.,0.));
#8648=CARTESIAN_POINT('Origin',(0.,0.,12.2));
#8649=CARTESIAN_POINT('Origin',(21.838899735946,-9.901465697939,2.950050746455));
#8650=CARTESIAN_POINT('',(22.,-9.901465697939,1.4750253732275));
#8651=CARTESIAN_POINT('Origin',(18.,-17.,0.));
#8652=CARTESIAN_POINT('Origin',(18.,17.,0.));
#8653=CARTESIAN_POINT('Origin',(-0.659136273263001,20.939468237083,2.950050746455));
#8654=CARTESIAN_POINT('',(-0.659136273263001,21.,3.610050753098));
#8655=CARTESIAN_POINT('',(-0.659136273263001,20.939468237083,3.610050753098));
#8656=CARTESIAN_POINT('',(-0.659136273262999,21.,1.4750253732275));
#8657=CARTESIAN_POINT('Origin',(8.280863816719,20.939468237083,3.610050753098));
#8658=CARTESIAN_POINT('',(8.280863816719,21.,3.610050753098));
#8659=CARTESIAN_POINT('',(8.280863816719,21.,1.80502537654899));
#8660=CARTESIAN_POINT('',(8.280863816719,20.939468237083,3.610050753098));
#8661=CARTESIAN_POINT('Origin',(7.030863804138,20.939468237083,3.610050753098));
#8662=CARTESIAN_POINT('',(7.030863804138,21.,4.860050765679));
#8663=CARTESIAN_POINT('Origin',(7.030863804138,21.,3.610050753098));
#8664=CARTESIAN_POINT('',(7.030863804138,20.939468237083,4.860050765679));
#8665=CARTESIAN_POINT('Origin',(0.590863739317999,20.939468237083,4.860050765679));
#8666=CARTESIAN_POINT('',(0.590863739317999,21.,4.860050765679));
#8667=CARTESIAN_POINT('',(-10.704568130341,21.,4.860050765679));
#8668=CARTESIAN_POINT('',(0.590863739317999,20.939468237083,4.860050765679));
#8669=CARTESIAN_POINT('Origin',(0.590863739317999,20.939468237083,3.610050753098));
#8670=CARTESIAN_POINT('Origin',(0.590863739317999,21.,3.610050753098));
#8671=CARTESIAN_POINT('Origin',(-22.,21.,0.));
#8672=CARTESIAN_POINT('',(22.,21.,9.2));
#8673=CARTESIAN_POINT('',(22.,21.,3.2));
#8674=CARTESIAN_POINT('',(-22.,21.,9.2));
#8675=CARTESIAN_POINT('',(-11.,21.,9.2));
#8676=CARTESIAN_POINT('',(-22.,21.,3.2));
#8677=CARTESIAN_POINT('Origin',(0.,0.,9.2));
#8678=CARTESIAN_POINT('',(-22.,-21.,9.2));
#8679=CARTESIAN_POINT('',(22.,-21.,9.2));
#8680=CARTESIAN_POINT('',(11.,-21.,9.2));
#8681=CARTESIAN_POINT('',(-22.,-10.5,9.2));
#8682=CARTESIAN_POINT('',(22.,10.5,9.2));
#8683=CARTESIAN_POINT('Origin',(22.,-21.,0.));
#8684=CARTESIAN_POINT('',(-22.,-21.,0.));
#8685=CARTESIAN_POINT('',(22.,-21.,3.2));
#8686=CARTESIAN_POINT('Origin',(-22.,-21.,0.));
#8687=CARTESIAN_POINT('',(-22.,-18.776862536631,1.4750253732275));
#8688=CARTESIAN_POINT('Origin',(-21.713588535317,-18.776862536631,2.950050746455));
#8689=CARTESIAN_POINT('Origin',(22.,21.,0.));
#8690=CARTESIAN_POINT('',(22.,5.049563144121,3.610050753098));
#8691=CARTESIAN_POINT('',(22.,5.049563144121,1.4750253732275));
#8692=CARTESIAN_POINT('',(22.,3.79956313154,4.860050765679));
#8693=CARTESIAN_POINT('Origin',(22.,3.79956313154,3.610050753098));
#8694=CARTESIAN_POINT('',(22.,-2.64043693328,4.860050765679));
#8695=CARTESIAN_POINT('',(22.,12.39978156577,4.860050765679));
#8696=CARTESIAN_POINT('',(22.,-3.890436945861,3.610050753098));
#8697=CARTESIAN_POINT('Origin',(22.,-2.64043693328,3.610050753098));
#8698=CARTESIAN_POINT('',(22.,-3.890436945861,1.805025376549));
#8699=CARTESIAN_POINT('Origin',(21.835699879547,3.79956313154,4.860050765679));
#8700=CARTESIAN_POINT('',(21.835699879547,-2.64043693328,4.860050765679));
#8701=CARTESIAN_POINT('',(21.835699879547,3.79956313154,4.860050765679));
#8702=CARTESIAN_POINT('Origin',(21.835699879547,-2.64043693328,3.610050753098));
#8703=CARTESIAN_POINT('',(21.835699879547,-3.890436945861,3.610050753098));
#8704=CARTESIAN_POINT('Origin',(21.835699879547,-3.890436945861,3.610050753098));
#8705=CARTESIAN_POINT('Origin',(21.835699879547,3.79956313154,3.610050753098));
#8706=CARTESIAN_POINT('',(21.835699879547,5.049563144121,3.610050753098));
#8707=CARTESIAN_POINT('Origin',(21.835699879547,5.049563144121,2.950050746455));
#8708=CARTESIAN_POINT('Origin',(23.0000003427267,22.0000006556511,3.2));
#8709=CARTESIAN_POINT('',(23.0000003427267,5.049563144121,3.2));
#8710=CARTESIAN_POINT('',(23.0000003427267,5.049563144121,2.950050746455));
#8711=CARTESIAN_POINT('',(23.0000003427267,5.049563144121,3.0750253732275));
#8712=CARTESIAN_POINT('',(23.0000003427267,22.0000006556511,3.2));
#8713=CARTESIAN_POINT('',(23.0000003427267,11.0000003278255,3.2));
#8714=CARTESIAN_POINT('',(23.0000003427267,22.0000006556511,1.7));
#8715=CARTESIAN_POINT('',(23.0000003427267,22.0000006556511,3.2));
#8716=CARTESIAN_POINT('',(23.0000003427267,-22.,1.7));
#8717=CARTESIAN_POINT('',(23.0000003427267,22.0000006556511,1.7));
#8718=CARTESIAN_POINT('',(23.0000003427267,-22.,3.2));
#8719=CARTESIAN_POINT('',(23.0000003427267,-22.,3.2));
#8720=CARTESIAN_POINT('',(23.0000003427267,-18.841465787921,3.2));
#8721=CARTESIAN_POINT('',(23.0000003427267,11.0000003278255,3.2));
#8722=CARTESIAN_POINT('',(23.0000003427267,-18.841465787921,2.950050746455));
#8723=CARTESIAN_POINT('',(23.0000003427267,-18.841465787921,3.405025376549));
#8724=CARTESIAN_POINT('',(23.0000003427267,-17.59146577534,1.70005073387321));
#8725=CARTESIAN_POINT('Origin',(23.0000003427267,-17.59146577534,2.950050746455));
#8726=CARTESIAN_POINT('',(23.0000003427267,-11.15146571052,1.70005073387321));
#8727=CARTESIAN_POINT('',(23.0000003427267,2.20426744015555,1.70005073387321));
#8728=CARTESIAN_POINT('',(23.0000003427267,-9.901465697939,2.950050746455));
#8729=CARTESIAN_POINT('Origin',(23.0000003427267,-11.15146571052,2.950050746455));
#8730=CARTESIAN_POINT('',(23.0000003427267,-9.90146569793899,3.2));
#8731=CARTESIAN_POINT('',(23.0000003427267,-9.901465697939,3.0750253732275));
#8732=CARTESIAN_POINT('',(23.0000003427267,-3.890436945861,3.2));
#8733=CARTESIAN_POINT('',(23.0000003427267,11.0000003278255,3.2));
#8734=CARTESIAN_POINT('',(23.0000003427267,-3.890436945861,2.950050746455));
#8735=CARTESIAN_POINT('',(23.0000003427267,-3.890436945861,3.405025376549));
#8736=CARTESIAN_POINT('',(23.0000003427267,-2.64043693328,1.70005073387321));
#8737=CARTESIAN_POINT('Origin',(23.0000003427267,-2.64043693328,2.950050746455));
#8738=CARTESIAN_POINT('',(23.0000003427267,3.79956313154,1.70005073387321));
#8739=CARTESIAN_POINT('',(23.0000003427267,9.67978186118555,1.70005073387321));
#8740=CARTESIAN_POINT('Origin',(23.0000003427267,3.79956313154,2.950050746455));
#8741=CARTESIAN_POINT('Origin',(-23.0000003427267,22.0000006556511,3.2));
#8742=CARTESIAN_POINT('',(8.280863816719,22.0000006556511,2.950050746455));
#8743=CARTESIAN_POINT('',(8.280863816719,22.0000006556511,3.2));
#8744=CARTESIAN_POINT('',(8.280863816719,22.0000006556511,3.40502537654899));
#8745=CARTESIAN_POINT('',(7.030863804138,22.0000006556511,1.70005073387321));
#8746=CARTESIAN_POINT('Origin',(7.030863804138,22.0000006556511,2.950050746455));
#8747=CARTESIAN_POINT('',(0.590863739317999,22.0000006556511,1.70005073387321));
#8748=CARTESIAN_POINT('',(-7.98456826929435,22.0000006556511,1.70005073387321));
#8749=CARTESIAN_POINT('',(-0.659136273263001,22.0000006556511,2.950050746455));
#8750=CARTESIAN_POINT('Origin',(0.590863739317999,22.0000006556511,2.950050746455));
#8751=CARTESIAN_POINT('',(-0.659136273263001,22.0000006556511,3.2));
#8752=CARTESIAN_POINT('',(-0.659136273263001,22.0000006556511,3.0750253732275));
#8753=CARTESIAN_POINT('',(-23.0000003427267,22.0000006556511,3.2));
#8754=CARTESIAN_POINT('',(-11.5000001713634,22.0000006556511,3.2));
#8755=CARTESIAN_POINT('',(-23.0000003427267,22.0000006556511,1.7));
#8756=CARTESIAN_POINT('',(-23.0000003427267,22.0000006556511,3.2));
#8757=CARTESIAN_POINT('',(-23.0000003427267,22.0000006556511,1.7));
#8758=CARTESIAN_POINT('',(-11.5000001713634,22.0000006556511,3.2));
#8759=CARTESIAN_POINT('Origin',(-23.0000003427267,-22.,3.2));
#8760=CARTESIAN_POINT('',(-23.0000003427267,7.717777759827,3.000050771659));
#8761=CARTESIAN_POINT('',(-23.0000003427267,7.717777759827,3.2));
#8762=CARTESIAN_POINT('',(-23.0000003427267,7.717777759827,5.4500253661705));
#8763=CARTESIAN_POINT('',(-23.0000003427267,7.21777776401,2.500050775842));
#8764=CARTESIAN_POINT('Origin',(-23.0000003427267,7.21777776401,3.000050771659));
#8765=CARTESIAN_POINT('',(-23.0000003427267,-4.98222213393,2.500050775842));
#8766=CARTESIAN_POINT('',(-23.0000003427267,-7.391111117995,2.500050775842));
#8767=CARTESIAN_POINT('',(-23.0000003427267,-5.482222129747,3.000050771659));
#8768=CARTESIAN_POINT('Origin',(-23.0000003427267,-4.98222213393,3.000050771659));
#8769=CARTESIAN_POINT('',(-23.0000003427267,-5.482222129747,3.2));
#8770=CARTESIAN_POINT('',(-23.0000003427267,-5.482222129747,3.1000253858295));
#8771=CARTESIAN_POINT('',(-23.0000003427267,-9.836862446649,3.2));
#8772=CARTESIAN_POINT('',(-23.0000003427267,-11.,3.2));
#8773=CARTESIAN_POINT('',(-23.0000003427267,-9.836862446649,2.950050746455));
#8774=CARTESIAN_POINT('',(-23.0000003427267,-9.836862446649,3.405025376549));
#8775=CARTESIAN_POINT('',(-23.0000003427267,-11.08686245923,1.70005073387321));
#8776=CARTESIAN_POINT('Origin',(-23.0000003427267,-11.08686245923,2.950050746455));
#8777=CARTESIAN_POINT('',(-23.0000003427267,-17.52686252405,1.70005073387321));
#8778=CARTESIAN_POINT('',(-23.0000003427267,-16.543431229615,1.70005073387321));
#8779=CARTESIAN_POINT('',(-23.0000003427267,-18.776862536631,2.950050746455));
#8780=CARTESIAN_POINT('Origin',(-23.0000003427267,-17.52686252405,2.950050746455));
#8781=CARTESIAN_POINT('',(-23.0000003427267,-18.776862536631,3.2));
#8782=CARTESIAN_POINT('',(-23.0000003427267,-18.776862536631,3.0750253732275));
#8783=CARTESIAN_POINT('',(-23.0000003427267,-22.,3.2));
#8784=CARTESIAN_POINT('',(-23.0000003427267,-11.,3.2));
#8785=CARTESIAN_POINT('',(-23.0000003427267,-22.,1.7));
#8786=CARTESIAN_POINT('',(-23.0000003427267,-22.,3.2));
#8787=CARTESIAN_POINT('',(-23.0000003427267,-22.,1.7));
#8788=CARTESIAN_POINT('',(-23.0000003427267,-11.,3.2));
#8789=CARTESIAN_POINT('Origin',(23.0000003427267,-22.,3.2));
#8790=CARTESIAN_POINT('',(11.5000001713634,-22.,3.2));
#8791=CARTESIAN_POINT('',(23.0000003427267,-22.,1.7));
#8792=CARTESIAN_POINT('Origin',(0.,3.27825544488292E-7,1.7));
#8793=CARTESIAN_POINT('',(-22.,-21.,1.7));
#8794=CARTESIAN_POINT('',(22.,-21.,1.7));
#8795=CARTESIAN_POINT('',(11.,-21.,1.7));
#8796=CARTESIAN_POINT('',(-22.,21.,1.7));
#8797=CARTESIAN_POINT('',(-22.,-10.4999998360872,1.7));
#8798=CARTESIAN_POINT('',(22.,21.,1.7));
#8799=CARTESIAN_POINT('',(-11.,21.,1.7));
#8800=CARTESIAN_POINT('',(22.,10.5000001639128,1.7));
#8801=CARTESIAN_POINT('Origin',(7.030863804138,20.939468237083,2.950050746455));
#8802=CARTESIAN_POINT('',(8.280863816719,24.5,2.950050746455));
#8803=CARTESIAN_POINT('',(8.280863816719,20.939468237083,2.950050746455));
#8804=CARTESIAN_POINT('',(7.030863804138,24.5,1.70005073387321));
#8805=CARTESIAN_POINT('Origin',(7.030863804138,24.5,2.950050746455));
#8806=CARTESIAN_POINT('',(7.030863804138,20.939468237083,1.70005073387321));
#8807=CARTESIAN_POINT('Origin',(8.280863816719,20.939468237083,3.610050753098));
#8808=CARTESIAN_POINT('',(8.280863816719,24.5,3.2));
#8809=CARTESIAN_POINT('',(8.280863816719,10.4697341185415,3.2));
#8810=CARTESIAN_POINT('',(8.280863816719,24.5,1.80502537654898));
#8811=CARTESIAN_POINT('Origin',(0.,2.22044604925031E-15,3.2));
#8812=CARTESIAN_POINT('',(25.5,5.04956314412101,3.2));
#8813=CARTESIAN_POINT('',(10.9178499397735,5.049563144121,3.2));
#8814=CARTESIAN_POINT('',(26.,5.54956314412101,3.2));
#8815=CARTESIAN_POINT('Origin',(25.5,5.54956314412101,3.2));
#8816=CARTESIAN_POINT('',(26.,17.,3.2));
#8817=CARTESIAN_POINT('',(26.,13.5,3.2));
#8818=CARTESIAN_POINT('',(18.,25.,3.2));
#8819=CARTESIAN_POINT('Origin',(18.,17.,3.2));
#8820=CARTESIAN_POINT('',(8.780863816719,25.,3.2));
#8821=CARTESIAN_POINT('',(-14.,25.,3.2));
#8822=CARTESIAN_POINT('Origin',(8.780863816719,24.5,3.19999999999999));
#8823=CARTESIAN_POINT('Origin',(21.835699879547,5.049563144121,2.950050746455));
#8824=CARTESIAN_POINT('',(25.5,5.04956314412101,2.95005074645499));
#8825=CARTESIAN_POINT('',(21.835699879547,5.049563144121,2.950050746455));
#8826=CARTESIAN_POINT('',(25.5,5.04956314412101,1.4750253732275));
#8827=CARTESIAN_POINT('Origin',(21.835699879547,3.79956313154,2.950050746455));
#8828=CARTESIAN_POINT('',(25.5,3.79956313154,1.7000507338732));
#8829=CARTESIAN_POINT('',(21.835699879547,3.79956313154,1.70005073387321));
#8830=CARTESIAN_POINT('Origin',(25.5,3.79956313154,2.95005074645499));
#8831=CARTESIAN_POINT('Origin',(21.835699879547,-2.64043693328,1.70005073387321));
#8832=CARTESIAN_POINT('',(25.5,-2.64043693328,1.7000507338732));
#8833=CARTESIAN_POINT('',(21.835699879547,-2.64043693328,1.70005073387321));
#8834=CARTESIAN_POINT('',(25.5,12.17978153336,1.7000507338732));
#8835=CARTESIAN_POINT('Origin',(21.835699879547,-2.64043693328,2.950050746455));
#8836=CARTESIAN_POINT('',(25.5,-3.890436945861,2.95005074645499));
#8837=CARTESIAN_POINT('',(21.835699879547,-3.890436945861,2.950050746455));
#8838=CARTESIAN_POINT('Origin',(25.5,-2.64043693328,2.95005074645499));
#8839=CARTESIAN_POINT('Origin',(21.835699879547,-3.890436945861,3.610050753098));
#8840=CARTESIAN_POINT('',(25.5,-3.890436945861,3.2));
#8841=CARTESIAN_POINT('',(10.9178499397735,-3.890436945861,3.2));
#8842=CARTESIAN_POINT('',(25.5,-3.890436945861,1.805025376549));
#8843=CARTESIAN_POINT('Origin',(0.,2.22044604925031E-15,3.2));
#8844=CARTESIAN_POINT('',(25.5,-9.901465697939,3.2));
#8845=CARTESIAN_POINT('',(10.919449867973,-9.90146569793899,3.2));
#8846=CARTESIAN_POINT('',(26.,-9.401465697939,3.2));
#8847=CARTESIAN_POINT('Origin',(25.5,-9.401465697939,3.2));
#8848=CARTESIAN_POINT('',(26.,-4.390436945861,3.2));
#8849=CARTESIAN_POINT('',(26.,13.5,3.2));
#8850=CARTESIAN_POINT('Origin',(25.5,-4.390436945861,3.2));
#8851=CARTESIAN_POINT('Origin',(21.838899735946,-9.901465697939,2.950050746455));
#8852=CARTESIAN_POINT('',(25.5,-9.901465697939,2.95005074645499));
#8853=CARTESIAN_POINT('',(21.838899735946,-9.901465697939,2.950050746455));
#8854=CARTESIAN_POINT('',(25.5,-9.901465697939,1.4750253732275));
#8855=CARTESIAN_POINT('Origin',(21.838899735946,-11.15146571052,2.950050746455));
#8856=CARTESIAN_POINT('',(25.5,-11.15146571052,1.7000507338732));
#8857=CARTESIAN_POINT('',(21.838899735946,-11.15146571052,1.70005073387321));
#8858=CARTESIAN_POINT('Origin',(25.5,-11.15146571052,2.95005074645499));
#8859=CARTESIAN_POINT('Origin',(21.838899735946,-17.59146577534,1.70005073387321));
#8860=CARTESIAN_POINT('',(25.4766415078297,-17.59146577534,1.7000507338732));
#8861=CARTESIAN_POINT('',(21.838899735946,-17.59146577534,1.70005073387321));
#8862=CARTESIAN_POINT('',(25.5,-17.,1.7000507338732));
#8863=CARTESIAN_POINT('Origin',(18.,-17.,1.70005073387322));
#8864=CARTESIAN_POINT('',(25.5,4.70426711233,1.7000507338732));
#8865=CARTESIAN_POINT('Origin',(21.838899735946,-17.59146577534,2.950050746455));
#8866=CARTESIAN_POINT('',(25.1251342418228,-18.841465787921,2.95005074645499));
#8867=CARTESIAN_POINT('',(21.838899735946,-18.841465787921,2.950050746455));
#8868=CARTESIAN_POINT('Ctrl Pts',(25.4766415078297,-17.59146577534,1.70005073387399));
#8869=CARTESIAN_POINT('Ctrl Pts',(25.4349668698387,-17.9677540965562,1.70005073387399));
#8870=CARTESIAN_POINT('Ctrl Pts',(25.2452728222654,-18.6083388775776,2.01236037234433));
#8871=CARTESIAN_POINT('Ctrl Pts',(25.1251342418228,-18.841465787921,2.66695280674177));
#8872=CARTESIAN_POINT('Ctrl Pts',(25.1251342418228,-18.841465787921,2.95005074645499));
#8873=CARTESIAN_POINT('Origin',(21.838899735946,-18.841465787921,3.610050753098));
#8874=CARTESIAN_POINT('',(25.1251342418228,-18.841465787921,3.2));
#8875=CARTESIAN_POINT('',(10.919449867973,-18.841465787921,3.2));
#8876=CARTESIAN_POINT('',(25.1251342418228,-18.841465787921,-1.58576848872269E-31));
#8877=CARTESIAN_POINT('Origin',(0.,2.22044604925031E-15,3.2));
#8878=CARTESIAN_POINT('',(-25.1460406512478,-18.776862536631,3.2));
#8879=CARTESIAN_POINT('',(-10.8567942676585,-18.776862536631,3.2));
#8880=CARTESIAN_POINT('',(-25.622443361331,-19.4286533724064,3.2));
#8881=CARTESIAN_POINT('Origin',(-25.1460406512478,-19.276862536631,3.2));
#8882=CARTESIAN_POINT('',(-18.,-25.,3.2));
#8883=CARTESIAN_POINT('Origin',(-18.,-17.,3.2));
#8884=CARTESIAN_POINT('',(18.,-25.,3.2));
#8885=CARTESIAN_POINT('',(14.,-25.,3.2));
#8886=CARTESIAN_POINT('',(25.6001431912776,-19.4975635071157,3.2));
#8887=CARTESIAN_POINT('Origin',(18.,-17.,3.2));
#8888=CARTESIAN_POINT('Origin',(25.1251342418228,-19.341465787921,3.2));
#8889=CARTESIAN_POINT('Origin',(-22.,21.,0.));
#8890=CARTESIAN_POINT('',(-22.,21.,0.));
#8891=CARTESIAN_POINT('',(-22.,21.,0.));
#8892=CARTESIAN_POINT('',(22.,21.,0.));
#8893=CARTESIAN_POINT('',(-11.,21.,0.));
#8894=CARTESIAN_POINT('',(22.,21.,0.));
#8895=CARTESIAN_POINT('Origin',(-22.,-21.,0.));
#8896=CARTESIAN_POINT('',(-22.,-21.,0.));
#8897=CARTESIAN_POINT('',(-22.,-21.,0.));
#8898=CARTESIAN_POINT('',(-22.,-10.5,0.));
#8899=CARTESIAN_POINT('Origin',(-21.,1.03571428571434,12.2));
#8900=CARTESIAN_POINT('',(1.08749999999895,-20.,-5.));
#8901=CARTESIAN_POINT('',(-21.,1.03571428571434,-5.));
#8902=CARTESIAN_POINT('',(-15.2354340071346,-4.45434856463392,-5.));
#8903=CARTESIAN_POINT('',(1.08749999999895,-20.,0.));
#8904=CARTESIAN_POINT('',(1.08749999999895,-20.,12.2));
#8905=CARTESIAN_POINT('',(-21.,1.03571428571434,0.));
#8906=CARTESIAN_POINT('',(-15.2354340071346,-4.45434856463392,0.));
#8907=CARTESIAN_POINT('',(-21.,1.03571428571434,12.2));
#8908=CARTESIAN_POINT('Origin',(-21.,-3.10714285713857,12.2));
#8909=CARTESIAN_POINT('',(-21.,-3.10714285713857,-5.));
#8910=CARTESIAN_POINT('',(-21.,-1.55357142856929,-5.));
#8911=CARTESIAN_POINT('',(-21.,-3.10714285713857,0.));
#8912=CARTESIAN_POINT('',(-21.,-1.55357142856929,0.));
#8913=CARTESIAN_POINT('',(-21.,-3.10714285713857,12.2));
#8914=CARTESIAN_POINT('Origin',(-3.26250000008957,-20.,12.2));
#8915=CARTESIAN_POINT('',(-3.26250000008957,-20.,-5.));
#8916=CARTESIAN_POINT('',(-7.40116676582675,-16.0584126040389,-5.));
#8917=CARTESIAN_POINT('',(-3.26250000008957,-20.,0.));
#8918=CARTESIAN_POINT('',(-7.40116676582675,-16.0584126040389,1.11022302462516E-15));
#8919=CARTESIAN_POINT('',(-3.26250000008957,-20.,12.2));
#8920=CARTESIAN_POINT('Origin',(1.08749999999895,-20.,12.2));
#8921=CARTESIAN_POINT('',(0.543749999999477,-20.,-5.));
#8922=CARTESIAN_POINT('',(0.543749999999477,-20.,0.));
#8923=CARTESIAN_POINT('Origin',(21.,-20.,12.2));
#8924=CARTESIAN_POINT('',(18.825,-20.,-5.));
#8925=CARTESIAN_POINT('',(21.,-20.,-5.));
#8926=CARTESIAN_POINT('',(10.5,-20.,-5.));
#8927=CARTESIAN_POINT('',(18.825,-20.,0.));
#8928=CARTESIAN_POINT('',(18.825,-20.,12.2));
#8929=CARTESIAN_POINT('',(21.,-20.,0.));
#8930=CARTESIAN_POINT('',(10.5,-20.,0.));
#8931=CARTESIAN_POINT('',(21.,-20.,12.2));
#8932=CARTESIAN_POINT('Origin',(21.,-17.9285714285714,12.2));
#8933=CARTESIAN_POINT('',(21.,-17.9285714285714,-5.));
#8934=CARTESIAN_POINT('',(21.,-8.9642857142857,-5.));
#8935=CARTESIAN_POINT('',(21.,-17.9285714285714,0.));
#8936=CARTESIAN_POINT('',(21.,-8.9642857142857,0.));
#8937=CARTESIAN_POINT('',(21.,-17.9285714285714,12.2));
#8938=CARTESIAN_POINT('Origin',(-18.825,20.,12.2));
#8939=CARTESIAN_POINT('',(-18.825,20.,-5.));
#8940=CARTESIAN_POINT('',(-8.89525862068965,10.5431034482759,-5.));
#8941=CARTESIAN_POINT('',(-18.825,20.,0.));
#8942=CARTESIAN_POINT('',(-8.89525862068965,10.5431034482759,0.));
#8943=CARTESIAN_POINT('',(-18.825,20.,12.2));
#8944=CARTESIAN_POINT('Origin',(-21.,20.,12.2));
#8945=CARTESIAN_POINT('',(-21.,20.,-5.));
#8946=CARTESIAN_POINT('',(-10.5,20.,-5.));
#8947=CARTESIAN_POINT('',(-21.,20.,0.));
#8948=CARTESIAN_POINT('',(-10.5,20.,0.));
#8949=CARTESIAN_POINT('',(-21.,20.,12.2));
#8950=CARTESIAN_POINT('Origin',(-21.,17.9285714285714,12.2));
#8951=CARTESIAN_POINT('',(-21.,17.9285714285714,-5.));
#8952=CARTESIAN_POINT('',(-21.,8.96428571428571,-5.));
#8953=CARTESIAN_POINT('',(-21.,17.9285714285714,0.));
#8954=CARTESIAN_POINT('',(-21.,8.96428571428571,0.));
#8955=CARTESIAN_POINT('',(-21.,17.9285714285714,12.2));
#8956=CARTESIAN_POINT('Origin',(18.825,-20.,12.2));
#8957=CARTESIAN_POINT('',(8.89525862068966,-10.5431034482759,-5.));
#8958=CARTESIAN_POINT('',(8.89525862068966,-10.5431034482759,1.11022302462516E-15));
#8959=CARTESIAN_POINT('Origin',(3.26250000000176,20.,12.2));
#8960=CARTESIAN_POINT('',(21.,3.10714285723414,-5.));
#8961=CARTESIAN_POINT('',(3.26250000000176,20.,-5.));
#8962=CARTESIAN_POINT('',(7.40116676575075,16.0584126040695,-5.));
#8963=CARTESIAN_POINT('',(21.,3.10714285723414,0.));
#8964=CARTESIAN_POINT('',(21.,3.10714285723414,12.2));
#8965=CARTESIAN_POINT('',(3.26250000000176,20.,0.));
#8966=CARTESIAN_POINT('',(7.40116676575075,16.0584126040695,0.));
#8967=CARTESIAN_POINT('',(3.26250000000176,20.,12.2));
#8968=CARTESIAN_POINT('Origin',(-1.08750000000002,20.,12.2));
#8969=CARTESIAN_POINT('',(-1.08750000000002,20.,-5.));
#8970=CARTESIAN_POINT('',(-0.543750000000015,20.,-5.));
#8971=CARTESIAN_POINT('',(-1.08750000000002,20.,0.));
#8972=CARTESIAN_POINT('',(-0.543750000000015,20.,0.));
#8973=CARTESIAN_POINT('',(-1.08750000000002,20.,12.2));
#8974=CARTESIAN_POINT('Origin',(21.,-1.03571428571324,12.2));
#8975=CARTESIAN_POINT('',(21.,-1.03571428571324,-5.));
#8976=CARTESIAN_POINT('',(15.2354340071344,4.45434856463471,-5.));
#8977=CARTESIAN_POINT('',(21.,-1.03571428571324,0.));
#8978=CARTESIAN_POINT('',(15.2354340071344,4.45434856463471,0.));
#8979=CARTESIAN_POINT('',(21.,-1.03571428571324,12.2));
#8980=CARTESIAN_POINT('Origin',(21.,3.10714285723414,12.2));
#8981=CARTESIAN_POINT('',(21.,1.55357142861707,-5.));
#8982=CARTESIAN_POINT('',(21.,1.55357142861707,0.));
#8983=CARTESIAN_POINT('Origin',(14.30625,20.,12.2));
#8984=CARTESIAN_POINT('',(21.,13.625,-5.));
#8985=CARTESIAN_POINT('',(14.30625,20.,-5.));
#8986=CARTESIAN_POINT('',(15.5493794589774,18.8160671819263,-5.));
#8987=CARTESIAN_POINT('',(21.,13.625,0.));
#8988=CARTESIAN_POINT('',(21.,13.625,12.2));
#8989=CARTESIAN_POINT('',(14.30625,20.,0.));
#8990=CARTESIAN_POINT('',(15.5493794589774,18.8160671819263,0.));
#8991=CARTESIAN_POINT('',(14.30625,20.,12.2));
#8992=CARTESIAN_POINT('Origin',(9.95625,20.,12.2));
#8993=CARTESIAN_POINT('',(9.95625,20.,-5.));
#8994=CARTESIAN_POINT('',(4.978125,20.,-5.));
#8995=CARTESIAN_POINT('',(9.95625,20.,0.));
#8996=CARTESIAN_POINT('',(4.978125,20.,0.));
#8997=CARTESIAN_POINT('',(9.95625,20.,12.2));
#8998=CARTESIAN_POINT('Origin',(21.,9.48214285714286,12.2));
#8999=CARTESIAN_POINT('',(21.,9.48214285714286,-5.));
#9000=CARTESIAN_POINT('',(17.8617717003567,12.470931713946,-5.));
#9001=CARTESIAN_POINT('',(21.,9.48214285714286,0.));
#9002=CARTESIAN_POINT('',(17.8617717003567,12.470931713946,0.));
#9003=CARTESIAN_POINT('',(21.,9.48214285714286,12.2));
#9004=CARTESIAN_POINT('Origin',(21.,13.625,12.2));
#9005=CARTESIAN_POINT('',(21.,6.8125,-5.));
#9006=CARTESIAN_POINT('',(21.,6.8125,0.));
#9007=CARTESIAN_POINT('Origin',(-7.78124999999989,20.,12.2));
#9008=CARTESIAN_POINT('',(21.,-7.41071428571805,-5.));
#9009=CARTESIAN_POINT('',(-7.78124999999989,20.,-5.));
#9010=CARTESIAN_POINT('',(-0.747045927467457,13.3007580261586,-5.));
#9011=CARTESIAN_POINT('',(21.,-7.41071428571805,0.));
#9012=CARTESIAN_POINT('',(21.,-7.41071428571805,12.2));
#9013=CARTESIAN_POINT('',(-7.78124999999989,20.,0.));
#9014=CARTESIAN_POINT('',(-0.747045927467457,13.3007580261586,0.));
#9015=CARTESIAN_POINT('',(-7.78124999999989,20.,12.2));
#9016=CARTESIAN_POINT('Origin',(-12.13125,20.,12.2));
#9017=CARTESIAN_POINT('',(-12.13125,20.,-5.));
#9018=CARTESIAN_POINT('',(-6.06562500000001,20.,-5.));
#9019=CARTESIAN_POINT('',(-12.13125,20.,0.));
#9020=CARTESIAN_POINT('',(-6.06562500000001,20.,0.));
#9021=CARTESIAN_POINT('',(-12.13125,20.,12.2));
#9022=CARTESIAN_POINT('Origin',(21.,-11.5535714285715,12.2));
#9023=CARTESIAN_POINT('',(21.,-11.5535714285715,-5.));
#9024=CARTESIAN_POINT('',(12.609096313912,-3.56223458467813,-5.));
#9025=CARTESIAN_POINT('',(21.,-11.5535714285715,0.));
#9026=CARTESIAN_POINT('',(12.609096313912,-3.56223458467813,0.));
#9027=CARTESIAN_POINT('',(21.,-11.5535714285715,12.2));
#9028=CARTESIAN_POINT('Origin',(21.,-7.41071428571805,12.2));
#9029=CARTESIAN_POINT('',(21.,-3.70535714285902,-5.));
#9030=CARTESIAN_POINT('',(21.,-3.70535714285902,0.));
#9031=CARTESIAN_POINT('Origin',(-21.,11.5535714285714,12.2));
#9032=CARTESIAN_POINT('',(12.13125,-20.,-5.));
#9033=CARTESIAN_POINT('',(-21.,11.5535714285714,-5.));
#9034=CARTESIAN_POINT('',(-12.609096313912,3.56223458467811,-5.));
#9035=CARTESIAN_POINT('',(12.13125,-20.,0.));
#9036=CARTESIAN_POINT('',(12.13125,-20.,12.2));
#9037=CARTESIAN_POINT('',(-21.,11.5535714285714,0.));
#9038=CARTESIAN_POINT('',(-12.609096313912,3.56223458467811,0.));
#9039=CARTESIAN_POINT('',(-21.,11.5535714285714,12.2));
#9040=CARTESIAN_POINT('Origin',(-21.,7.41071428571411,12.2));
#9041=CARTESIAN_POINT('',(-21.,7.41071428571411,-5.));
#9042=CARTESIAN_POINT('',(-21.,3.70535714285706,-5.));
#9043=CARTESIAN_POINT('',(-21.,7.41071428571411,0.));
#9044=CARTESIAN_POINT('',(-21.,3.70535714285706,0.));
#9045=CARTESIAN_POINT('',(-21.,7.41071428571411,12.2));
#9046=CARTESIAN_POINT('Origin',(7.78125000000295,-20.,12.2));
#9047=CARTESIAN_POINT('',(7.78125000000295,-20.,-5.));
#9048=CARTESIAN_POINT('',(0.747045927469294,-13.3007580261592,-5.));
#9049=CARTESIAN_POINT('',(7.78125000000295,-20.,0.));
#9050=CARTESIAN_POINT('',(0.747045927469294,-13.3007580261592,0.));
#9051=CARTESIAN_POINT('',(7.78125000000295,-20.,12.2));
#9052=CARTESIAN_POINT('Origin',(12.13125,-20.,12.2));
#9053=CARTESIAN_POINT('',(6.06562500000002,-20.,-5.));
#9054=CARTESIAN_POINT('',(6.06562500000002,-20.,0.));
#9055=CARTESIAN_POINT('Origin',(-21.,-9.48214285714286,12.2));
#9056=CARTESIAN_POINT('',(-9.95625,-20.,-5.));
#9057=CARTESIAN_POINT('',(-21.,-9.48214285714286,-5.));
#9058=CARTESIAN_POINT('',(-17.8617717003567,-12.470931713946,-5.));
#9059=CARTESIAN_POINT('',(-9.95625,-20.,0.));
#9060=CARTESIAN_POINT('',(-9.95625,-20.,12.2));
#9061=CARTESIAN_POINT('',(-21.,-9.48214285714286,0.));
#9062=CARTESIAN_POINT('',(-17.8617717003567,-12.470931713946,-1.11022302462516E-15));
#9063=CARTESIAN_POINT('',(-21.,-9.48214285714286,12.2));
#9064=CARTESIAN_POINT('Origin',(-21.,-13.625,12.2));
#9065=CARTESIAN_POINT('',(-21.,-13.625,-5.));
#9066=CARTESIAN_POINT('',(-21.,-6.8125,-5.));
#9067=CARTESIAN_POINT('',(-21.,-13.625,0.));
#9068=CARTESIAN_POINT('',(-21.,-6.8125,0.));
#9069=CARTESIAN_POINT('',(-21.,-13.625,12.2));
#9070=CARTESIAN_POINT('Origin',(-14.30625,-20.,12.2));
#9071=CARTESIAN_POINT('',(-14.30625,-20.,-5.));
#9072=CARTESIAN_POINT('',(-15.5493794589774,-18.8160671819263,-5.));
#9073=CARTESIAN_POINT('',(-14.30625,-20.,0.));
#9074=CARTESIAN_POINT('',(-15.5493794589774,-18.8160671819263,0.));
#9075=CARTESIAN_POINT('',(-14.30625,-20.,12.2));
#9076=CARTESIAN_POINT('Origin',(-9.95625,-20.,12.2));
#9077=CARTESIAN_POINT('',(-4.978125,-20.,-5.));
#9078=CARTESIAN_POINT('',(-4.978125,-20.,0.));
#9079=CARTESIAN_POINT('Origin',(25.5,5.54956314412101,1.4750253732275));
#9080=CARTESIAN_POINT('',(26.,5.54956314412101,2.95005074645499));
#9081=CARTESIAN_POINT('Origin',(25.5,5.54956314412101,2.95005074645499));
#9082=CARTESIAN_POINT('',(26.,5.54956314412101,1.4750253732275));
#9083=CARTESIAN_POINT('Origin',(25.5,3.79956313154,2.95005074645499));
#9084=CARTESIAN_POINT('',(26.,3.79956313154,1.20005073387399));
#9085=CARTESIAN_POINT('Origin',(25.5,3.79956313154,1.20005073387399));
#9086=CARTESIAN_POINT('Origin',(26.,3.79956313154,2.95005074645499));
#9087=CARTESIAN_POINT('Origin',(25.5,12.17978153336,1.2000507338732));
#9088=CARTESIAN_POINT('',(26.,-2.64043693328,1.2000507338732));
#9089=CARTESIAN_POINT('Origin',(25.5,-2.64043693328,1.2000507338732));
#9090=CARTESIAN_POINT('',(26.,12.17978153336,1.2000507338732));
#9091=CARTESIAN_POINT('Origin',(25.5,-2.64043693328,2.95005074645499));
#9092=CARTESIAN_POINT('',(26.,-4.390436945861,2.95005074645499));
#9093=CARTESIAN_POINT('Origin',(25.5,-4.390436945861,2.95005074645499));
#9094=CARTESIAN_POINT('Origin',(26.,-2.64043693328,2.95005074645499));
#9095=CARTESIAN_POINT('Origin',(25.5,-4.390436945861,1.805025376549));
#9096=CARTESIAN_POINT('',(26.,-4.390436945861,1.805025376549));
#9097=CARTESIAN_POINT('Origin',(25.5,-9.401465697939,1.4750253732275));
#9098=CARTESIAN_POINT('',(26.,-9.401465697939,2.95005074645499));
#9099=CARTESIAN_POINT('Origin',(25.5,-9.401465697939,2.95005074645499));
#9100=CARTESIAN_POINT('',(26.,-9.401465697939,1.4750253732275));
#9101=CARTESIAN_POINT('Origin',(25.5,-11.15146571052,2.95005074645499));
#9102=CARTESIAN_POINT('',(26.,-11.15146571052,1.20005073387399));
#9103=CARTESIAN_POINT('Origin',(25.5,-11.15146571052,1.20005073387399));
#9104=CARTESIAN_POINT('Origin',(26.,-11.15146571052,2.95005074645499));
#9105=CARTESIAN_POINT('Origin',(25.5,4.70426711233,1.2000507338732));
#9106=CARTESIAN_POINT('',(26.,-17.,1.2000507338732));
#9107=CARTESIAN_POINT('Origin',(25.5,-17.,1.2000507338732));
#9108=CARTESIAN_POINT('',(26.,4.70426711233,1.2000507338732));
#9109=CARTESIAN_POINT('Origin',(18.,-17.,1.20005073387321));
#9110=CARTESIAN_POINT('',(25.9750842750183,-17.6308968270293,1.20005073387318));
#9111=CARTESIAN_POINT('Origin',(25.4766415078297,-17.59146577534,1.20005073387318));
#9112=CARTESIAN_POINT('Origin',(18.,-17.,1.20005073387321));
#9113=CARTESIAN_POINT('Ctrl Pts',(25.4766415078297,-17.59146577534,1.70005073387399));
#9114=CARTESIAN_POINT('Ctrl Pts',(25.4349668698387,-17.9677540965562,1.70005073387399));
#9115=CARTESIAN_POINT('Ctrl Pts',(25.2452728222654,-18.6083388775776,2.01236037234433));
#9116=CARTESIAN_POINT('Ctrl Pts',(25.1251342418228,-18.841465787921,2.66695280674177));
#9117=CARTESIAN_POINT('Ctrl Pts',(25.1251342418228,-18.841465787921,2.95005074645499));
#9118=CARTESIAN_POINT('Ctrl Pts',(25.5512083714313,-17.5973646468786,1.70005073387399));
#9119=CARTESIAN_POINT('Ctrl Pts',(25.5102468514504,-17.9789741201673,1.70183135447378));
#9120=CARTESIAN_POINT('Ctrl Pts',(25.3272194192166,-18.6224942543964,2.02921444584538));
#9121=CARTESIAN_POINT('Ctrl Pts',(25.2150532622371,-18.841465787921,2.67368316682544));
#9122=CARTESIAN_POINT('Ctrl Pts',(25.2150532622371,-18.841465787921,2.95005074645499));
#9123=CARTESIAN_POINT('Ctrl Pts',(25.7000715984897,-17.6091409910994,1.66583347596061));
#9124=CARTESIAN_POINT('Ctrl Pts',(25.6605237430469,-18.0117306688469,1.67010949138916));
#9125=CARTESIAN_POINT('Ctrl Pts',(25.4906667103236,-18.683347301809,2.02760331458942));
#9126=CARTESIAN_POINT('Ctrl Pts',(25.3942861583598,-18.8912091345245,2.67575694837961));
#9127=CARTESIAN_POINT('Ctrl Pts',(25.3942861583598,-18.8912091345245,2.95005074645499));
#9128=CARTESIAN_POINT('Ctrl Pts',(25.9097130638335,-17.6257254096131,1.49856294993103));
#9129=CARTESIAN_POINT('Ctrl Pts',(25.8706353836891,-18.0935689628365,1.5030348169028));
#9130=CARTESIAN_POINT('Ctrl Pts',(25.7079595542194,-18.8780592804227,1.90448101976132));
#9131=CARTESIAN_POINT('Ctrl Pts',(25.6203519069028,-19.1274018581025,2.63906203515541));
#9132=CARTESIAN_POINT('Ctrl Pts',(25.6203519069028,-19.1274018581025,2.95005074645499));
#9133=CARTESIAN_POINT('Ctrl Pts',(25.9750842750183,-17.6308968270293,1.31225047150219));
#9134=CARTESIAN_POINT('Ctrl Pts',(25.9333202147512,-18.1592546158012,1.31395699762711));
#9135=CARTESIAN_POINT('Ctrl Pts',(25.7508341364647,-19.0553631068802,1.73804023919807));
#9136=CARTESIAN_POINT('Ctrl Pts',(25.6422516532743,-19.3694264888468,2.58595359416685));
#9137=CARTESIAN_POINT('Ctrl Pts',(25.6422516532743,-19.3694264888468,2.95005074645499));
#9138=CARTESIAN_POINT('Ctrl Pts',(25.9750842750183,-17.6308968270293,1.20005073387399));
#9139=CARTESIAN_POINT('Ctrl Pts',(25.9306313278279,-18.1928207184296,1.20005073387399));
#9140=CARTESIAN_POINT('Ctrl Pts',(25.7282910104164,-19.1494273220041,1.63728422647513));
#9141=CARTESIAN_POINT('Ctrl Pts',(25.6001431912776,-19.4975635071157,2.55371363199622));
#9142=CARTESIAN_POINT('Ctrl Pts',(25.6001431912776,-19.4975635071157,2.95005074645499));
#9143=CARTESIAN_POINT('',(25.6001431912776,-19.4975635071157,2.95005074645499));
#9144=CARTESIAN_POINT('Origin',(25.1251342418228,-19.341465787921,2.95005074645499));
#9145=CARTESIAN_POINT('Ctrl Pts',(25.6001431912776,-19.4975635071157,2.95005074645499));
#9146=CARTESIAN_POINT('Ctrl Pts',(25.6001431912776,-19.4975635071157,2.55371363199622));
#9147=CARTESIAN_POINT('Ctrl Pts',(25.7282910104164,-19.1494273220041,1.63728422647513));
#9148=CARTESIAN_POINT('Ctrl Pts',(25.9306313278279,-18.1928207184296,1.20005073387399));
#9149=CARTESIAN_POINT('Ctrl Pts',(25.9750842750183,-17.6308968270293,1.20005073387399));
#9150=CARTESIAN_POINT('Origin',(25.1251342418228,-19.341465787921,0.));
#9151=CARTESIAN_POINT('',(25.6001431912776,-19.4975635071157,0.));
#9152=CARTESIAN_POINT('Origin',(26.,27.,0.));
#9153=CARTESIAN_POINT('',(26.,-17.,-3.));
#9154=CARTESIAN_POINT('',(26.,-17.,0.));
#9155=CARTESIAN_POINT('',(26.,17.,-3.));
#9156=CARTESIAN_POINT('',(26.,13.5,-3.));
#9157=CARTESIAN_POINT('',(26.,17.,0.));
#9158=CARTESIAN_POINT('Origin',(18.,-17.,0.));
#9159=CARTESIAN_POINT('',(18.,-25.,-3.));
#9160=CARTESIAN_POINT('',(18.,-25.,0.));
#9161=CARTESIAN_POINT('Origin',(18.,-17.,-3.));
#9162=CARTESIAN_POINT('Origin',(-25.1460406512478,-19.276862536631,0.));
#9163=CARTESIAN_POINT('',(-25.1460406512478,-18.776862536631,2.95005074645499));
#9164=CARTESIAN_POINT('',(-25.1460406512478,-18.776862536631,-1.2921076574778E-31));
#9165=CARTESIAN_POINT('',(-25.622443361331,-19.4286533724064,2.95005074645499));
#9166=CARTESIAN_POINT('Origin',(-25.1460406512478,-19.276862536631,2.95005074645499));
#9167=CARTESIAN_POINT('',(-25.622443361331,-19.4286533724064,0.));
#9168=CARTESIAN_POINT('Ctrl Pts',(-25.1460406512478,-18.776862536631,2.95005074645499));
#9169=CARTESIAN_POINT('Ctrl Pts',(-25.1460406512478,-18.776862536631,2.66718397277204));
#9170=CARTESIAN_POINT('Ctrl Pts',(-25.2626651892903,-18.5441901045147,2.01270067056068));
#9171=CARTESIAN_POINT('Ctrl Pts',(-25.4443791205629,-17.9030864719668,1.70005073387399));
#9172=CARTESIAN_POINT('Ctrl Pts',(-25.4814715050418,-17.52686252405,1.70005073387399));
#9173=CARTESIAN_POINT('Ctrl Pts',(-25.2355285474822,-18.776862536631,2.95005074645499));
#9174=CARTESIAN_POINT('Ctrl Pts',(-25.2355285474822,-18.776862536631,2.67367352379105));
#9175=CARTESIAN_POINT('Ctrl Pts',(-25.3444252644707,-18.5578974075136,2.02895168113071));
#9176=CARTESIAN_POINT('Ctrl Pts',(-25.5196301623878,-17.9136428360802,1.70163659363217));
#9177=CARTESIAN_POINT('Ctrl Pts',(-25.556086539703,-17.5321170873357,1.70005073387399));
#9178=CARTESIAN_POINT('Ctrl Pts',(-25.4139113907732,-18.8261217602471,2.95005074645499));
#9179=CARTESIAN_POINT('Ctrl Pts',(-25.4139113907732,-18.8261217602471,2.67538793539984));
#9180=CARTESIAN_POINT('Ctrl Pts',(-25.507506207821,-18.6176588607418,2.0264663436929));
#9181=CARTESIAN_POINT('Ctrl Pts',(-25.6698503862293,-17.9450728606942,1.66964180196962));
#9182=CARTESIAN_POINT('Ctrl Pts',(-25.7050459542545,-17.5426071537724,1.66583348884872));
#9183=CARTESIAN_POINT('Ctrl Pts',(-25.6397131790204,-19.0602234705336,2.95005074645499));
#9184=CARTESIAN_POINT('Ctrl Pts',(-25.6397131790204,-19.0602234705336,2.63866628727517));
#9185=CARTESIAN_POINT('Ctrl Pts',(-25.7247707147502,-18.8104332407002,1.90328190807169));
#9186=CARTESIAN_POINT('Ctrl Pts',(-25.8800476672879,-18.0250617971046,1.50254571061034));
#9187=CARTESIAN_POINT('Ctrl Pts',(-25.9148228733169,-17.5573801295152,1.49856296780971));
#9188=CARTESIAN_POINT('Ctrl Pts',(-25.6631936890146,-19.3007565435493,2.95005074645499));
#9189=CARTESIAN_POINT('Ctrl Pts',(-25.6631936890146,-19.3007565435493,2.58600100824663));
#9190=CARTESIAN_POINT('Ctrl Pts',(-25.7685644362391,-18.9870405893784,1.73787537778334));
#9191=CARTESIAN_POINT('Ctrl Pts',(-25.9430673942159,-18.0902101196834,1.31377034109604));
#9192=CARTESIAN_POINT('Ctrl Pts',(-25.9802362720445,-17.56198669232,1.31225047150219));
#9193=CARTESIAN_POINT('Ctrl Pts',(-25.622443361331,-19.4286533724064,2.95005074645499));
#9194=CARTESIAN_POINT('Ctrl Pts',(-25.622443361331,-19.4286533724064,2.55403726443765));
#9195=CARTESIAN_POINT('Ctrl Pts',(-25.7468428685764,-19.0811958747785,1.63776064397666));
#9196=CARTESIAN_POINT('Ctrl Pts',(-25.9406710619338,-18.1238144529268,1.20005073387399));
#9197=CARTESIAN_POINT('Ctrl Pts',(-25.9802362720445,-17.56198669232,1.20005073387399));
#9198=CARTESIAN_POINT('',(-25.4814715050418,-17.52686252405,1.70005073387399));
#9199=CARTESIAN_POINT('',(-25.9802362720445,-17.56198669232,1.20005073387399));
#9200=CARTESIAN_POINT('Origin',(-25.4814715050418,-17.52686252405,1.20005073387399));
#9201=CARTESIAN_POINT('Ctrl Pts',(-25.9802362720445,-17.56198669232,1.20005073387399));
#9202=CARTESIAN_POINT('Ctrl Pts',(-25.9406710619338,-18.1238144529268,1.20005073387399));
#9203=CARTESIAN_POINT('Ctrl Pts',(-25.7468428685764,-19.0811958747785,1.63776064397666));
#9204=CARTESIAN_POINT('Ctrl Pts',(-25.622443361331,-19.4286533724064,2.55403726443765));
#9205=CARTESIAN_POINT('Ctrl Pts',(-25.622443361331,-19.4286533724064,2.95005074645499));
#9206=CARTESIAN_POINT('Ctrl Pts',(-25.1460406512478,-18.776862536631,2.95005074645499));
#9207=CARTESIAN_POINT('Ctrl Pts',(-25.1460406512478,-18.776862536631,2.66718397277204));
#9208=CARTESIAN_POINT('Ctrl Pts',(-25.2626651892903,-18.5441901045147,2.01270067056068));
#9209=CARTESIAN_POINT('Ctrl Pts',(-25.4443791205629,-17.9030864719668,1.70005073387399));
#9210=CARTESIAN_POINT('Ctrl Pts',(-25.4814715050418,-17.52686252405,1.70005073387399));
#9211=CARTESIAN_POINT('Origin',(-18.,-17.,1.20005073387321));
#9212=CARTESIAN_POINT('',(-25.5,-17.,1.7000507338732));
#9213=CARTESIAN_POINT('',(-26.,-17.,1.20005073387318));
#9214=CARTESIAN_POINT('Origin',(-25.5,-17.,1.20005073387318));
#9215=CARTESIAN_POINT('Origin',(-18.,-17.,1.20005073387321));
#9216=CARTESIAN_POINT('Origin',(-18.,-17.,1.70005073387322));
#9217=CARTESIAN_POINT('Origin',(-25.5,-19.043431229615,1.2000507338732));
#9218=CARTESIAN_POINT('',(-25.5,-11.08686245923,1.7000507338732));
#9219=CARTESIAN_POINT('',(-26.,-11.08686245923,1.2000507338732));
#9220=CARTESIAN_POINT('Origin',(-25.5,-11.08686245923,1.2000507338732));
#9221=CARTESIAN_POINT('',(-26.,-19.043431229615,1.2000507338732));
#9222=CARTESIAN_POINT('',(-25.5,-19.043431229615,1.7000507338732));
#9223=CARTESIAN_POINT('Origin',(-25.5,-11.08686245923,2.95005074645499));
#9224=CARTESIAN_POINT('',(-25.5,-9.836862446649,2.95005074645499));
#9225=CARTESIAN_POINT('',(-26.,-9.336862446649,2.95005074645499));
#9226=CARTESIAN_POINT('Origin',(-25.5,-9.336862446649,2.95005074645499));
#9227=CARTESIAN_POINT('Origin',(-26.,-11.08686245923,2.95005074645499));
#9228=CARTESIAN_POINT('Origin',(-25.5,-11.08686245923,2.95005074645499));
#9229=CARTESIAN_POINT('Origin',(-25.5,-9.336862446649,1.805025376549));
#9230=CARTESIAN_POINT('',(-25.5,-9.836862446649,3.2));
#9231=CARTESIAN_POINT('',(-26.,-9.336862446649,3.2));
#9232=CARTESIAN_POINT('Origin',(-25.5,-9.336862446649,3.2));
#9233=CARTESIAN_POINT('',(-26.,-9.336862446649,1.805025376549));
#9234=CARTESIAN_POINT('',(-25.5,-9.836862446649,1.805025376549));
#9235=CARTESIAN_POINT('Origin',(-21.713588535317,-9.836862446649,3.610050753098));
#9236=CARTESIAN_POINT('',(-10.8567942676585,-9.836862446649,3.2));
#9237=CARTESIAN_POINT('',(-21.713588535317,-9.836862446649,2.950050746455));
#9238=CARTESIAN_POINT('Origin',(-21.713588535317,-11.08686245923,2.950050746455));
#9239=CARTESIAN_POINT('',(-21.713588535317,-11.08686245923,1.70005073387321));
#9240=CARTESIAN_POINT('Origin',(-21.713588535317,-11.08686245923,1.70005073387321));
#9241=CARTESIAN_POINT('',(-21.713588535317,-17.52686252405,1.70005073387321));
#9242=CARTESIAN_POINT('Origin',(-21.713588535317,-17.52686252405,2.950050746455));
#9243=CARTESIAN_POINT('',(-21.713588535317,-18.776862536631,2.950050746455));
#9244=CARTESIAN_POINT('Origin',(-21.713588535317,-18.776862536631,2.950050746455));
#9245=CARTESIAN_POINT('Origin',(-25.5,-5.982222129747,1.5000253858295));
#9246=CARTESIAN_POINT('',(-26.,-5.982222129747,3.2));
#9247=CARTESIAN_POINT('',(-25.5,-5.482222129747,3.2));
#9248=CARTESIAN_POINT('Origin',(-25.5,-5.982222129747,3.2));
#9249=CARTESIAN_POINT('',(-25.5,-5.482222129747,3.00005077165899));
#9250=CARTESIAN_POINT('',(-25.5,-5.482222129747,1.5000253858295));
#9251=CARTESIAN_POINT('',(-26.,-5.982222129747,3.00005077165899));
#9252=CARTESIAN_POINT('Origin',(-25.5,-5.982222129747,3.00005077165899));
#9253=CARTESIAN_POINT('',(-26.,-5.982222129747,1.5000253858295));
#9254=CARTESIAN_POINT('Origin',(-25.5,-4.98222213393,3.00005077165899));
#9255=CARTESIAN_POINT('',(-25.5,-4.98222213393,2.50005077584199));
#9256=CARTESIAN_POINT('',(-26.,-4.98222213393,2.00005077584199));
#9257=CARTESIAN_POINT('Origin',(-25.5,-4.98222213393,2.00005077584199));
#9258=CARTESIAN_POINT('Origin',(-26.,-4.98222213393,3.00005077165899));
#9259=CARTESIAN_POINT('Origin',(-25.5,-4.98222213393,3.00005077165899));
#9260=CARTESIAN_POINT('Origin',(-25.5,-9.891111117995,2.00005077584199));
#9261=CARTESIAN_POINT('',(-25.5,7.21777776401,2.50005077584199));
#9262=CARTESIAN_POINT('',(-26.,7.21777776401,2.00005077584199));
#9263=CARTESIAN_POINT('Origin',(-25.5,7.21777776401,2.00005077584199));
#9264=CARTESIAN_POINT('',(-26.,-9.891111117995,2.00005077584199));
#9265=CARTESIAN_POINT('',(-25.5,-9.891111117995,2.50005077584199));
#9266=CARTESIAN_POINT('Origin',(-25.5,7.21777776401,3.00005077165899));
#9267=CARTESIAN_POINT('',(-25.5,7.717777759827,3.00005077165899));
#9268=CARTESIAN_POINT('',(-26.,8.217777759827,3.00005077165899));
#9269=CARTESIAN_POINT('Origin',(-25.5,8.217777759827,3.00005077165899));
#9270=CARTESIAN_POINT('Origin',(-26.,7.21777776401,3.00005077165899));
#9271=CARTESIAN_POINT('Origin',(-25.5,7.21777776401,3.00005077165899));
#9272=CARTESIAN_POINT('Origin',(-25.5,8.217777759827,3.8500253661705));
#9273=CARTESIAN_POINT('',(-25.5,7.717777759827,3.2));
#9274=CARTESIAN_POINT('',(-26.,8.217777759827,3.2));
#9275=CARTESIAN_POINT('Origin',(-25.5,8.217777759827,3.2));
#9276=CARTESIAN_POINT('',(-26.,8.217777759827,3.8500253661705));
#9277=CARTESIAN_POINT('',(-25.5,7.717777759827,3.8500253661705));
#9278=CARTESIAN_POINT('Origin',(-26.,-27.,0.));
#9279=CARTESIAN_POINT('',(-26.,-13.5,3.2));
#9280=CARTESIAN_POINT('',(-26.,17.,3.2));
#9281=CARTESIAN_POINT('',(-26.,-13.5,3.2));
#9282=CARTESIAN_POINT('',(-26.,17.,-3.));
#9283=CARTESIAN_POINT('',(-26.,17.,0.));
#9284=CARTESIAN_POINT('',(-26.,-17.,-3.));
#9285=CARTESIAN_POINT('',(-26.,-13.5,-3.));
#9286=CARTESIAN_POINT('',(-26.,-17.,0.));
#9287=CARTESIAN_POINT('Origin',(0.,2.22044604925031E-15,3.2));
#9288=CARTESIAN_POINT('',(-0.659136273263001,24.5,3.2));
#9289=CARTESIAN_POINT('',(-0.659136273263001,10.4697341185415,3.2));
#9290=CARTESIAN_POINT('',(-1.159136273263,25.,3.2));
#9291=CARTESIAN_POINT('Origin',(-1.159136273263,24.5,3.2));
#9292=CARTESIAN_POINT('',(-18.,25.,3.2));
#9293=CARTESIAN_POINT('',(-14.,25.,3.2));
#9294=CARTESIAN_POINT('Origin',(-18.,17.,3.2));
#9295=CARTESIAN_POINT('',(-10.8556822386765,7.717777759827,3.2));
#9296=CARTESIAN_POINT('Origin',(8.780863816719,24.5,1.80502537654898));
#9297=CARTESIAN_POINT('',(8.780863816719,25.,2.950050746455));
#9298=CARTESIAN_POINT('',(8.780863816719,25.,1.80502537654898));
#9299=CARTESIAN_POINT('Origin',(8.780863816719,24.5,2.950050746455));
#9300=CARTESIAN_POINT('Origin',(7.030863804138,24.5,2.950050746455));
#9301=CARTESIAN_POINT('',(7.030863804138,25.,1.200050733874));
#9302=CARTESIAN_POINT('Origin',(7.030863804138,24.5,1.200050733874));
#9303=CARTESIAN_POINT('Origin',(7.030863804138,25.,2.950050746455));
#9304=CARTESIAN_POINT('Origin',(-10.484568097931,24.5,1.20005073387321));
#9305=CARTESIAN_POINT('',(0.590863739317999,25.,1.20005073387321));
#9306=CARTESIAN_POINT('',(0.590863739317999,24.5,1.70005073387321));
#9307=CARTESIAN_POINT('Origin',(0.590863739317999,24.5,1.20005073387321));
#9308=CARTESIAN_POINT('',(-10.484568097931,24.5,1.70005073387321));
#9309=CARTESIAN_POINT('',(-10.484568097931,25.,1.20005073387321));
#9310=CARTESIAN_POINT('Origin',(0.590863739317999,24.5,2.950050746455));
#9311=CARTESIAN_POINT('',(-1.15913627326379,25.,2.950050746455));
#9312=CARTESIAN_POINT('',(-0.659136273263001,24.5,2.950050746455));
#9313=CARTESIAN_POINT('Origin',(-1.15913627326379,24.5,2.950050746455));
#9314=CARTESIAN_POINT('Origin',(0.590863739317999,24.5,2.950050746455));
#9315=CARTESIAN_POINT('Origin',(0.590863739317999,25.,2.950050746455));
#9316=CARTESIAN_POINT('Origin',(-1.159136273263,24.5,1.4750253732275));
#9317=CARTESIAN_POINT('',(-0.659136273263001,24.5,1.4750253732275));
#9318=CARTESIAN_POINT('',(-1.159136273263,25.,1.4750253732275));
#9319=CARTESIAN_POINT('Origin',(7.030863804138,20.939468237083,1.70005073387321));
#9320=CARTESIAN_POINT('',(0.590863739317999,20.939468237083,1.70005073387321));
#9321=CARTESIAN_POINT('Origin',(0.590863739317999,20.939468237083,2.950050746455));
#9322=CARTESIAN_POINT('',(-0.659136273263001,20.939468237083,2.950050746455));
#9323=CARTESIAN_POINT('Origin',(-0.659136273263001,20.939468237083,2.950050746455));
#9324=CARTESIAN_POINT('Origin',(18.,17.,-3.));
#9325=CARTESIAN_POINT('',(24.,17.,-5.));
#9326=CARTESIAN_POINT('Origin',(24.,17.,-3.));
#9327=CARTESIAN_POINT('',(18.,23.,-5.));
#9328=CARTESIAN_POINT('Origin',(18.,17.,-5.));
#9329=CARTESIAN_POINT('',(18.,25.,-3.));
#9330=CARTESIAN_POINT('Origin',(18.,23.,-3.));
#9331=CARTESIAN_POINT('Origin',(18.,17.,-3.));
#9332=CARTESIAN_POINT('Origin',(-14.,23.,-3.));
#9333=CARTESIAN_POINT('',(-18.,23.,-5.));
#9334=CARTESIAN_POINT('',(-18.,25.,-3.));
#9335=CARTESIAN_POINT('Origin',(-18.,23.,-3.));
#9336=CARTESIAN_POINT('',(-14.,25.,-3.));
#9337=CARTESIAN_POINT('',(-14.,23.,-5.));
#9338=CARTESIAN_POINT('Origin',(-18.,17.,-3.));
#9339=CARTESIAN_POINT('',(-24.,17.,-5.));
#9340=CARTESIAN_POINT('Origin',(-24.,17.,-3.));
#9341=CARTESIAN_POINT('Origin',(-18.,17.,-3.));
#9342=CARTESIAN_POINT('Origin',(-18.,17.,-5.));
#9343=CARTESIAN_POINT('Origin',(-24.,-13.5,-3.));
#9344=CARTESIAN_POINT('',(-24.,-17.,-5.));
#9345=CARTESIAN_POINT('Origin',(-24.,-17.,-3.));
#9346=CARTESIAN_POINT('',(-24.,-13.5,-5.));
#9347=CARTESIAN_POINT('Origin',(-18.,-17.,-3.));
#9348=CARTESIAN_POINT('',(-18.,-23.,-5.));
#9349=CARTESIAN_POINT('',(-18.,-25.,-3.));
#9350=CARTESIAN_POINT('Origin',(-18.,-23.,-3.));
#9351=CARTESIAN_POINT('Origin',(-18.,-17.,-3.));
#9352=CARTESIAN_POINT('Origin',(-18.,-17.,-5.));
#9353=CARTESIAN_POINT('Origin',(14.,-23.,-3.));
#9354=CARTESIAN_POINT('',(18.,-23.,-5.));
#9355=CARTESIAN_POINT('Origin',(18.,-23.,-3.));
#9356=CARTESIAN_POINT('',(14.,-25.,-3.));
#9357=CARTESIAN_POINT('',(14.,-23.,-5.));
#9358=CARTESIAN_POINT('Origin',(18.,-17.,-3.));
#9359=CARTESIAN_POINT('',(24.,-17.,-5.));
#9360=CARTESIAN_POINT('Origin',(24.,-17.,-3.));
#9361=CARTESIAN_POINT('Origin',(18.,-17.,-5.));
#9362=CARTESIAN_POINT('Origin',(24.,13.5,-3.));
#9363=CARTESIAN_POINT('',(24.,13.5,-5.));
#9364=CARTESIAN_POINT('Origin',(28.,-25.,0.));
#9365=CARTESIAN_POINT('',(-18.,-25.,0.));
#9366=CARTESIAN_POINT('Origin',(18.,17.,0.));
#9367=CARTESIAN_POINT('',(18.,25.,0.));
#9368=CARTESIAN_POINT('Origin',(0.,0.,-5.));
#9369=CARTESIAN_POINT('Origin',(-21.711364477353,7.21777776401,3.000050771659));
#9370=CARTESIAN_POINT('',(-21.711364477353,7.717777759827,3.000050771659));
#9371=CARTESIAN_POINT('',(-21.711364477353,7.21777776401,2.500050775842));
#9372=CARTESIAN_POINT('Origin',(-21.711364477353,7.21777776401,2.500050775842));
#9373=CARTESIAN_POINT('',(-21.711364477353,-4.98222213393,2.500050775842));
#9374=CARTESIAN_POINT('Origin',(-21.711364477353,-5.482222129747,3.000050771659));
#9375=CARTESIAN_POINT('',(-21.711364477353,-5.482222129747,3.000050771659));
#9376=CARTESIAN_POINT('',(-10.8556822386765,-5.482222129747,3.2));
#9377=CARTESIAN_POINT('Origin',(-21.711364477353,-4.98222213393,3.000050771659));
#9378=CARTESIAN_POINT('Origin',(-21.711364477353,7.717777759827,7.700050732341));
#9379=CARTESIAN_POINT('Origin',(-28.,25.,0.));
#9380=CARTESIAN_POINT('',(-18.,25.,0.));
#9381=CARTESIAN_POINT('Origin',(-18.,17.,0.));
#9382=CARTESIAN_POINT('Origin',(22.,-21.,0.));
#9383=CARTESIAN_POINT('',(22.,-21.,0.));
#9384=CARTESIAN_POINT('',(22.,-21.,0.));
#9385=CARTESIAN_POINT('',(11.,-21.,0.));
#9386=CARTESIAN_POINT('Origin',(0.,0.,0.));
#9387=CARTESIAN_POINT('',(22.,10.5,0.));
#9388=CARTESIAN_POINT('Origin',(0.,2.22044604925031E-15,3.2));
#9389=CARTESIAN_POINT('Origin',(-18.,-17.,0.));
#9390=CARTESIAN_POINT('Origin',(22.,21.,0.));
#9391=CARTESIAN_POINT('Origin',(7.78125000000295,-20.,12.2));
#9392=CARTESIAN_POINT('',(7.78125000000295,-20.,12.2));
#9393=CARTESIAN_POINT('',(-21.,7.41071428571411,12.2));
#9394=CARTESIAN_POINT('',(7.78125000000295,-20.,12.2));
#9395=CARTESIAN_POINT('',(-21.,7.41071428571411,9.2));
#9396=CARTESIAN_POINT('',(-21.,7.41071428571411,12.2));
#9397=CARTESIAN_POINT('',(7.78125000000295,-20.,9.2));
#9398=CARTESIAN_POINT('',(7.78125000000295,-20.,9.2));
#9399=CARTESIAN_POINT('',(7.78125000000295,-20.,12.2));
#9400=CARTESIAN_POINT('Origin',(12.13125,-20.,12.2));
#9401=CARTESIAN_POINT('',(12.13125,-20.,12.2));
#9402=CARTESIAN_POINT('',(12.13125,-20.,12.2));
#9403=CARTESIAN_POINT('',(12.13125,-20.,9.2));
#9404=CARTESIAN_POINT('',(12.13125,-20.,9.2));
#9405=CARTESIAN_POINT('',(12.13125,-20.,12.2));
#9406=CARTESIAN_POINT('Origin',(-21.,11.5535714285714,12.2));
#9407=CARTESIAN_POINT('',(-21.,11.5535714285714,12.2));
#9408=CARTESIAN_POINT('',(-21.,11.5535714285714,12.2));
#9409=CARTESIAN_POINT('',(-21.,11.5535714285714,9.2));
#9410=CARTESIAN_POINT('',(-21.,11.5535714285714,9.2));
#9411=CARTESIAN_POINT('',(-21.,11.5535714285714,12.2));
#9412=CARTESIAN_POINT('Origin',(-21.,7.41071428571411,12.2));
#9413=CARTESIAN_POINT('',(-21.,7.41071428571411,12.2));
#9414=CARTESIAN_POINT('',(-21.,7.41071428571411,9.2));
#9415=CARTESIAN_POINT('Origin',(-4.43437499999998,-4.22321428571428,12.2));
#9416=CARTESIAN_POINT('Origin',(-4.43437499999998,-4.22321428571428,9.2));
#9417=CARTESIAN_POINT('Origin',(21.,9.48214285714286,12.2));
#9418=CARTESIAN_POINT('',(21.,9.48214285714286,12.2));
#9419=CARTESIAN_POINT('',(9.95625,20.,12.2));
#9420=CARTESIAN_POINT('',(21.,9.48214285714286,12.2));
#9421=CARTESIAN_POINT('',(9.95625,20.,9.2));
#9422=CARTESIAN_POINT('',(9.95625,20.,12.2));
#9423=CARTESIAN_POINT('',(21.,9.48214285714286,9.2));
#9424=CARTESIAN_POINT('',(21.,9.48214285714286,9.2));
#9425=CARTESIAN_POINT('',(21.,9.48214285714286,12.2));
#9426=CARTESIAN_POINT('Origin',(21.,13.625,12.2));
#9427=CARTESIAN_POINT('',(21.,13.625,12.2));
#9428=CARTESIAN_POINT('',(21.,13.625,12.2));
#9429=CARTESIAN_POINT('',(21.,13.625,9.2));
#9430=CARTESIAN_POINT('',(21.,13.625,9.2));
#9431=CARTESIAN_POINT('',(21.,13.625,12.2));
#9432=CARTESIAN_POINT('Origin',(14.30625,20.,12.2));
#9433=CARTESIAN_POINT('',(14.30625,20.,12.2));
#9434=CARTESIAN_POINT('',(14.30625,20.,12.2));
#9435=CARTESIAN_POINT('',(14.30625,20.,9.2));
#9436=CARTESIAN_POINT('',(14.30625,20.,9.2));
#9437=CARTESIAN_POINT('',(14.30625,20.,12.2));
#9438=CARTESIAN_POINT('Origin',(9.95625,20.,12.2));
#9439=CARTESIAN_POINT('',(9.95625,20.,12.2));
#9440=CARTESIAN_POINT('',(9.95625,20.,9.2));
#9441=CARTESIAN_POINT('Origin',(15.478125,14.7410714285714,12.2));
#9442=CARTESIAN_POINT('Origin',(15.478125,14.7410714285714,9.2));
#9443=CARTESIAN_POINT('Origin',(-21.,20.,12.2));
#9444=CARTESIAN_POINT('',(-21.,20.,12.2));
#9445=CARTESIAN_POINT('',(-18.825,20.,12.2));
#9446=CARTESIAN_POINT('',(-21.,20.,12.2));
#9447=CARTESIAN_POINT('',(-18.825,20.,9.2));
#9448=CARTESIAN_POINT('',(-18.825,20.,12.2));
#9449=CARTESIAN_POINT('',(-21.,20.,9.2));
#9450=CARTESIAN_POINT('',(-21.,20.,9.2));
#9451=CARTESIAN_POINT('',(-21.,20.,12.2));
#9452=CARTESIAN_POINT('Origin',(-21.,17.9285714285714,12.2));
#9453=CARTESIAN_POINT('',(-21.,17.9285714285714,12.2));
#9454=CARTESIAN_POINT('',(-21.,17.9285714285714,12.2));
#9455=CARTESIAN_POINT('',(-21.,17.9285714285714,9.2));
#9456=CARTESIAN_POINT('',(-21.,17.9285714285714,9.2));
#9457=CARTESIAN_POINT('',(-21.,17.9285714285714,12.2));
#9458=CARTESIAN_POINT('Origin',(18.825,-20.,12.2));
#9459=CARTESIAN_POINT('',(18.825,-20.,12.2));
#9460=CARTESIAN_POINT('',(18.825,-20.,12.2));
#9461=CARTESIAN_POINT('',(18.825,-20.,9.2));
#9462=CARTESIAN_POINT('',(18.825,-20.,9.2));
#9463=CARTESIAN_POINT('',(18.825,-20.,12.2));
#9464=CARTESIAN_POINT('Origin',(21.,-20.,12.2));
#9465=CARTESIAN_POINT('',(21.,-20.,12.2));
#9466=CARTESIAN_POINT('',(21.,-20.,12.2));
#9467=CARTESIAN_POINT('',(21.,-20.,9.2));
#9468=CARTESIAN_POINT('',(21.,-20.,9.2));
#9469=CARTESIAN_POINT('',(21.,-20.,12.2));
#9470=CARTESIAN_POINT('Origin',(21.,-17.9285714285714,12.2));
#9471=CARTESIAN_POINT('',(21.,-17.9285714285714,12.2));
#9472=CARTESIAN_POINT('',(21.,-17.9285714285714,12.2));
#9473=CARTESIAN_POINT('',(21.,-17.9285714285714,9.2));
#9474=CARTESIAN_POINT('',(21.,-17.9285714285714,9.2));
#9475=CARTESIAN_POINT('',(21.,-17.9285714285714,12.2));
#9476=CARTESIAN_POINT('Origin',(-18.825,20.,12.2));
#9477=CARTESIAN_POINT('',(-18.825,20.,12.2));
#9478=CARTESIAN_POINT('',(-18.825,20.,9.2));
#9479=CARTESIAN_POINT('Origin',(-4.44089209850063E-15,-4.44089209850063E-15,
12.2));
#9480=CARTESIAN_POINT('Origin',(-4.44089209850063E-15,-4.44089209850063E-15,
9.2));
#9481=CARTESIAN_POINT('Origin',(-3.26250000008957,-20.,12.2));
#9482=CARTESIAN_POINT('',(-3.26250000008957,-20.,12.2));
#9483=CARTESIAN_POINT('',(-21.,-3.10714285713857,12.2));
#9484=CARTESIAN_POINT('',(-3.26250000008957,-20.,12.2));
#9485=CARTESIAN_POINT('',(-21.,-3.10714285713857,9.2));
#9486=CARTESIAN_POINT('',(-21.,-3.10714285713857,12.2));
#9487=CARTESIAN_POINT('',(-3.26250000008957,-20.,9.2));
#9488=CARTESIAN_POINT('',(-3.26250000008957,-20.,9.2));
#9489=CARTESIAN_POINT('',(-3.26250000008957,-20.,12.2));
#9490=CARTESIAN_POINT('Origin',(1.08749999999895,-20.,12.2));
#9491=CARTESIAN_POINT('',(1.08749999999895,-20.,12.2));
#9492=CARTESIAN_POINT('',(1.08749999999895,-20.,12.2));
#9493=CARTESIAN_POINT('',(1.08749999999895,-20.,9.2));
#9494=CARTESIAN_POINT('',(1.08749999999895,-20.,9.2));
#9495=CARTESIAN_POINT('',(1.08749999999895,-20.,12.2));
#9496=CARTESIAN_POINT('Origin',(-21.,1.03571428571434,12.2));
#9497=CARTESIAN_POINT('',(-21.,1.03571428571434,12.2));
#9498=CARTESIAN_POINT('',(-21.,1.03571428571434,12.2));
#9499=CARTESIAN_POINT('',(-21.,1.03571428571434,9.2));
#9500=CARTESIAN_POINT('',(-21.,1.03571428571434,9.2));
#9501=CARTESIAN_POINT('',(-21.,1.03571428571434,12.2));
#9502=CARTESIAN_POINT('Origin',(-21.,-3.10714285713857,12.2));
#9503=CARTESIAN_POINT('',(-21.,-3.10714285713857,12.2));
#9504=CARTESIAN_POINT('',(-21.,-3.10714285713857,9.2));
#9505=CARTESIAN_POINT('Origin',(-9.95625000000053,-9.48214285714283,12.2));
#9506=CARTESIAN_POINT('Origin',(-9.95625000000053,-9.48214285714283,9.2));
#9507=CARTESIAN_POINT('Origin',(21.,-1.03571428571324,12.2));
#9508=CARTESIAN_POINT('',(21.,-1.03571428571324,12.2));
#9509=CARTESIAN_POINT('',(-1.08750000000002,20.,12.2));
#9510=CARTESIAN_POINT('',(21.,-1.03571428571324,12.2));
#9511=CARTESIAN_POINT('',(-1.08750000000002,20.,9.2));
#9512=CARTESIAN_POINT('',(-1.08750000000002,20.,12.2));
#9513=CARTESIAN_POINT('',(21.,-1.03571428571325,9.2));
#9514=CARTESIAN_POINT('',(21.,-1.03571428571324,9.2));
#9515=CARTESIAN_POINT('',(21.,-1.03571428571324,12.2));
#9516=CARTESIAN_POINT('Origin',(21.,3.10714285723414,12.2));
#9517=CARTESIAN_POINT('',(21.,3.10714285723414,12.2));
#9518=CARTESIAN_POINT('',(21.,3.10714285723414,12.2));
#9519=CARTESIAN_POINT('',(21.,3.10714285723414,9.2));
#9520=CARTESIAN_POINT('',(21.,3.10714285723414,9.2));
#9521=CARTESIAN_POINT('',(21.,3.10714285723414,12.2));
#9522=CARTESIAN_POINT('Origin',(3.26250000000176,20.,12.2));
#9523=CARTESIAN_POINT('',(3.26250000000176,20.,12.2));
#9524=CARTESIAN_POINT('',(3.26250000000176,20.,12.2));
#9525=CARTESIAN_POINT('',(3.26250000000176,20.,9.2));
#9526=CARTESIAN_POINT('',(3.26250000000176,20.,9.2));
#9527=CARTESIAN_POINT('',(3.26250000000176,20.,12.2));
#9528=CARTESIAN_POINT('Origin',(-1.08750000000002,20.,12.2));
#9529=CARTESIAN_POINT('',(-1.08750000000002,20.,12.2));
#9530=CARTESIAN_POINT('',(-1.08750000000002,20.,9.2));
#9531=CARTESIAN_POINT('Origin',(9.95624999999999,9.48214285714338,12.2));
#9532=CARTESIAN_POINT('Origin',(9.95624999999999,9.48214285714338,9.2));
#9533=CARTESIAN_POINT('Origin',(21.,-11.5535714285715,12.2));
#9534=CARTESIAN_POINT('',(21.,-11.5535714285715,12.2));
#9535=CARTESIAN_POINT('',(-12.13125,20.,12.2));
#9536=CARTESIAN_POINT('',(21.,-11.5535714285715,12.2));
#9537=CARTESIAN_POINT('',(-12.13125,20.,9.2));
#9538=CARTESIAN_POINT('',(-12.13125,20.,12.2));
#9539=CARTESIAN_POINT('',(21.,-11.5535714285715,9.2));
#9540=CARTESIAN_POINT('',(21.,-11.5535714285715,9.2));
#9541=CARTESIAN_POINT('',(21.,-11.5535714285715,12.2));
#9542=CARTESIAN_POINT('Origin',(21.,-7.41071428571805,12.2));
#9543=CARTESIAN_POINT('',(21.,-7.41071428571805,12.2));
#9544=CARTESIAN_POINT('',(21.,-7.41071428571805,12.2));
#9545=CARTESIAN_POINT('',(21.,-7.41071428571805,9.2));
#9546=CARTESIAN_POINT('',(21.,-7.41071428571805,9.2));
#9547=CARTESIAN_POINT('',(21.,-7.41071428571805,12.2));
#9548=CARTESIAN_POINT('Origin',(-7.78124999999989,20.,12.2));
#9549=CARTESIAN_POINT('',(-7.78124999999989,20.,12.2));
#9550=CARTESIAN_POINT('',(-7.78124999999989,20.,12.2));
#9551=CARTESIAN_POINT('',(-7.78124999999989,20.,9.2));
#9552=CARTESIAN_POINT('',(-7.78124999999989,20.,9.2));
#9553=CARTESIAN_POINT('',(-7.78124999999989,20.,12.2));
#9554=CARTESIAN_POINT('Origin',(-12.13125,20.,12.2));
#9555=CARTESIAN_POINT('',(-12.13125,20.,12.2));
#9556=CARTESIAN_POINT('',(-12.13125,20.,9.2));
#9557=CARTESIAN_POINT('Origin',(4.43437499999999,4.22321428571427,12.2));
#9558=CARTESIAN_POINT('Origin',(4.43437499999999,4.22321428571427,9.2));
#9559=CARTESIAN_POINT('Origin',(-14.30625,-20.,12.2));
#9560=CARTESIAN_POINT('',(-14.30625,-20.,12.2));
#9561=CARTESIAN_POINT('',(-21.,-13.625,12.2));
#9562=CARTESIAN_POINT('',(-14.30625,-20.,12.2));
#9563=CARTESIAN_POINT('',(-21.,-13.625,9.2));
#9564=CARTESIAN_POINT('',(-21.,-13.625,12.2));
#9565=CARTESIAN_POINT('',(-14.30625,-20.,9.2));
#9566=CARTESIAN_POINT('',(-14.30625,-20.,9.2));
#9567=CARTESIAN_POINT('',(-14.30625,-20.,12.2));
#9568=CARTESIAN_POINT('Origin',(-9.95625,-20.,12.2));
#9569=CARTESIAN_POINT('',(-9.95625,-20.,12.2));
#9570=CARTESIAN_POINT('',(-9.95625,-20.,12.2));
#9571=CARTESIAN_POINT('',(-9.95625,-20.,9.2));
#9572=CARTESIAN_POINT('',(-9.95625,-20.,9.2));
#9573=CARTESIAN_POINT('',(-9.95625,-20.,12.2));
#9574=CARTESIAN_POINT('Origin',(-21.,-9.48214285714286,12.2));
#9575=CARTESIAN_POINT('',(-21.,-9.48214285714286,12.2));
#9576=CARTESIAN_POINT('',(-21.,-9.48214285714286,12.2));
#9577=CARTESIAN_POINT('',(-21.,-9.48214285714286,9.2));
#9578=CARTESIAN_POINT('',(-21.,-9.48214285714286,9.2));
#9579=CARTESIAN_POINT('',(-21.,-9.48214285714286,12.2));
#9580=CARTESIAN_POINT('Origin',(-21.,-13.625,12.2));
#9581=CARTESIAN_POINT('',(-21.,-13.625,12.2));
#9582=CARTESIAN_POINT('',(-21.,-13.625,9.2));
#9583=CARTESIAN_POINT('Origin',(-15.478125,-14.7410714285714,12.2));
#9584=CARTESIAN_POINT('Origin',(-15.478125,-14.7410714285714,9.2));
#9585=CARTESIAN_POINT('Origin',(-15.478125,-14.7410714285714,-5.));
#9586=CARTESIAN_POINT('',(-21.,-13.625,-5.));
#9587=CARTESIAN_POINT('',(-21.,-9.48214285714286,-5.));
#9588=CARTESIAN_POINT('',(-21.,-13.625,-5.));
#9589=CARTESIAN_POINT('',(-9.95625,-20.,-5.));
#9590=CARTESIAN_POINT('',(-21.,-9.48214285714286,-5.));
#9591=CARTESIAN_POINT('',(-14.30625,-20.,-5.));
#9592=CARTESIAN_POINT('',(-9.95625,-20.,-5.));
#9593=CARTESIAN_POINT('',(-14.30625,-20.,-5.));
#9594=CARTESIAN_POINT('Origin',(-14.30625,-20.,0.));
#9595=CARTESIAN_POINT('',(-14.30625,-20.,0.));
#9596=CARTESIAN_POINT('',(-21.,-13.625,0.));
#9597=CARTESIAN_POINT('',(-14.30625,-20.,0.));
#9598=CARTESIAN_POINT('',(-21.,-13.625,0.));
#9599=CARTESIAN_POINT('',(-14.30625,-20.,0.));
#9600=CARTESIAN_POINT('Origin',(-9.95625,-20.,0.));
#9601=CARTESIAN_POINT('',(-9.95625,-20.,0.));
#9602=CARTESIAN_POINT('',(-9.95625,-20.,0.));
#9603=CARTESIAN_POINT('',(-9.95625,-20.,0.));
#9604=CARTESIAN_POINT('Origin',(-21.,-9.48214285714286,0.));
#9605=CARTESIAN_POINT('',(-21.,-9.48214285714286,0.));
#9606=CARTESIAN_POINT('',(-21.,-9.48214285714286,0.));
#9607=CARTESIAN_POINT('',(-21.,-9.48214285714286,0.));
#9608=CARTESIAN_POINT('Origin',(-21.,-13.625,0.));
#9609=CARTESIAN_POINT('',(-21.,-13.625,0.));
#9610=CARTESIAN_POINT('Origin',(-15.478125,-14.7410714285714,0.));
#9611=CARTESIAN_POINT('Origin',(4.43437499999999,4.22321428571427,-5.));
#9612=CARTESIAN_POINT('',(-12.13125,20.,-5.));
#9613=CARTESIAN_POINT('',(-7.78124999999989,20.,-5.));
#9614=CARTESIAN_POINT('',(-12.13125,20.,-5.));
#9615=CARTESIAN_POINT('',(21.,-7.41071428571805,-5.));
#9616=CARTESIAN_POINT('',(-7.78124999999989,20.,-5.));
#9617=CARTESIAN_POINT('',(21.,-11.5535714285715,-5.));
#9618=CARTESIAN_POINT('',(21.,-7.41071428571805,-5.));
#9619=CARTESIAN_POINT('',(21.,-11.5535714285715,-5.));
#9620=CARTESIAN_POINT('Origin',(21.,-11.5535714285715,0.));
#9621=CARTESIAN_POINT('',(21.,-11.5535714285715,0.));
#9622=CARTESIAN_POINT('',(-12.13125,20.,0.));
#9623=CARTESIAN_POINT('',(21.,-11.5535714285715,0.));
#9624=CARTESIAN_POINT('',(-12.13125,20.,0.));
#9625=CARTESIAN_POINT('',(21.,-11.5535714285715,0.));
#9626=CARTESIAN_POINT('Origin',(21.,-7.41071428571805,0.));
#9627=CARTESIAN_POINT('',(21.,-7.41071428571805,0.));
#9628=CARTESIAN_POINT('',(21.,-7.41071428571805,0.));
#9629=CARTESIAN_POINT('',(21.,-7.41071428571805,0.));
#9630=CARTESIAN_POINT('Origin',(-7.78124999999989,20.,0.));
#9631=CARTESIAN_POINT('',(-7.78124999999989,20.,0.));
#9632=CARTESIAN_POINT('',(-7.78124999999989,20.,0.));
#9633=CARTESIAN_POINT('',(-7.78124999999989,20.,0.));
#9634=CARTESIAN_POINT('Origin',(-12.13125,20.,0.));
#9635=CARTESIAN_POINT('',(-12.13125,20.,0.));
#9636=CARTESIAN_POINT('Origin',(4.43437499999999,4.22321428571427,0.));
#9637=CARTESIAN_POINT('Origin',(9.95624999999999,9.48214285714338,-5.));
#9638=CARTESIAN_POINT('',(-1.08750000000002,20.,-5.));
#9639=CARTESIAN_POINT('',(3.26250000000176,20.,-5.));
#9640=CARTESIAN_POINT('',(-1.08750000000002,20.,-5.));
#9641=CARTESIAN_POINT('',(21.,3.10714285723414,-5.));
#9642=CARTESIAN_POINT('',(3.26250000000176,20.,-5.));
#9643=CARTESIAN_POINT('',(21.,-1.03571428571325,-5.));
#9644=CARTESIAN_POINT('',(21.,3.10714285723414,-5.));
#9645=CARTESIAN_POINT('',(21.,-1.03571428571324,-5.));
#9646=CARTESIAN_POINT('Origin',(21.,-1.03571428571324,0.));
#9647=CARTESIAN_POINT('',(21.,-1.03571428571324,0.));
#9648=CARTESIAN_POINT('',(-1.08750000000002,20.,0.));
#9649=CARTESIAN_POINT('',(21.,-1.03571428571324,0.));
#9650=CARTESIAN_POINT('',(-1.08750000000002,20.,0.));
#9651=CARTESIAN_POINT('',(21.,-1.03571428571324,0.));
#9652=CARTESIAN_POINT('Origin',(21.,3.10714285723414,0.));
#9653=CARTESIAN_POINT('',(21.,3.10714285723414,0.));
#9654=CARTESIAN_POINT('',(21.,3.10714285723414,0.));
#9655=CARTESIAN_POINT('',(21.,3.10714285723414,0.));
#9656=CARTESIAN_POINT('Origin',(3.26250000000176,20.,0.));
#9657=CARTESIAN_POINT('',(3.26250000000176,20.,0.));
#9658=CARTESIAN_POINT('',(3.26250000000176,20.,0.));
#9659=CARTESIAN_POINT('',(3.26250000000176,20.,0.));
#9660=CARTESIAN_POINT('Origin',(-1.08750000000002,20.,0.));
#9661=CARTESIAN_POINT('',(-1.08750000000002,20.,0.));
#9662=CARTESIAN_POINT('Origin',(9.95624999999999,9.48214285714338,0.));
#9663=CARTESIAN_POINT('Origin',(-9.95625000000053,-9.48214285714283,-5.));
#9664=CARTESIAN_POINT('',(-21.,-3.10714285713857,-5.));
#9665=CARTESIAN_POINT('',(-21.,1.03571428571434,-5.));
#9666=CARTESIAN_POINT('',(-21.,-3.10714285713857,-5.));
#9667=CARTESIAN_POINT('',(1.08749999999895,-20.,-5.));
#9668=CARTESIAN_POINT('',(-21.,1.03571428571434,-5.));
#9669=CARTESIAN_POINT('',(-3.26250000008957,-20.,-5.));
#9670=CARTESIAN_POINT('',(1.08749999999895,-20.,-5.));
#9671=CARTESIAN_POINT('',(-3.26250000008957,-20.,-5.));
#9672=CARTESIAN_POINT('Origin',(-3.26250000008957,-20.,0.));
#9673=CARTESIAN_POINT('',(-3.26250000008957,-20.,0.));
#9674=CARTESIAN_POINT('',(-21.,-3.10714285713857,0.));
#9675=CARTESIAN_POINT('',(-3.26250000008957,-20.,0.));
#9676=CARTESIAN_POINT('',(-21.,-3.10714285713857,0.));
#9677=CARTESIAN_POINT('',(-3.26250000008957,-20.,0.));
#9678=CARTESIAN_POINT('Origin',(1.08749999999895,-20.,0.));
#9679=CARTESIAN_POINT('',(1.08749999999895,-20.,0.));
#9680=CARTESIAN_POINT('',(1.08749999999895,-20.,0.));
#9681=CARTESIAN_POINT('',(1.08749999999895,-20.,0.));
#9682=CARTESIAN_POINT('Origin',(-21.,1.03571428571434,0.));
#9683=CARTESIAN_POINT('',(-21.,1.03571428571434,0.));
#9684=CARTESIAN_POINT('',(-21.,1.03571428571434,0.));
#9685=CARTESIAN_POINT('',(-21.,1.03571428571434,0.));
#9686=CARTESIAN_POINT('Origin',(-21.,-3.10714285713857,0.));
#9687=CARTESIAN_POINT('',(-21.,-3.10714285713857,0.));
#9688=CARTESIAN_POINT('Origin',(-9.95625000000053,-9.48214285714283,0.));
#9689=CARTESIAN_POINT('Origin',(-4.44089209850063E-15,-4.44089209850063E-15,
-5.));
#9690=CARTESIAN_POINT('',(-18.825,20.,-5.));
#9691=CARTESIAN_POINT('',(21.,-17.9285714285714,-5.));
#9692=CARTESIAN_POINT('',(-18.825,20.,-5.));
#9693=CARTESIAN_POINT('',(21.,-20.,-5.));
#9694=CARTESIAN_POINT('',(21.,-17.9285714285714,-5.));
#9695=CARTESIAN_POINT('',(18.825,-20.,-5.));
#9696=CARTESIAN_POINT('',(21.,-20.,-5.));
#9697=CARTESIAN_POINT('',(-21.,17.9285714285714,-5.));
#9698=CARTESIAN_POINT('',(18.825,-20.,-5.));
#9699=CARTESIAN_POINT('',(-21.,20.,-5.));
#9700=CARTESIAN_POINT('',(-21.,17.9285714285714,-5.));
#9701=CARTESIAN_POINT('',(-21.,20.,-5.));
#9702=CARTESIAN_POINT('Origin',(-21.,20.,0.));
#9703=CARTESIAN_POINT('',(-21.,20.,0.));
#9704=CARTESIAN_POINT('',(-18.825,20.,0.));
#9705=CARTESIAN_POINT('',(-21.,20.,0.));
#9706=CARTESIAN_POINT('',(-18.825,20.,0.));
#9707=CARTESIAN_POINT('',(-21.,20.,0.));
#9708=CARTESIAN_POINT('Origin',(-21.,17.9285714285714,0.));
#9709=CARTESIAN_POINT('',(-21.,17.9285714285714,0.));
#9710=CARTESIAN_POINT('',(-21.,17.9285714285714,0.));
#9711=CARTESIAN_POINT('',(-21.,17.9285714285714,0.));
#9712=CARTESIAN_POINT('Origin',(18.825,-20.,0.));
#9713=CARTESIAN_POINT('',(18.825,-20.,0.));
#9714=CARTESIAN_POINT('',(18.825,-20.,0.));
#9715=CARTESIAN_POINT('',(18.825,-20.,0.));
#9716=CARTESIAN_POINT('Origin',(21.,-20.,0.));
#9717=CARTESIAN_POINT('',(21.,-20.,0.));
#9718=CARTESIAN_POINT('',(21.,-20.,0.));
#9719=CARTESIAN_POINT('',(21.,-20.,0.));
#9720=CARTESIAN_POINT('Origin',(21.,-17.9285714285714,0.));
#9721=CARTESIAN_POINT('',(21.,-17.9285714285714,0.));
#9722=CARTESIAN_POINT('',(21.,-17.9285714285714,0.));
#9723=CARTESIAN_POINT('',(21.,-17.9285714285714,0.));
#9724=CARTESIAN_POINT('Origin',(-18.825,20.,0.));
#9725=CARTESIAN_POINT('',(-18.825,20.,0.));
#9726=CARTESIAN_POINT('Origin',(-4.44089209850063E-15,-4.44089209850063E-15,
0.));
#9727=CARTESIAN_POINT('Origin',(15.478125,14.7410714285714,-5.));
#9728=CARTESIAN_POINT('',(9.95625,20.,-5.));
#9729=CARTESIAN_POINT('',(14.30625,20.,-5.));
#9730=CARTESIAN_POINT('',(9.95625,20.,-5.));
#9731=CARTESIAN_POINT('',(21.,13.625,-5.));
#9732=CARTESIAN_POINT('',(14.30625,20.,-5.));
#9733=CARTESIAN_POINT('',(21.,9.48214285714286,-5.));
#9734=CARTESIAN_POINT('',(21.,13.625,-5.));
#9735=CARTESIAN_POINT('',(21.,9.48214285714286,-5.));
#9736=CARTESIAN_POINT('Origin',(21.,9.48214285714286,0.));
#9737=CARTESIAN_POINT('',(21.,9.48214285714286,0.));
#9738=CARTESIAN_POINT('',(9.95625,20.,0.));
#9739=CARTESIAN_POINT('',(21.,9.48214285714286,0.));
#9740=CARTESIAN_POINT('',(9.95625,20.,0.));
#9741=CARTESIAN_POINT('',(21.,9.48214285714286,0.));
#9742=CARTESIAN_POINT('Origin',(21.,13.625,0.));
#9743=CARTESIAN_POINT('',(21.,13.625,0.));
#9744=CARTESIAN_POINT('',(21.,13.625,0.));
#9745=CARTESIAN_POINT('',(21.,13.625,0.));
#9746=CARTESIAN_POINT('Origin',(14.30625,20.,0.));
#9747=CARTESIAN_POINT('',(14.30625,20.,0.));
#9748=CARTESIAN_POINT('',(14.30625,20.,0.));
#9749=CARTESIAN_POINT('',(14.30625,20.,0.));
#9750=CARTESIAN_POINT('Origin',(9.95625,20.,0.));
#9751=CARTESIAN_POINT('',(9.95625,20.,0.));
#9752=CARTESIAN_POINT('Origin',(15.478125,14.7410714285714,0.));
#9753=CARTESIAN_POINT('Origin',(-4.43437499999998,-4.22321428571428,-5.));
#9754=CARTESIAN_POINT('',(-21.,7.41071428571411,-5.));
#9755=CARTESIAN_POINT('',(-21.,11.5535714285714,-5.));
#9756=CARTESIAN_POINT('',(-21.,7.41071428571411,-5.));
#9757=CARTESIAN_POINT('',(12.13125,-20.,-5.));
#9758=CARTESIAN_POINT('',(-21.,11.5535714285714,-5.));
#9759=CARTESIAN_POINT('',(7.78125000000295,-20.,-5.));
#9760=CARTESIAN_POINT('',(12.13125,-20.,-5.));
#9761=CARTESIAN_POINT('',(7.78125000000295,-20.,-5.));
#9762=CARTESIAN_POINT('Origin',(7.78125000000295,-20.,0.));
#9763=CARTESIAN_POINT('',(7.78125000000295,-20.,0.));
#9764=CARTESIAN_POINT('',(-21.,7.41071428571411,0.));
#9765=CARTESIAN_POINT('',(7.78125000000295,-20.,0.));
#9766=CARTESIAN_POINT('',(-21.,7.41071428571411,0.));
#9767=CARTESIAN_POINT('',(7.78125000000295,-20.,0.));
#9768=CARTESIAN_POINT('Origin',(12.13125,-20.,0.));
#9769=CARTESIAN_POINT('',(12.13125,-20.,0.));
#9770=CARTESIAN_POINT('',(12.13125,-20.,0.));
#9771=CARTESIAN_POINT('',(12.13125,-20.,0.));
#9772=CARTESIAN_POINT('Origin',(-21.,11.5535714285714,0.));
#9773=CARTESIAN_POINT('',(-21.,11.5535714285714,0.));
#9774=CARTESIAN_POINT('',(-21.,11.5535714285714,0.));
#9775=CARTESIAN_POINT('',(-21.,11.5535714285714,0.));
#9776=CARTESIAN_POINT('Origin',(-21.,7.41071428571411,0.));
#9777=CARTESIAN_POINT('',(-21.,7.41071428571411,0.));
#9778=CARTESIAN_POINT('Origin',(-4.43437499999998,-4.22321428571428,0.));
#9779=UNCERTAINTY_MEASURE_WITH_UNIT(LENGTH_MEASURE(0.01),#9783,
'DISTANCE_ACCURACY_VALUE',
'Maximum model space distance between geometric entities at asserted c
onnectivities');
#9780=UNCERTAINTY_MEASURE_WITH_UNIT(LENGTH_MEASURE(0.01),#9783,
'DISTANCE_ACCURACY_VALUE',
'Maximum model space distance between geometric entities at asserted c
onnectivities');
#9781=(
GEOMETRIC_REPRESENTATION_CONTEXT(3)
GLOBAL_UNCERTAINTY_ASSIGNED_CONTEXT((#9779))
GLOBAL_UNIT_ASSIGNED_CONTEXT((#9783,#9785,#9786))
REPRESENTATION_CONTEXT('','3D')
);
#9782=(
GEOMETRIC_REPRESENTATION_CONTEXT(3)
GLOBAL_UNCERTAINTY_ASSIGNED_CONTEXT((#9780))
GLOBAL_UNIT_ASSIGNED_CONTEXT((#9783,#9785,#9786))
REPRESENTATION_CONTEXT('','3D')
);
#9783=(
LENGTH_UNIT()
NAMED_UNIT(*)
SI_UNIT(.MILLI.,.METRE.)
);
#9784=(
LENGTH_UNIT()
NAMED_UNIT(*)
SI_UNIT($,.METRE.)
);
#9785=(
NAMED_UNIT(*)
PLANE_ANGLE_UNIT()
SI_UNIT($,.RADIAN.)
);
#9786=(
NAMED_UNIT(*)
SI_UNIT($,.STERADIAN.)
SOLID_ANGLE_UNIT()
);
#9787=SHAPE_DEFINITION_REPRESENTATION(#9788,#9789);
#9788=PRODUCT_DEFINITION_SHAPE('',$,#9791);
#9789=SHAPE_REPRESENTATION('',(#5863),#9781);
#9790=PRODUCT_DEFINITION_CONTEXT('part definition',#9795,'design');
#9791=PRODUCT_DEFINITION('2026-06-02-09-09-26-531','Case',#9792,#9790);
#9792=PRODUCT_DEFINITION_FORMATION('',$,#9797);
#9793=PRODUCT_RELATED_PRODUCT_CATEGORY('Case','Case',(#9797));
#9794=APPLICATION_PROTOCOL_DEFINITION('international standard',
'automotive_design',2009,#9795);
#9795=APPLICATION_CONTEXT(
'Core Data for Automotive Mechanical Design Process');
#9796=PRODUCT_CONTEXT('part definition',#9795,'mechanical');
#9797=PRODUCT('2026-06-02-09-09-26-531','Case',$,(#9796));
#9798=PRESENTATION_STYLE_ASSIGNMENT((#9801));
#9799=PRESENTATION_STYLE_ASSIGNMENT((#9802));
#9800=PRESENTATION_STYLE_ASSIGNMENT((#9803));
#9801=SURFACE_STYLE_USAGE(.BOTH.,#9804);
#9802=SURFACE_STYLE_USAGE(.BOTH.,#9805);
#9803=SURFACE_STYLE_USAGE(.BOTH.,#9806);
#9804=SURFACE_SIDE_STYLE('',(#9807));
#9805=SURFACE_SIDE_STYLE('',(#9808));
#9806=SURFACE_SIDE_STYLE('',(#9809));
#9807=SURFACE_STYLE_FILL_AREA(#9810);
#9808=SURFACE_STYLE_FILL_AREA(#9811);
#9809=SURFACE_STYLE_FILL_AREA(#9812);
#9810=FILL_AREA_STYLE('Steel - Satin',(#9813));
#9811=FILL_AREA_STYLE('Plastic - Matte (Gray)',(#9814));
#9812=FILL_AREA_STYLE('Plastic - Matte (Red)',(#9815));
#9813=FILL_AREA_STYLE_COLOUR('Steel - Satin',#9816);
#9814=FILL_AREA_STYLE_COLOUR('Plastic - Matte (Gray)',#9817);
#9815=FILL_AREA_STYLE_COLOUR('Plastic - Matte (Red)',#9818);
#9816=COLOUR_RGB('Steel - Satin',0.627450980392157,0.627450980392157,0.627450980392157);
#9817=COLOUR_RGB('Plastic - Matte (Gray)',0.701960784313725,0.701960784313725,
0.701960784313725);
#9818=COLOUR_RGB('Plastic - Matte (Red)',0.768627450980392,0.207843137254902,
0.152941176470588);
ENDSEC;
END-ISO-10303-21;
